timestamp,bar_index,event_type,direction,price
2026-01-01T02:00:00+00:00,2,LIQUIDITY_SWEEP,bearish,88050.0
2026-01-01T03:00:00+00:00,3,MSS,bearish,87895.37
2026-01-01T04:00:00+00:00,4,MSS,bearish,87832.09
2026-01-01T04:00:00+00:00,4,FVG,bearish,87895.37
2026-01-01T05:00:00+00:00,5,FVG,bearish,87832.09
2026-01-01T07:00:00+00:00,7,MSS,bearish,87636.29
2026-01-01T08:00:00+00:00,8,RETEST,bearish,87770.9
2026-01-01T12:00:00+00:00,12,LIQUIDITY_SWEEP,bearish,88024.64
2026-01-01T13:00:00+00:00,13,MSS,bearish,87925.28
2026-01-01T14:00:00+00:00,14,LIQUIDITY_SWEEP,bullish,87860.66
2026-01-01T15:00:00+00:00,15,MSS,bullish,87970.59
2026-01-01T16:00:00+00:00,16,LIQUIDITY_SWEEP,bullish,87916.39
2026-01-01T17:00:00+00:00,17,MSS,bullish,88048.7
2026-01-01T18:00:00+00:00,18,FVG,bullish,88048.7
2026-01-01T19:00:00+00:00,19,LIQUIDITY_SWEEP,bullish,88105.08
2026-01-01T19:00:00+00:00,19,MSS,bullish,88364.0
2026-01-01T19:00:00+00:00,19,RETEST,bullish,88391.15
2026-01-01T21:00:00+00:00,21,LIQUIDITY_SWEEP,bearish,88391.16
2026-01-02T01:00:00+00:00,25,LIQUIDITY_SWEEP,bullish,88594.39
2026-01-02T02:00:00+00:00,26,LIQUIDITY_SWEEP,bullish,88525.73
2026-01-02T03:00:00+00:00,27,MSS,bullish,88665.1
2026-01-02T05:00:00+00:00,29,LIQUIDITY_SWEEP,bullish,88629.0
2026-01-02T06:00:00+00:00,30,MSS,bullish,88787.56
2026-01-02T07:00:00+00:00,31,FVG,bullish,88787.56
2026-01-02T08:00:00+00:00,32,LIQUIDITY_SWEEP,bullish,88794.01
2026-01-02T08:00:00+00:00,32,MSS,bullish,89068.62
2026-01-02T08:00:00+00:00,32,RETEST,bullish,89178.13
2026-01-02T09:00:00+00:00,33,MSS,bullish,89200.0
2026-01-02T09:00:00+00:00,33,FVG,bullish,89068.62
2026-01-02T10:00:00+00:00,34,MSS,bullish,89484.06
2026-01-02T10:00:00+00:00,34,FVG,bullish,89200.0
2026-01-02T11:00:00+00:00,35,LIQUIDITY_SWEEP,bullish,89451.34
2026-01-02T11:00:00+00:00,35,RETEST,bullish,89502.95
2026-01-02T13:00:00+00:00,37,LIQUIDITY_SWEEP,bearish,89593.17
2026-01-02T13:00:00+00:00,37,MSS,bearish,89387.01
2026-01-02T14:00:00+00:00,38,LIQUIDITY_SWEEP,bullish,89309.94
2026-01-02T16:00:00+00:00,40,MSS,bullish,89888.0
2026-01-02T17:00:00+00:00,41,LIQUIDITY_SWEEP,bearish,90800.0
2026-01-02T18:00:00+00:00,42,MSS,bearish,90185.43
2026-01-02T19:00:00+00:00,43,FVG,bearish,90185.43
2026-01-02T20:00:00+00:00,44,LIQUIDITY_SWEEP,bullish,89650.0
2026-01-02T21:00:00+00:00,45,LIQUIDITY_SWEEP,bearish,90075.0
2026-01-02T21:00:00+00:00,45,RETEST,bearish,90065.8
2026-01-02T23:00:00+00:00,47,MSS,bearish,90026.54
2026-01-03T04:00:00+00:00,52,LIQUIDITY_SWEEP,bearish,90376.49
2026-01-03T04:00:00+00:00,52,MSS,bearish,90200.0
2026-01-03T05:00:00+00:00,53,MSS,bearish,90053.53
2026-01-03T05:00:00+00:00,53,FVG,bearish,90200.0
2026-01-03T06:00:00+00:00,54,MSS,bearish,89924.48
2026-01-03T07:00:00+00:00,55,MSS,bearish,89850.1
2026-01-03T08:00:00+00:00,56,FVG,bearish,89850.1
2026-01-03T09:00:00+00:00,57,LIQUIDITY_SWEEP,bearish,89831.9
2026-01-03T09:00:00+00:00,57,RETEST,bearish,89791.99
2026-01-03T11:00:00+00:00,59,LIQUIDITY_SWEEP,bullish,89715.21
2026-01-03T12:00:00+00:00,60,LIQUIDITY_SWEEP,bullish,89679.14
2026-01-03T12:00:00+00:00,60,MSS,bullish,89782.81
2026-01-03T13:00:00+00:00,61,LIQUIDITY_SWEEP,bearish,90046.0
2026-01-03T16:00:00+00:00,64,LIQUIDITY_SWEEP,bullish,89968.0
2026-01-03T18:00:00+00:00,66,MSS,bullish,90123.77
2026-01-03T20:00:00+00:00,68,LIQUIDITY_SWEEP,bullish,90060.0
2026-01-03T20:00:00+00:00,68,MSS,bullish,90156.19
2026-01-03T21:00:00+00:00,69,MSS,bullish,90372.4
2026-01-03T21:00:00+00:00,69,FVG,bullish,90156.19
2026-01-03T22:00:00+00:00,70,FVG,bullish,90372.4
2026-01-03T23:00:00+00:00,71,LIQUIDITY_SWEEP,bullish,90497.52
2026-01-03T23:00:00+00:00,71,RETEST,bullish,90628.01
2026-01-04T00:00:00+00:00,72,MSS,bullish,90700.0
2026-01-04T01:00:00+00:00,73,FVG,bullish,90700.0
2026-01-04T03:00:00+00:00,75,LIQUIDITY_SWEEP,bearish,91292.0
2026-01-04T06:00:00+00:00,78,LIQUIDITY_SWEEP,bearish,91490.68
2026-01-04T06:00:00+00:00,78,MSS,bearish,91348.31
2026-01-04T07:00:00+00:00,79,LIQUIDITY_SWEEP,bullish,91237.54
2026-01-04T08:00:00+00:00,80,LIQUIDITY_SWEEP,bullish,91211.25
2026-01-04T10:00:00+00:00,82,MSS,bullish,91485.21
2026-01-04T13:00:00+00:00,85,LIQUIDITY_SWEEP,bullish,91084.0
2026-01-04T14:00:00+00:00,86,MSS,bullish,91276.94
2026-01-04T15:00:00+00:00,87,LIQUIDITY_SWEEP,bullish,91146.86
2026-01-04T16:00:00+00:00,88,LIQUIDITY_SWEEP,bearish,91381.6
2026-01-04T18:00:00+00:00,90,MSS,bearish,91306.77
2026-01-04T18:00:00+00:00,90,RETEST,bullish,91205.39
2026-01-04T19:00:00+00:00,91,LIQUIDITY_SWEEP,bullish,91000.0
2026-01-04T20:00:00+00:00,92,MSS,bullish,91205.39
2026-01-04T21:00:00+00:00,93,LIQUIDITY_SWEEP,bearish,91349.38
2026-01-04T22:00:00+00:00,94,LIQUIDITY_SWEEP,bullish,91182.71
2026-01-04T23:00:00+00:00,95,MSS,bullish,91401.98
2026-01-05T00:00:00+00:00,96,MSS,bullish,91590.0
2026-01-05T00:00:00+00:00,96,FVG,bullish,91401.98
2026-01-05T01:00:00+00:00,97,MSS,bullish,92426.82
2026-01-05T01:00:00+00:00,97,FVG,bullish,91590.0
2026-01-05T02:00:00+00:00,98,FVG,bullish,92426.82
2026-01-05T03:00:00+00:00,99,LIQUIDITY_SWEEP,bearish,93157.99
2026-01-05T04:00:00+00:00,100,MSS,bearish,92871.26
2026-01-05T04:00:00+00:00,100,RETEST,bullish,92595.07
2026-01-05T05:00:00+00:00,101,FVG,bearish,92871.26
2026-01-05T06:00:00+00:00,102,LIQUIDITY_SWEEP,bullish,92340.39
2026-01-05T07:00:00+00:00,103,MSS,bullish,92500.0
2026-01-05T08:00:00+00:00,104,LIQUIDITY_SWEEP,bearish,92644.31
2026-01-05T08:00:00+00:00,104,MSS,bearish,92484.72
2026-01-05T08:00:00+00:00,104,RETEST,bearish,92467.53
2026-01-05T09:00:00+00:00,105,LIQUIDITY_SWEEP,bullish,92446.0
2026-01-05T10:00:00+00:00,106,MSS,bullish,92845.53
2026-01-05T11:00:00+00:00,107,FVG,bullish,92845.53
2026-01-05T12:00:00+00:00,108,LIQUIDITY_SWEEP,bearish,93151.0
2026-01-05T12:00:00+00:00,108,MSS,bearish,92883.03
2026-01-05T12:00:00+00:00,108,RETEST,bullish,92874.28
2026-01-05T13:00:00+00:00,109,MSS,bearish,92752.6
2026-01-05T14:00:00+00:00,110,LIQUIDITY_SWEEP,bullish,92535.41
2026-01-05T14:00:00+00:00,110,MSS,bullish,93020.0
2026-01-05T15:00:00+00:00,111,MSS,bullish,93666.0
2026-01-05T15:00:00+00:00,111,FVG,bullish,93020.0
2026-01-05T16:00:00+00:00,112,LIQUIDITY_SWEEP,bearish,94000.0
2026-01-05T17:00:00+00:00,113,LIQUIDITY_SWEEP,bullish,93586.65
2026-01-05T17:00:00+00:00,113,MSS,bullish,94076.35
2026-01-05T18:00:00+00:00,114,LIQUIDITY_SWEEP,bearish,94477.69
2026-01-05T20:00:00+00:00,116,LIQUIDITY_SWEEP,bullish,94131.44
2026-01-05T21:00:00+00:00,117,LIQUIDITY_SWEEP,bullish,94038.0
2026-01-05T22:00:00+00:00,118,LIQUIDITY_SWEEP,bearish,94227.4
2026-01-05T23:00:00+00:00,119,MSS,bearish,94012.3
2026-01-06T00:00:00+00:00,120,MSS,bearish,93859.7
2026-01-06T00:00:00+00:00,120,FVG,bearish,94012.3
2026-01-06T01:00:00+00:00,121,LIQUIDITY_SWEEP,bearish,93993.07
2026-01-06T01:00:00+00:00,121,RETEST,bearish,93771.82
2026-01-06T02:00:00+00:00,122,MSS,bearish,93739.37
2026-01-06T03:00:00+00:00,123,LIQUIDITY_SWEEP,bearish,93870.66
2026-01-06T04:00:00+00:00,124,LIQUIDITY_SWEEP,bearish,93943.88
2026-01-06T05:00:00+00:00,125,MSS,bearish,93734.25
2026-01-06T06:00:00+00:00,126,LIQUIDITY_SWEEP,bullish,93572.11
2026-01-06T09:00:00+00:00,129,MSS,bullish,93420.11
2026-01-06T10:00:00+00:00,130,MSS,bullish,93569.61
2026-01-06T11:00:00+00:00,131,MSS,bullish,93654.49
2026-01-06T11:00:00+00:00,131,FVG,bullish,93569.61
2026-01-06T12:00:00+00:00,132,LIQUIDITY_SWEEP,bearish,93895.0
2026-01-06T13:00:00+00:00,133,MSS,bearish,93784.3
2026-01-06T14:00:00+00:00,134,LIQUIDITY_SWEEP,bullish,93636.75
2026-01-06T14:00:00+00:00,134,RETEST,bullish,93836.81
2026-01-06T15:00:00+00:00,135,LIQUIDITY_SWEEP,bullish,93531.28
2026-01-06T18:00:00+00:00,138,LIQUIDITY_SWEEP,bullish,91539.68
2026-01-06T19:00:00+00:00,139,LIQUIDITY_SWEEP,bearish,92221.52
2026-01-07T00:00:00+00:00,144,MSS,bearish,93333.32
2026-01-07T01:00:00+00:00,145,MSS,bearish,92626.31
2026-01-07T01:00:00+00:00,145,FVG,bearish,93333.32
2026-01-07T02:00:00+00:00,146,LIQUIDITY_SWEEP,bullish,92330.33
2026-01-07T02:00:00+00:00,146,MSS,bullish,92902.52
2026-01-07T02:00:00+00:00,146,RETEST,bearish,92949.77
2026-01-07T03:00:00+00:00,147,LIQUIDITY_SWEEP,bearish,93060.0
2026-01-07T04:00:00+00:00,148,MSS,bearish,92747.12
2026-01-07T05:00:00+00:00,149,MSS,bearish,92610.0
2026-01-07T06:00:00+00:00,150,LIQUIDITY_SWEEP,bearish,92847.16
2026-01-07T08:00:00+00:00,152,LIQUIDITY_SWEEP,bearish,92895.56
2026-01-07T09:00:00+00:00,153,MSS,bearish,92698.09
2026-01-07T10:00:00+00:00,154,FVG,bearish,92698.09
2026-01-07T11:00:00+00:00,155,RETEST,bearish,92087.21
2026-01-07T13:00:00+00:00,157,LIQUIDITY_SWEEP,bullish,91977.73
2026-01-07T14:00:00+00:00,158,LIQUIDITY_SWEEP,bullish,91864.52
2026-01-07T17:00:00+00:00,161,LIQUIDITY_SWEEP,bullish,91150.0
2026-01-07T19:00:00+00:00,163,LIQUIDITY_SWEEP,bullish,90733.14
2026-01-07T20:00:00+00:00,164,LIQUIDITY_SWEEP,bearish,91280.07
2026-01-07T22:00:00+00:00,166,LIQUIDITY_SWEEP,bullish,91035.77
2026-01-07T23:00:00+00:00,167,LIQUIDITY_SWEEP,bearish,91383.14
2026-01-08T00:00:00+00:00,168,LIQUIDITY_SWEEP,bearish,91489.6
2026-01-08T01:00:00+00:00,169,LIQUIDITY_SWEEP,bearish,91529.72
2026-01-08T02:00:00+00:00,170,MSS,bearish,91300.0
2026-01-08T03:00:00+00:00,171,LIQUIDITY_SWEEP,bullish,90764.0
2026-01-08T04:00:00+00:00,172,LIQUIDITY_SWEEP,bearish,91142.51
2026-01-08T05:00:00+00:00,173,LIQUIDITY_SWEEP,bearish,91168.0
2026-01-08T06:00:00+00:00,174,MSS,bearish,90786.14
2026-01-08T07:00:00+00:00,175,LIQUIDITY_SWEEP,bullish,89897.01
2026-01-08T08:00:00+00:00,176,LIQUIDITY_SWEEP,bearish,90588.0
2026-01-08T09:00:00+00:00,177,MSS,bearish,90155.05
2026-01-08T10:00:00+00:00,178,LIQUIDITY_SWEEP,bullish,89956.0
2026-01-08T10:00:00+00:00,178,MSS,bullish,90374.78
2026-01-08T14:00:00+00:00,182,LIQUIDITY_SWEEP,bullish,89861.59
2026-01-08T15:00:00+00:00,183,MSS,bullish,90171.0
2026-01-08T16:00:00+00:00,184,MSS,bullish,90847.52
2026-01-08T16:00:00+00:00,184,FVG,bullish,90171.0
2026-01-08T17:00:00+00:00,185,MSS,bullish,90926.84
2026-01-08T18:00:00+00:00,186,LIQUIDITY_SWEEP,bearish,91440.0
2026-01-08T19:00:00+00:00,187,MSS,bearish,90952.0
2026-01-08T20:00:00+00:00,188,LIQUIDITY_SWEEP,bullish,90812.98
2026-01-08T21:00:00+00:00,189,MSS,bullish,90996.02
2026-01-08T22:00:00+00:00,190,LIQUIDITY_SWEEP,bearish,91336.63
2026-01-09T01:00:00+00:00,193,LIQUIDITY_SWEEP,bearish,91307.72
2026-01-09T01:00:00+00:00,193,MSS,bearish,91058.7
2026-01-09T03:00:00+00:00,195,LIQUIDITY_SWEEP,bullish,91023.0
2026-01-09T04:00:00+00:00,196,LIQUIDITY_SWEEP,bullish,90941.44
2026-01-09T05:00:00+00:00,197,LIQUIDITY_SWEEP,bullish,90933.3
2026-01-09T06:00:00+00:00,198,MSS,bullish,91119.81
2026-01-09T09:00:00+00:00,201,RETEST,bullish,90338.46
2026-01-09T10:00:00+00:00,202,MSS,bullish,90481.2
2026-01-09T11:00:00+00:00,203,LIQUIDITY_SWEEP,bearish,90558.01
2026-01-09T12:00:00+00:00,204,LIQUIDITY_SWEEP,bullish,90404.21
2026-01-09T13:00:00+00:00,205,MSS,bullish,90603.53
2026-01-09T15:00:00+00:00,207,LIQUIDITY_SWEEP,bullish,89940.0
2026-01-09T15:00:00+00:00,207,MSS,bullish,90666.91
2026-01-09T16:00:00+00:00,208,FVG,bullish,90666.91
2026-01-09T17:00:00+00:00,209,LIQUIDITY_SWEEP,bullish,91175.79
2026-01-09T17:00:00+00:00,209,RETEST,bullish,91422.23
2026-01-09T21:00:00+00:00,213,LIQUIDITY_SWEEP,bullish,90235.0
2026-01-09T22:00:00+00:00,214,LIQUIDITY_SWEEP,bearish,90643.81
2026-01-09T23:00:00+00:00,215,LIQUIDITY_SWEEP,bearish,90723.06
2026-01-10T00:00:00+00:00,216,MSS,bearish,90604.58
2026-01-10T01:00:00+00:00,217,LIQUIDITY_SWEEP,bearish,90693.89
2026-01-10T02:00:00+00:00,218,LIQUIDITY_SWEEP,bearish,90732.2
2026-01-10T03:00:00+00:00,219,LIQUIDITY_SWEEP,bullish,90607.02
2026-01-10T07:00:00+00:00,223,MSS,bullish,90603.53
2026-01-10T08:00:00+00:00,224,LIQUIDITY_SWEEP,bearish,90682.7
2026-01-10T11:00:00+00:00,227,MSS,bearish,90728.45
2026-01-10T12:00:00+00:00,228,LIQUIDITY_SWEEP,bullish,90708.25
2026-01-10T15:00:00+00:00,231,MSS,bullish,90658.69
2026-01-10T16:00:00+00:00,232,MSS,bullish,90665.76
2026-01-10T17:00:00+00:00,233,LIQUIDITY_SWEEP,bearish,90725.74
2026-01-10T17:00:00+00:00,233,MSS,bearish,90609.56
2026-01-10T18:00:00+00:00,234,LIQUIDITY_SWEEP,bullish,90544.96
2026-01-10T19:00:00+00:00,235,MSS,bullish,90595.63
2026-01-10T20:00:00+00:00,236,LIQUIDITY_SWEEP,bearish,90631.37
2026-01-10T20:00:00+00:00,236,MSS,bearish,90580.61
2026-01-10T21:00:00+00:00,237,MSS,bearish,90571.0
2026-01-10T21:00:00+00:00,237,FVG,bearish,90580.61
2026-01-10T22:00:00+00:00,238,LIQUIDITY_SWEEP,bearish,90572.86
2026-01-10T22:00:00+00:00,238,MSS,bearish,90500.38
2026-01-10T22:00:00+00:00,238,RETEST,bearish,90427.76
2026-01-11T01:00:00+00:00,241,LIQUIDITY_SWEEP,bearish,90650.75
2026-01-11T05:00:00+00:00,245,LIQUIDITY_SWEEP,bearish,90785.48
2026-01-11T06:00:00+00:00,246,LIQUIDITY_SWEEP,bullish,90740.0
2026-01-11T08:00:00+00:00,248,LIQUIDITY_SWEEP,bullish,90675.52
2026-01-11T08:00:00+00:00,248,MSS,bullish,90749.0
2026-01-11T11:00:00+00:00,251,MSS,bullish,90740.02
2026-01-11T12:00:00+00:00,252,MSS,bullish,90756.0
2026-01-11T13:00:00+00:00,253,FVG,bullish,90756.0
2026-01-11T14:00:00+00:00,254,MSS,bullish,90972.33
2026-01-11T15:00:00+00:00,255,LIQUIDITY_SWEEP,bullish,90849.45
2026-01-11T15:00:00+00:00,255,RETEST,bullish,90875.79
2026-01-11T16:00:00+00:00,256,LIQUIDITY_SWEEP,bearish,91153.99
2026-01-11T18:00:00+00:00,258,MSS,bearish,90904.07
2026-01-11T19:00:00+00:00,259,MSS,bearish,90793.43
2026-01-11T20:00:00+00:00,260,LIQUIDITY_SWEEP,bullish,90673.3
2026-01-11T21:00:00+00:00,261,MSS,bullish,90743.72
2026-01-11T23:00:00+00:00,263,LIQUIDITY_SWEEP,bullish,90453.36
2026-01-11T23:00:00+00:00,263,MSS,bullish,90757.07
2026-01-12T00:00:00+00:00,264,MSS,bullish,91041.79
2026-01-12T01:00:00+00:00,265,MSS,bullish,91258.66
2026-01-12T01:00:00+00:00,265,FVG,bullish,91041.79
2026-01-12T02:00:00+00:00,266,MSS,bullish,91799.0
2026-01-12T02:00:00+00:00,266,FVG,bullish,91258.66
2026-01-12T03:00:00+00:00,267,LIQUIDITY_SWEEP,bearish,92384.4
2026-01-12T04:00:00+00:00,268,LIQUIDITY_SWEEP,bullish,91808.11
2026-01-12T11:00:00+00:00,275,LIQUIDITY_SWEEP,bearish,90793.18
2026-01-12T12:00:00+00:00,276,LIQUIDITY_SWEEP,bearish,90824.86
2026-01-12T13:00:00+00:00,277,LIQUIDITY_SWEEP,bullish,90615.66
2026-01-12T14:00:00+00:00,278,LIQUIDITY_SWEEP,bullish,90538.0
2026-01-12T14:00:00+00:00,278,MSS,bullish,90829.73
2026-01-12T15:00:00+00:00,279,MSS,bullish,91131.39
2026-01-12T15:00:00+00:00,279,RETEST,bullish,91665.0
2026-01-12T16:00:00+00:00,280,MSS,bullish,91665.0
2026-01-12T16:00:00+00:00,280,FVG,bullish,91131.39
2026-01-12T17:00:00+00:00,281,RETEST,bullish,91522.83
2026-01-12T20:00:00+00:00,284,LIQUIDITY_SWEEP,bullish,91434.8
2026-01-13T00:00:00+00:00,288,MSS,bullish,91311.68
2026-01-13T03:00:00+00:00,291,MSS,bullish,91382.82
2026-01-13T04:00:00+00:00,292,MSS,bullish,91453.45
2026-01-13T05:00:00+00:00,293,MSS,bullish,91650.81
2026-01-13T05:00:00+00:00,293,FVG,bullish,91453.45
2026-01-13T06:00:00+00:00,294,LIQUIDITY_SWEEP,bearish,92255.94
2026-01-13T08:00:00+00:00,296,LIQUIDITY_SWEEP,bearish,92212.48
2026-01-13T11:00:00+00:00,299,MSS,bearish,92021.15
2026-01-13T12:00:00+00:00,300,LIQUIDITY_SWEEP,bullish,91972.44
2026-01-13T13:00:00+00:00,301,LIQUIDITY_SWEEP,bearish,92153.84
2026-01-13T14:00:00+00:00,302,LIQUIDITY_SWEEP,bullish,91978.66
2026-01-13T15:00:00+00:00,303,MSS,bullish,92915.12
2026-01-13T16:00:00+00:00,304,LIQUIDITY_SWEEP,bearish,93450.0
2026-01-13T21:00:00+00:00,309,LIQUIDITY_SWEEP,bearish,94500.0
2026-01-13T21:00:00+00:00,309,MSS,bearish,94113.13
2026-01-14T01:00:00+00:00,313,LIQUIDITY_SWEEP,bullish,95154.04
2026-01-14T03:00:00+00:00,315,MSS,bullish,95562.0
2026-01-14T04:00:00+00:00,316,LIQUIDITY_SWEEP,bearish,95722.01
2026-01-14T04:00:00+00:00,316,MSS,bearish,95285.5
2026-01-14T05:00:00+00:00,317,MSS,bearish,95224.44
2026-01-14T05:00:00+00:00,317,FVG,bearish,95285.5
2026-01-14T06:00:00+00:00,318,LIQUIDITY_SWEEP,bullish,94972.0
2026-01-14T07:00:00+00:00,319,MSS,bullish,95028.88
2026-01-14T08:00:00+00:00,320,LIQUIDITY_SWEEP,bearish,95233.99
2026-01-14T08:00:00+00:00,320,RETEST,bearish,94900.01
2026-01-14T09:00:00+00:00,321,LIQUIDITY_SWEEP,bullish,94900.0
2026-01-14T10:00:00+00:00,322,LIQUIDITY_SWEEP,bearish,95186.51
2026-01-14T11:00:00+00:00,323,MSS,bearish,94888.0
2026-01-14T12:00:00+00:00,324,LIQUIDITY_SWEEP,bullish,94737.95
2026-01-14T13:00:00+00:00,325,LIQUIDITY_SWEEP,bearish,95154.78
2026-01-14T15:00:00+00:00,327,LIQUIDITY_SWEEP,bearish,96827.0
2026-01-14T17:00:00+00:00,329,LIQUIDITY_SWEEP,bearish,97693.66
2026-01-14T18:00:00+00:00,330,LIQUIDITY_SWEEP,bullish,96800.0
2026-01-14T19:00:00+00:00,331,MSS,bullish,97110.0
2026-01-14T20:00:00+00:00,332,MSS,bullish,97640.68
2026-01-14T20:00:00+00:00,332,FVG,bullish,97110.0
2026-01-15T02:00:00+00:00,338,LIQUIDITY_SWEEP,bullish,96297.32
2026-01-15T05:00:00+00:00,341,MSS,bullish,96387.42
2026-01-15T06:00:00+00:00,342,LIQUIDITY_SWEEP,bearish,96510.57
2026-01-15T06:00:00+00:00,342,MSS,bearish,96247.64
2026-01-15T11:00:00+00:00,347,MSS,bearish,96750.0
2026-01-15T12:00:00+00:00,348,LIQUIDITY_SWEEP,bullish,96580.03
2026-01-15T12:00:00+00:00,348,MSS,bullish,96935.39
2026-01-15T13:00:00+00:00,349,LIQUIDITY_SWEEP,bearish,96994.65
2026-01-15T14:00:00+00:00,350,LIQUIDITY_SWEEP,bearish,97032.99
2026-01-15T14:00:00+00:00,350,MSS,bearish,96620.12
2026-01-15T15:00:00+00:00,351,LIQUIDITY_SWEEP,bullish,95592.69
2026-01-15T16:00:00+00:00,352,LIQUIDITY_SWEEP,bearish,96791.67
2026-01-15T17:00:00+00:00,353,LIQUIDITY_SWEEP,bearish,96969.99
2026-01-15T18:00:00+00:00,354,MSS,bearish,96426.18
2026-01-15T19:00:00+00:00,355,MSS,bearish,95745.25
2026-01-15T19:00:00+00:00,355,FVG,bearish,96426.18
2026-01-15T20:00:00+00:00,356,LIQUIDITY_SWEEP,bullish,95183.13
2026-01-15T22:00:00+00:00,358,LIQUIDITY_SWEEP,bearish,95631.08
2026-01-15T23:00:00+00:00,359,LIQUIDITY_SWEEP,bullish,95488.91
2026-01-16T00:00:00+00:00,360,LIQUIDITY_SWEEP,bearish,95718.31
2026-01-16T01:00:00+00:00,361,LIQUIDITY_SWEEP,bullish,95570.96
2026-01-16T02:00:00+00:00,362,LIQUIDITY_SWEEP,bullish,95420.75
2026-01-16T05:00:00+00:00,365,MSS,bullish,95582.41
2026-01-16T06:00:00+00:00,366,MSS,bullish,95676.73
2026-01-16T07:00:00+00:00,367,LIQUIDITY_SWEEP,bullish,95534.0
2026-01-16T08:00:00+00:00,368,LIQUIDITY_SWEEP,bearish,95788.34
2026-01-16T10:00:00+00:00,370,MSS,bearish,95601.5
2026-01-16T11:00:00+00:00,371,LIQUIDITY_SWEEP,bullish,95280.51
2026-01-16T12:00:00+00:00,372,LIQUIDITY_SWEEP,bearish,95470.0
2026-01-16T13:00:00+00:00,373,LIQUIDITY_SWEEP,bullish,95353.5
2026-01-16T14:00:00+00:00,374,LIQUIDITY_SWEEP,bearish,95579.0
2026-01-16T14:00:00+00:00,374,MSS,bearish,95288.05
2026-01-16T15:00:00+00:00,375,MSS,bearish,95192.35
2026-01-16T16:00:00+00:00,376,FVG,bearish,95192.35
2026-01-16T17:00:00+00:00,377,RETEST,bearish,95076.08
2026-01-16T18:00:00+00:00,378,LIQUIDITY_SWEEP,bearish,95130.49
2026-01-16T19:00:00+00:00,379,LIQUIDITY_SWEEP,bullish,94960.04
2026-01-16T20:00:00+00:00,380,LIQUIDITY_SWEEP,bullish,94841.31
2026-01-16T20:00:00+00:00,380,MSS,bullish,95055.31
2026-01-16T21:00:00+00:00,381,LIQUIDITY_SWEEP,bearish,95561.5
2026-01-16T22:00:00+00:00,382,LIQUIDITY_SWEEP,bullish,95359.69
2026-01-16T23:00:00+00:00,383,LIQUIDITY_SWEEP,bearish,95574.0
2026-01-17T00:00:00+00:00,384,LIQUIDITY_SWEEP,bearish,95577.89
2026-01-17T01:00:00+00:00,385,MSS,bearish,95433.94
2026-01-17T02:00:00+00:00,386,MSS,bearish,95384.86
2026-01-17T02:00:00+00:00,386,FVG,bearish,95433.94
2026-01-17T04:00:00+00:00,388,LIQUIDITY_SWEEP,bullish,95270.79
2026-01-17T05:00:00+00:00,389,LIQUIDITY_SWEEP,bearish,95372.95
2026-01-17T06:00:00+00:00,390,MSS,bearish,95275.05
2026-01-17T07:00:00+00:00,391,MSS,bearish,95186.29
2026-01-17T07:00:00+00:00,391,FVG,bearish,95275.05
2026-01-17T08:00:00+00:00,392,LIQUIDITY_SWEEP,bullish,95041.7
2026-01-17T08:00:00+00:00,392,MSS,bullish,95240.08
2026-01-17T08:00:00+00:00,392,RETEST,bearish,95247.51
2026-01-17T11:00:00+00:00,395,LIQUIDITY_SWEEP,bullish,95116.47
2026-01-17T11:00:00+00:00,395,MSS,bullish,95271.21
2026-01-17T12:00:00+00:00,396,LIQUIDITY_SWEEP,bearish,95323.86
2026-01-17T13:00:00+00:00,397,LIQUIDITY_SWEEP,bullish,95243.63
2026-01-17T13:00:00+00:00,397,MSS,bullish,95412.84
2026-01-17T14:00:00+00:00,398,MSS,bullish,95438.33
2026-01-17T15:00:00+00:00,399,MSS,bullish,95544.07
2026-01-17T18:00:00+00:00,402,LIQUIDITY_SWEEP,bearish,95440.8
2026-01-17T19:00:00+00:00,403,MSS,bearish,95346.0
2026-01-17T21:00:00+00:00,405,LIQUIDITY_SWEEP,bullish,95291.36
2026-01-18T00:00:00+00:00,408,LIQUIDITY_SWEEP,bearish,95208.96
2026-01-18T00:00:00+00:00,408,MSS,bearish,95123.79
2026-01-18T01:00:00+00:00,409,MSS,bearish,95067.83
2026-01-18T01:00:00+00:00,409,FVG,bearish,95123.79
2026-01-18T04:00:00+00:00,412,RETEST,bearish,95095.68
2026-01-18T05:00:00+00:00,413,LIQUIDITY_SWEEP,bullish,95075.3
2026-01-18T08:00:00+00:00,416,LIQUIDITY_SWEEP,bullish,95028.27
2026-01-18T08:00:00+00:00,416,MSS,bullish,95183.3
2026-01-18T09:00:00+00:00,417,MSS,bullish,95195.0
2026-01-18T10:00:00+00:00,418,LIQUIDITY_SWEEP,bullish,95149.18
2026-01-18T11:00:00+00:00,419,LIQUIDITY_SWEEP,bullish,95088.0
2026-01-18T13:00:00+00:00,421,LIQUIDITY_SWEEP,bullish,95081.32
2026-01-18T14:00:00+00:00,422,LIQUIDITY_SWEEP,bearish,95205.4
2026-01-18T15:00:00+00:00,423,LIQUIDITY_SWEEP,bullish,94928.51
2026-01-18T16:00:00+00:00,424,MSS,bullish,95125.47
2026-01-18T17:00:00+00:00,425,MSS,bullish,95186.3
2026-01-18T17:00:00+00:00,425,FVG,bullish,95125.47
2026-01-18T18:00:00+00:00,426,MSS,bullish,95280.24
2026-01-18T19:00:00+00:00,427,FVG,bullish,95280.24
2026-01-18T20:00:00+00:00,428,RETEST,bullish,95304.01
2026-01-18T21:00:00+00:00,429,LIQUIDITY_SWEEP,bullish,95285.2
2026-01-18T22:00:00+00:00,430,MSS,bullish,95430.45
2026-01-19T03:00:00+00:00,435,MSS,bullish,92672.0
2026-01-19T05:00:00+00:00,437,LIQUIDITY_SWEEP,bearish,92748.32
2026-01-19T06:00:00+00:00,438,LIQUIDITY_SWEEP,bullish,92504.24
2026-01-19T07:00:00+00:00,439,MSS,bullish,92629.26
2026-01-19T08:00:00+00:00,440,MSS,bullish,92861.41
2026-01-19T08:00:00+00:00,440,FVG,bullish,92629.26
2026-01-19T09:00:00+00:00,441,FVG,bullish,92861.41
2026-01-19T10:00:00+00:00,442,LIQUIDITY_SWEEP,bullish,92950.0
2026-01-19T10:00:00+00:00,442,RETEST,bullish,93064.88
2026-01-19T11:00:00+00:00,443,MSS,bullish,93081.3
2026-01-19T13:00:00+00:00,445,LIQUIDITY_SWEEP,bullish,92979.48
2026-01-19T14:00:00+00:00,446,LIQUIDITY_SWEEP,bullish,92807.34
2026-01-19T15:00:00+00:00,447,MSS,bullish,93039.6
2026-01-19T16:00:00+00:00,448,MSS,bullish,93081.0
2026-01-19T17:00:00+00:00,449,FVG,bullish,93081.0
2026-01-19T19:00:00+00:00,451,RETEST,bullish,93105.85
2026-01-19T20:00:00+00:00,452,LIQUIDITY_SWEEP,bearish,93154.32
2026-01-19T21:00:00+00:00,453,LIQUIDITY_SWEEP,bearish,93274.82
2026-01-19T21:00:00+00:00,453,MSS,bearish,93084.15
2026-01-19T22:00:00+00:00,454,MSS,bearish,93000.03
2026-01-19T22:00:00+00:00,454,FVG,bearish,93084.15
2026-01-19T23:00:00+00:00,455,LIQUIDITY_SWEEP,bullish,92565.78
2026-01-20T00:00:00+00:00,456,LIQUIDITY_SWEEP,bearish,92750.0
2026-01-20T02:00:00+00:00,458,LIQUIDITY_SWEEP,bullish,92525.8
2026-01-20T03:00:00+00:00,459,LIQUIDITY_SWEEP,bullish,92370.68
2026-01-20T08:00:00+00:00,464,LIQUIDITY_SWEEP,bullish,90862.83
2026-01-20T10:00:00+00:00,466,MSS,bullish,91116.0
2026-01-20T11:00:00+00:00,467,LIQUIDITY_SWEEP,bearish,91294.11
2026-01-20T12:00:00+00:00,468,LIQUIDITY_SWEEP,bullish,91214.36
2026-01-20T14:00:00+00:00,470,LIQUIDITY_SWEEP,bearish,91289.64
2026-01-20T14:00:00+00:00,470,MSS,bearish,90777.0
2026-01-20T15:00:00+00:00,471,LIQUIDITY_SWEEP,bullish,90272.53
2026-01-20T16:00:00+00:00,472,LIQUIDITY_SWEEP,bearish,90808.04
2026-01-20T17:00:00+00:00,473,MSS,bearish,90023.99
2026-01-20T18:00:00+00:00,474,LIQUIDITY_SWEEP,bullish,89431.1
2026-01-20T19:00:00+00:00,475,LIQUIDITY_SWEEP,bullish,89395.07
2026-01-20T20:00:00+00:00,476,LIQUIDITY_SWEEP,bearish,89795.45
2026-01-20T22:00:00+00:00,478,MSS,bearish,89428.0
2026-01-20T23:00:00+00:00,479,LIQUIDITY_SWEEP,bullish,87900.0
2026-01-21T00:00:00+00:00,480,MSS,bullish,88534.21
2026-01-21T01:00:00+00:00,481,MSS,bullish,88982.0
2026-01-21T01:00:00+00:00,481,FVG,bullish,88534.21
2026-01-21T02:00:00+00:00,482,LIQUIDITY_SWEEP,bearish,89165.2
2026-01-21T04:00:00+00:00,484,LIQUIDITY_SWEEP,bearish,89598.8
2026-01-21T07:00:00+00:00,487,MSS,bearish,89491.96
2026-01-21T08:00:00+00:00,488,LIQUIDITY_SWEEP,bullish,89093.28
2026-01-21T09:00:00+00:00,489,LIQUIDITY_SWEEP,bearish,89385.4
2026-01-21T11:00:00+00:00,491,MSS,bearish,89080.0
2026-01-21T11:00:00+00:00,491,RETEST,bullish,88789.99
2026-01-21T12:00:00+00:00,492,LIQUIDITY_SWEEP,bullish,88700.0
2026-01-21T13:00:00+00:00,493,LIQUIDITY_SWEEP,bearish,88849.39
2026-01-21T16:00:00+00:00,496,MSS,bearish,89759.59
2026-01-21T17:00:00+00:00,497,LIQUIDITY_SWEEP,bullish,87590.0
2026-01-21T18:00:00+00:00,498,MSS,bullish,88156.47
2026-01-21T19:00:00+00:00,499,MSS,bullish,88657.23
2026-01-21T19:00:00+00:00,499,FVG,bullish,88156.47
2026-01-21T20:00:00+00:00,500,FVG,bullish,88657.23
2026-01-21T22:00:00+00:00,502,LIQUIDITY_SWEEP,bearish,90339.58
2026-01-21T22:00:00+00:00,502,MSS,bearish,89950.36
2026-01-21T23:00:00+00:00,503,MSS,bearish,89752.38
2026-01-21T23:00:00+00:00,503,RETEST,bullish,89454.73
2026-01-22T02:00:00+00:00,506,LIQUIDITY_SWEEP,bearish,90198.51
2026-01-22T03:00:00+00:00,507,LIQUIDITY_SWEEP,bullish,89851.03
2026-01-22T06:00:00+00:00,510,LIQUIDITY_SWEEP,bullish,89928.09
2026-01-22T06:00:00+00:00,510,MSS,bullish,90075.8
2026-01-22T08:00:00+00:00,512,LIQUIDITY_SWEEP,bullish,89802.0
2026-01-22T09:00:00+00:00,513,MSS,bullish,89968.28
2026-01-22T11:00:00+00:00,515,LIQUIDITY_SWEEP,bearish,90101.83
2026-01-22T11:00:00+00:00,515,MSS,bearish,89960.0
2026-01-22T12:00:00+00:00,516,LIQUIDITY_SWEEP,bullish,89897.87
2026-01-22T13:00:00+00:00,517,LIQUIDITY_SWEEP,bearish,90099.99
2026-01-22T13:00:00+00:00,517,MSS,bearish,89873.09
2026-01-22T14:00:00+00:00,518,MSS,bearish,89478.92
2026-01-22T14:00:00+00:00,518,FVG,bearish,89873.09
2026-01-22T15:00:00+00:00,519,MSS,bearish,89039.78
2026-01-22T15:00:00+00:00,519,FVG,bearish,89478.92
2026-01-22T18:00:00+00:00,522,LIQUIDITY_SWEEP,bearish,89616.04
2026-01-22T18:00:00+00:00,522,RETEST,bearish,89333.94
2026-01-22T19:00:00+00:00,523,LIQUIDITY_SWEEP,bullish,89301.9
2026-01-22T20:00:00+00:00,524,LIQUIDITY_SWEEP,bearish,89924.46
2026-01-22T21:00:00+00:00,525,MSS,bearish,89398.87
2026-01-22T22:00:00+00:00,526,LIQUIDITY_SWEEP,bullish,89238.32
2026-01-22T23:00:00+00:00,527,LIQUIDITY_SWEEP,bearish,89566.0
2026-01-23T00:00:00+00:00,528,LIQUIDITY_SWEEP,bearish,89583.62
2026-01-23T02:00:00+00:00,530,LIQUIDITY_SWEEP,bearish,89939.39
2026-01-23T03:00:00+00:00,531,LIQUIDITY_SWEEP,bullish,89655.41
2026-01-23T04:00:00+00:00,532,MSS,bullish,89924.78
2026-01-23T06:00:00+00:00,534,LIQUIDITY_SWEEP,bullish,89473.99
2026-01-23T10:00:00+00:00,538,LIQUIDITY_SWEEP,bullish,88897.81
2026-01-23T11:00:00+00:00,539,MSS,bullish,89160.74
2026-01-23T12:00:00+00:00,540,LIQUIDITY_SWEEP,bearish,89355.51
2026-01-23T13:00:00+00:00,541,LIQUIDITY_SWEEP,bearish,89383.09
2026-01-23T14:00:00+00:00,542,LIQUIDITY_SWEEP,bearish,89450.18
2026-01-23T14:00:00+00:00,542,MSS,bearish,89237.65
2026-01-23T15:00:00+00:00,543,LIQUIDITY_SWEEP,bullish,88663.65
2026-01-23T15:00:00+00:00,543,MSS,bullish,89733.71
2026-01-23T16:00:00+00:00,544,MSS,bullish,89865.53
2026-01-23T17:00:00+00:00,545,MSS,bullish,90490.06
2026-01-23T17:00:00+00:00,545,FVG,bullish,89865.53
2026-01-23T19:00:00+00:00,547,RETEST,bullish,89982.79
2026-01-23T22:00:00+00:00,550,LIQUIDITY_SWEEP,bearish,89691.18
2026-01-24T00:00:00+00:00,552,MSS,bearish,89472.13
2026-01-24T06:00:00+00:00,558,MSS,bearish,89751.21
2026-01-24T07:00:00+00:00,559,LIQUIDITY_SWEEP,bullish,89602.22
2026-01-24T10:00:00+00:00,562,LIQUIDITY_SWEEP,bullish,89600.0
2026-01-24T11:00:00+00:00,563,LIQUIDITY_SWEEP,bearish,89654.79
2026-01-24T12:00:00+00:00,564,MSS,bearish,89595.4
2026-01-24T13:00:00+00:00,565,MSS,bearish,89486.87
2026-01-24T13:00:00+00:00,565,FVG,bearish,89595.4
2026-01-24T14:00:00+00:00,566,LIQUIDITY_SWEEP,bullish,89368.21
2026-01-24T16:00:00+00:00,568,LIQUIDITY_SWEEP,bullish,89263.64
2026-01-24T17:00:00+00:00,569,MSS,bullish,89369.79
2026-01-24T18:00:00+00:00,570,LIQUIDITY_SWEEP,bearish,89414.38
2026-01-24T19:00:00+00:00,571,MSS,bearish,89382.05
2026-01-24T20:00:00+00:00,572,LIQUIDITY_SWEEP,bearish,89395.23
2026-01-24T21:00:00+00:00,573,LIQUIDITY_SWEEP,bullish,89331.35
2026-01-24T22:00:00+00:00,574,MSS,bullish,89386.61
2026-01-25T00:00:00+00:00,576,LIQUIDITY_SWEEP,bullish,89215.59
2026-01-25T01:00:00+00:00,577,LIQUIDITY_SWEEP,bearish,89315.18
2026-01-25T01:00:00+00:00,577,MSS,bearish,89183.49
2026-01-25T03:00:00+00:00,579,MSS,bearish,89129.62
2026-01-25T04:00:00+00:00,580,FVG,bearish,89129.62
2026-01-25T05:00:00+00:00,581,LIQUIDITY_SWEEP,bullish,88941.03
2026-01-25T07:00:00+00:00,583,LIQUIDITY_SWEEP,bullish,88649.98
2026-01-25T10:00:00+00:00,586,MSS,bullish,88488.0
2026-01-25T11:00:00+00:00,587,LIQUIDITY_SWEEP,bearish,88671.27
2026-01-25T12:00:00+00:00,588,LIQUIDITY_SWEEP,bullish,88536.11
2026-01-25T12:00:00+00:00,588,MSS,bullish,88710.0
2026-01-25T13:00:00+00:00,589,MSS,bullish,88800.0
2026-01-25T14:00:00+00:00,590,LIQUIDITY_SWEEP,bullish,88650.98
2026-01-25T21:00:00+00:00,597,LIQUIDITY_SWEEP,bearish,86718.75
2026-01-25T22:00:00+00:00,598,LIQUIDITY_SWEEP,bullish,86400.0
2026-01-25T23:00:00+00:00,599,LIQUIDITY_SWEEP,bullish,86217.32
2026-01-26T00:00:00+00:00,600,MSS,bullish,86791.91
2026-01-26T01:00:00+00:00,601,MSS,bullish,87167.84
2026-01-26T01:00:00+00:00,601,FVG,bullish,86791.91
2026-01-26T02:00:00+00:00,602,LIQUIDITY_SWEEP,bearish,87809.99
2026-01-26T03:00:00+00:00,603,MSS,bearish,87435.18
2026-01-26T05:00:00+00:00,605,LIQUIDITY_SWEEP,bearish,87953.0
2026-01-26T06:00:00+00:00,606,LIQUIDITY_SWEEP,bearish,87956.27
2026-01-26T07:00:00+00:00,607,LIQUIDITY_SWEEP,bullish,87764.0
2026-01-26T08:00:00+00:00,608,LIQUIDITY_SWEEP,bearish,88074.48
2026-01-26T09:00:00+00:00,609,MSS,bearish,87846.89
2026-01-26T11:00:00+00:00,611,LIQUIDITY_SWEEP,bearish,87950.0
2026-01-26T12:00:00+00:00,612,LIQUIDITY_SWEEP,bullish,87765.99
2026-01-26T13:00:00+00:00,613,LIQUIDITY_SWEEP,bullish,87735.38
2026-01-26T14:00:00+00:00,614,LIQUIDITY_SWEEP,bullish,87681.4
2026-01-26T14:00:00+00:00,614,MSS,bullish,88048.0
2026-01-26T15:00:00+00:00,615,LIQUIDITY_SWEEP,bullish,87450.08
2026-01-26T16:00:00+00:00,616,LIQUIDITY_SWEEP,bullish,87325.03
2026-01-26T17:00:00+00:00,617,LIQUIDITY_SWEEP,bullish,87206.0
2026-01-26T18:00:00+00:00,618,MSS,bullish,87789.47
2026-01-26T19:00:00+00:00,619,LIQUIDITY_SWEEP,bearish,88403.73
2026-01-26T20:00:00+00:00,620,MSS,bearish,87950.0
2026-01-26T21:00:00+00:00,621,LIQUIDITY_SWEEP,bearish,88118.0
2026-01-26T22:00:00+00:00,622,LIQUIDITY_SWEEP,bearish,88238.29
2026-01-27T01:00:00+00:00,625,LIQUIDITY_SWEEP,bullish,88200.0
2026-01-27T01:00:00+00:00,625,MSS,bullish,88457.3
2026-01-27T02:00:00+00:00,626,MSS,bullish,88700.0
2026-01-27T02:00:00+00:00,626,FVG,bullish,88457.3
2026-01-27T03:00:00+00:00,627,LIQUIDITY_SWEEP,bearish,88858.96
2026-01-27T04:00:00+00:00,628,LIQUIDITY_SWEEP,bearish,88898.0
2026-01-27T04:00:00+00:00,628,MSS,bearish,88582.57
2026-01-27T04:00:00+00:00,628,RETEST,bullish,88579.58
2026-01-27T05:00:00+00:00,629,MSS,bearish,88511.88
2026-01-27T06:00:00+00:00,630,MSS,bearish,88399.99
2026-01-27T07:00:00+00:00,631,LIQUIDITY_SWEEP,bearish,88522.86
2026-01-27T08:00:00+00:00,632,MSS,bearish,88312.6
2026-01-27T09:00:00+00:00,633,MSS,bearish,88120.04
2026-01-27T09:00:00+00:00,633,FVG,bearish,88312.6
2026-01-27T10:00:00+00:00,634,MSS,bearish,87868.0
2026-01-27T10:00:00+00:00,634,FVG,bearish,88120.04
2026-01-27T11:00:00+00:00,635,LIQUIDITY_SWEEP,bullish,87743.84
2026-01-27T11:00:00+00:00,635,RETEST,bearish,87992.74
2026-01-27T12:00:00+00:00,636,LIQUIDITY_SWEEP,bearish,88093.19
2026-01-27T13:00:00+00:00,637,LIQUIDITY_SWEEP,bullish,87955.98
2026-01-27T14:00:00+00:00,638,LIQUIDITY_SWEEP,bearish,88076.82
2026-01-27T14:00:00+00:00,638,MSS,bearish,87799.2
2026-01-27T15:00:00+00:00,639,LIQUIDITY_SWEEP,bullish,87659.23
2026-01-27T16:00:00+00:00,640,MSS,bullish,88189.44
2026-01-27T19:00:00+00:00,643,LIQUIDITY_SWEEP,bearish,88510.15
2026-01-27T21:00:00+00:00,645,LIQUIDITY_SWEEP,bearish,89497.19
2026-01-27T23:00:00+00:00,647,LIQUIDITY_SWEEP,bearish,89421.91
2026-01-28T01:00:00+00:00,649,LIQUIDITY_SWEEP,bearish,89468.01
2026-01-28T02:00:00+00:00,650,LIQUIDITY_SWEEP,bullish,89196.87
2026-01-28T03:00:00+00:00,651,LIQUIDITY_SWEEP,bullish,89100.01
2026-01-28T06:00:00+00:00,654,MSS,bullish,89105.56
2026-01-28T09:00:00+00:00,657,MSS,bullish,89258.02
2026-01-28T10:00:00+00:00,658,LIQUIDITY_SWEEP,bearish,89567.26
2026-01-28T11:00:00+00:00,659,LIQUIDITY_SWEEP,bullish,89330.22
2026-01-28T11:00:00+00:00,659,MSS,bullish,89703.87
2026-01-28T12:00:00+00:00,660,LIQUIDITY_SWEEP,bearish,90156.72
2026-01-28T14:00:00+00:00,662,MSS,bearish,89969.42
2026-01-28T15:00:00+00:00,663,LIQUIDITY_SWEEP,bullish,89460.01
2026-01-28T17:00:00+00:00,665,MSS,bullish,89830.0
2026-01-28T19:00:00+00:00,667,LIQUIDITY_SWEEP,bullish,89312.88
2026-01-28T20:00:00+00:00,668,LIQUIDITY_SWEEP,bearish,89719.58
2026-01-28T21:00:00+00:00,669,LIQUIDITY_SWEEP,bullish,89010.0
2026-01-29T04:00:00+00:00,676,MSS,bullish,88265.39
2026-01-29T05:00:00+00:00,677,LIQUIDITY_SWEEP,bearish,88345.66
2026-01-29T08:00:00+00:00,680,LIQUIDITY_SWEEP,bearish,88430.05
2026-01-29T08:00:00+00:00,680,MSS,bearish,88250.0
2026-01-29T09:00:00+00:00,681,MSS,bearish,87907.8
2026-01-29T09:00:00+00:00,681,FVG,bearish,88250.0
2026-01-29T10:00:00+00:00,682,LIQUIDITY_SWEEP,bullish,87892.0
2026-01-29T11:00:00+00:00,683,LIQUIDITY_SWEEP,bullish,87832.18
2026-01-29T12:00:00+00:00,684,MSS,bullish,88066.94
2026-01-29T13:00:00+00:00,685,LIQUIDITY_SWEEP,bearish,88121.29
2026-01-29T13:00:00+00:00,685,RETEST,bearish,88052.88
2026-01-29T14:00:00+00:00,686,MSS,bearish,87951.67
2026-01-29T15:00:00+00:00,687,MSS,bearish,87008.0
2026-01-29T15:00:00+00:00,687,FVG,bearish,87951.67
2026-01-29T16:00:00+00:00,688,LIQUIDITY_SWEEP,bullish,84366.56
2026-01-29T17:00:00+00:00,689,LIQUIDITY_SWEEP,bearish,85392.2
2026-01-29T17:00:00+00:00,689,MSS,bearish,84268.17
2026-01-29T18:00:00+00:00,690,MSS,bearish,84012.78
2026-01-29T19:00:00+00:00,691,LIQUIDITY_SWEEP,bullish,83415.0
2026-01-29T20:00:00+00:00,692,LIQUIDITY_SWEEP,bearish,84334.97
2026-01-30T00:00:00+00:00,696,MSS,bearish,84445.7
2026-01-30T01:00:00+00:00,697,MSS,bearish,84100.0
2026-01-30T01:00:00+00:00,697,FVG,bearish,84445.7
2026-01-30T02:00:00+00:00,698,FVG,bearish,84100.0
2026-01-30T03:00:00+00:00,699,RETEST,bearish,82676.43
2026-01-30T06:00:00+00:00,702,MSS,bearish,82903.23
2026-01-30T07:00:00+00:00,703,LIQUIDITY_SWEEP,bearish,82919.21
2026-01-30T08:00:00+00:00,704,LIQUIDITY_SWEEP,bullish,82483.27
2026-01-30T10:00:00+00:00,706,LIQUIDITY_SWEEP,bearish,82834.19
2026-01-30T12:00:00+00:00,708,LIQUIDITY_SWEEP,bullish,82682.15
2026-01-30T13:00:00+00:00,709,LIQUIDITY_SWEEP,bullish,82650.0
2026-01-30T14:00:00+00:00,710,MSS,bullish,83087.34
2026-01-30T15:00:00+00:00,711,LIQUIDITY_SWEEP,bullish,82738.68
2026-01-30T18:00:00+00:00,714,LIQUIDITY_SWEEP,bullish,82641.6
2026-01-30T18:00:00+00:00,714,MSS,bullish,83475.8
2026-01-30T19:00:00+00:00,715,MSS,bullish,84160.0
2026-01-30T19:00:00+00:00,715,FVG,bullish,83475.8
2026-01-30T20:00:00+00:00,716,RETEST,bullish,83906.34
2026-01-30T21:00:00+00:00,717,LIQUIDITY_SWEEP,bearish,84299.99
2026-01-31T01:00:00+00:00,721,MSS,bearish,84014.01
2026-01-31T02:00:00+00:00,722,LIQUIDITY_SWEEP,bullish,83908.0
2026-01-31T03:00:00+00:00,723,LIQUIDITY_SWEEP,bearish,84183.42
2026-01-31T04:00:00+00:00,724,MSS,bearish,84022.69
2026-01-31T05:00:00+00:00,725,LIQUIDITY_SWEEP,bullish,83941.43
2026-01-31T11:00:00+00:00,731,LIQUIDITY_SWEEP,bullish,82917.32
2026-01-31T13:00:00+00:00,733,LIQUIDITY_SWEEP,bullish,82720.0
2026-01-31T14:00:00+00:00,734,LIQUIDITY_SWEEP,bearish,82919.29
2026-01-31T14:00:00+00:00,734,MSS,bearish,82478.59
2026-01-31T15:00:00+00:00,735,FVG,bearish,82478.59
2026-01-31T16:00:00+00:00,736,LIQUIDITY_SWEEP,bearish,81789.68
2026-01-31T16:00:00+00:00,736,MSS,bearish,81088.0
2026-01-31T16:00:00+00:00,736,RETEST,bearish,80365.04
2026-01-31T17:00:00+00:00,737,MSS,bearish,80098.01
2026-01-31T17:00:00+00:00,737,FVG,bearish,81088.0
2026-01-31T18:00:00+00:00,738,MSS,bearish,78159.9
2026-01-31T18:00:00+00:00,738,FVG,bearish,80098.01
2026-01-31T20:00:00+00:00,740,LIQUIDITY_SWEEP,bullish,77194.0
2026-01-31T21:00:00+00:00,741,MSS,bullish,78141.95
2026-01-31T22:00:00+00:00,742,LIQUIDITY_SWEEP,bearish,78365.02
2026-01-31T23:00:00+00:00,743,RETEST,bearish,78741.09
2026-02-01T00:00:00+00:00,744,LIQUIDITY_SWEEP,bearish,79240.0
2026-02-01T01:00:00+00:00,745,MSS,bearish,78644.09
2026-02-01T02:00:00+00:00,746,LIQUIDITY_SWEEP,bearish,78943.62
2026-02-01T04:00:00+00:00,748,LIQUIDITY_SWEEP,bearish,79008.36
2026-02-01T05:00:00+00:00,749,MSS,bearish,78720.97
2026-02-01T06:00:00+00:00,750,MSS,bearish,78527.13
2026-02-01T07:00:00+00:00,751,LIQUIDITY_SWEEP,bullish,78266.63
2026-02-01T08:00:00+00:00,752,LIQUIDITY_SWEEP,bearish,78724.01
2026-02-01T10:00:00+00:00,754,LIQUIDITY_SWEEP,bearish,79136.1
2026-02-01T10:00:00+00:00,754,MSS,bearish,78551.15
2026-02-01T12:00:00+00:00,756,LIQUIDITY_SWEEP,bullish,78279.72
2026-02-01T13:00:00+00:00,757,LIQUIDITY_SWEEP,bullish,78244.0
2026-02-01T14:00:00+00:00,758,LIQUIDITY_SWEEP,bullish,78203.21
2026-02-01T15:00:00+00:00,759,LIQUIDITY_SWEEP,bullish,77236.68
2026-02-01T18:00:00+00:00,762,MSS,bullish,77748.0
2026-02-01T20:00:00+00:00,764,LIQUIDITY_SWEEP,bullish,77000.01
2026-02-01T22:00:00+00:00,766,MSS,bullish,77161.26
2026-02-01T23:00:00+00:00,767,LIQUIDITY_SWEEP,bullish,76456.78
2026-02-02T00:00:00+00:00,768,MSS,bullish,77610.72
2026-02-02T04:00:00+00:00,772,LIQUIDITY_SWEEP,bearish,76575.93
2026-02-02T05:00:00+00:00,773,LIQUIDITY_SWEEP,bullish,75335.9
2026-02-02T06:00:00+00:00,774,MSS,bullish,75999.99
2026-02-02T07:00:00+00:00,775,LIQUIDITY_SWEEP,bearish,76834.71
2026-02-02T08:00:00+00:00,776,LIQUIDITY_SWEEP,bearish,76958.0
2026-02-02T10:00:00+00:00,778,LIQUIDITY_SWEEP,bearish,77815.0
2026-02-02T11:00:00+00:00,779,LIQUIDITY_SWEEP,bullish,77474.85
2026-02-02T12:00:00+00:00,780,MSS,bullish,77970.62
2026-02-02T13:00:00+00:00,781,LIQUIDITY_SWEEP,bearish,78434.0
2026-02-02T14:00:00+00:00,782,LIQUIDITY_SWEEP,bullish,77800.0
2026-02-02T15:00:00+00:00,783,LIQUIDITY_SWEEP,bullish,77626.44
2026-02-02T22:00:00+00:00,790,MSS,bullish,78552.76
2026-02-02T23:00:00+00:00,791,LIQUIDITY_SWEEP,bearish,78853.35
2026-02-03T00:00:00+00:00,792,LIQUIDITY_SWEEP,bullish,78560.0
2026-02-03T00:00:00+00:00,792,MSS,bullish,78962.78
2026-02-03T01:00:00+00:00,793,LIQUIDITY_SWEEP,bearish,79099.99
2026-02-03T02:00:00+00:00,794,MSS,bearish,78716.79
2026-02-03T03:00:00+00:00,795,LIQUIDITY_SWEEP,bullish,77800.0
2026-02-03T04:00:00+00:00,796,LIQUIDITY_SWEEP,bearish,78907.18
2026-02-03T05:00:00+00:00,797,MSS,bearish,78488.0
2026-02-03T06:00:00+00:00,798,LIQUIDITY_SWEEP,bullish,78218.98
2026-02-03T07:00:00+00:00,799,MSS,bullish,78665.91
2026-02-03T08:00:00+00:00,800,LIQUIDITY_SWEEP,bullish,78488.01
2026-02-03T11:00:00+00:00,803,LIQUIDITY_SWEEP,bullish,78070.0
2026-02-03T12:00:00+00:00,804,LIQUIDITY_SWEEP,bullish,78004.08
2026-02-03T13:00:00+00:00,805,LIQUIDITY_SWEEP,bearish,78416.9
2026-02-03T14:00:00+00:00,806,MSS,bearish,78187.91
2026-02-03T15:00:00+00:00,807,LIQUIDITY_SWEEP,bullish,77156.24
2026-02-03T19:00:00+00:00,811,LIQUIDITY_SWEEP,bullish,73137.66
2026-02-03T20:00:00+00:00,812,MSS,bullish,75291.1
2026-02-03T21:00:00+00:00,813,LIQUIDITY_SWEEP,bearish,76721.25
2026-02-03T22:00:00+00:00,814,MSS,bearish,76124.05
2026-02-03T23:00:00+00:00,815,FVG,bearish,76124.05
2026-02-04T00:00:00+00:00,816,LIQUIDITY_SWEEP,bearish,76000.0
2026-02-04T00:00:00+00:00,816,RETEST,bearish,75910.88
2026-02-04T02:00:00+00:00,818,LIQUIDITY_SWEEP,bullish,75910.88
2026-02-04T03:00:00+00:00,819,MSS,bullish,76610.04
2026-02-04T06:00:00+00:00,822,MSS,bullish,76526.8
2026-02-04T08:00:00+00:00,824,LIQUIDITY_SWEEP,bullish,76335.46
2026-02-04T09:00:00+00:00,825,LIQUIDITY_SWEEP,bullish,76068.69
2026-02-04T18:00:00+00:00,834,LIQUIDITY_SWEEP,bearish,73863.92
2026-02-04T20:00:00+00:00,836,LIQUIDITY_SWEEP,bearish,74007.28
2026-02-04T21:00:00+00:00,837,MSS,bearish,73425.56
2026-02-04T22:00:00+00:00,838,LIQUIDITY_SWEEP,bullish,72210.0
2026-02-05T01:00:00+00:00,841,LIQUIDITY_SWEEP,bearish,73325.6
2026-02-05T01:00:00+00:00,841,MSS,bearish,72754.21
2026-02-05T02:00:00+00:00,842,MSS,bearish,71995.09
2026-02-05T03:00:00+00:00,843,MSS,bearish,71305.55
2026-02-05T03:00:00+00:00,843,FVG,bearish,71995.09
2026-02-05T04:00:00+00:00,844,MSS,bearish,71152.78
2026-02-05T05:00:00+00:00,845,LIQUIDITY_SWEEP,bullish,70701.0
2026-02-05T07:00:00+00:00,847,LIQUIDITY_SWEEP,bearish,70984.62
2026-02-05T09:00:00+00:00,849,RETEST,bearish,71550.0
2026-02-05T10:00:00+00:00,850,MSS,bearish,71049.35
2026-02-05T11:00:00+00:00,851,MSS,bearish,70656.59
2026-02-05T12:00:00+00:00,852,MSS,bearish,69922.0
2026-02-05T12:00:00+00:00,852,FVG,bearish,70656.59
2026-02-05T13:00:00+00:00,853,FVG,bearish,69922.0
2026-02-05T14:00:00+00:00,854,LIQUIDITY_SWEEP,bearish,69831.85
2026-02-05T14:00:00+00:00,854,RETEST,bearish,69404.76
2026-02-05T15:00:00+00:00,855,MSS,bearish,69285.71
2026-02-05T16:00:00+00:00,856,FVG,bearish,69285.71
2026-02-05T17:00:00+00:00,857,MSS,bearish,66955.34
2026-02-05T18:00:00+00:00,858,LIQUIDITY_SWEEP,bullish,66152.0
2026-02-05T19:00:00+00:00,859,LIQUIDITY_SWEEP,bearish,66542.87
2026-02-05T19:00:00+00:00,859,MSS,bearish,65385.0
2026-02-05T20:00:00+00:00,860,MSS,bearish,65200.0
2026-02-05T21:00:00+00:00,861,FVG,bearish,65200.0
2026-02-05T22:00:00+00:00,862,LIQUIDITY_SWEEP,bullish,62888.34
2026-02-05T23:00:00+00:00,863,LIQUIDITY_SWEEP,bearish,64615.88
2026-02-05T23:00:00+00:00,863,RETEST,bearish,62909.86
2026-02-06T00:00:00+00:00,864,LIQUIDITY_SWEEP,bullish,62717.48
2026-02-06T01:00:00+00:00,865,MSS,bullish,63861.87
2026-02-06T02:00:00+00:00,866,LIQUIDITY_SWEEP,bearish,65760.0
2026-02-06T03:00:00+00:00,867,MSS,bearish,64201.28
2026-02-06T07:00:00+00:00,871,MSS,bearish,64856.88
2026-02-06T08:00:00+00:00,872,LIQUIDITY_SWEEP,bullish,64654.11
2026-02-06T09:00:00+00:00,873,MSS,bullish,65206.11
2026-02-06T10:00:00+00:00,874,LIQUIDITY_SWEEP,bearish,66163.0
2026-02-06T15:00:00+00:00,879,LIQUIDITY_SWEEP,bearish,68647.45
2026-02-06T18:00:00+00:00,882,LIQUIDITY_SWEEP,bullish,69593.43
2026-02-06T19:00:00+00:00,883,LIQUIDITY_SWEEP,bearish,70816.0
2026-02-06T20:00:00+00:00,884,LIQUIDITY_SWEEP,bearish,70952.0
2026-02-06T21:00:00+00:00,885,LIQUIDITY_SWEEP,bullish,70000.12
2026-02-06T22:00:00+00:00,886,MSS,bullish,70508.75
2026-02-06T23:00:00+00:00,887,LIQUIDITY_SWEEP,bearish,71577.09
2026-02-07T00:00:00+00:00,888,MSS,bearish,70505.0
2026-02-07T01:00:00+00:00,889,LIQUIDITY_SWEEP,bearish,70600.0
2026-02-07T04:00:00+00:00,892,LIQUIDITY_SWEEP,bearish,70928.75
2026-02-07T05:00:00+00:00,893,MSS,bearish,70604.55
2026-02-07T06:00:00+00:00,894,MSS,bearish,69800.0
2026-02-07T06:00:00+00:00,894,FVG,bearish,70604.55
2026-02-07T07:00:00+00:00,895,MSS,bearish,68757.68
2026-02-07T07:00:00+00:00,895,FVG,bearish,69800.0
2026-02-07T10:00:00+00:00,898,LIQUIDITY_SWEEP,bullish,67885.86
2026-02-07T12:00:00+00:00,900,MSS,bullish,68157.21
2026-02-07T12:00:00+00:00,900,RETEST,bearish,69024.98
2026-02-07T13:00:00+00:00,901,FVG,bullish,68157.21
2026-02-07T14:00:00+00:00,902,RETEST,bullish,68645.99
2026-02-07T15:00:00+00:00,903,LIQUIDITY_SWEEP,bearish,69187.27
2026-02-07T16:00:00+00:00,904,LIQUIDITY_SWEEP,bearish,69762.46
2026-02-07T17:00:00+00:00,905,LIQUIDITY_SWEEP,bullish,68822.51
2026-02-07T18:00:00+00:00,906,MSS,bullish,69408.0
2026-02-07T20:00:00+00:00,908,LIQUIDITY_SWEEP,bullish,69266.66
2026-02-07T20:00:00+00:00,908,MSS,bullish,69577.43
2026-02-07T22:00:00+00:00,910,LIQUIDITY_SWEEP,bullish,69356.16
2026-02-08T01:00:00+00:00,913,LIQUIDITY_SWEEP,bearish,69432.0
2026-02-08T02:00:00+00:00,914,LIQUIDITY_SWEEP,bearish,69500.0
2026-02-08T03:00:00+00:00,915,MSS,bearish,69167.42
2026-02-08T04:00:00+00:00,916,LIQUIDITY_SWEEP,bullish,69069.65
2026-02-08T05:00:00+00:00,917,LIQUIDITY_SWEEP,bearish,69372.06
2026-02-08T06:00:00+00:00,918,LIQUIDITY_SWEEP,bullish,69146.47
2026-02-08T07:00:00+00:00,919,MSS,bullish,69518.56
2026-02-08T08:00:00+00:00,920,MSS,bullish,69719.07
2026-02-08T09:00:00+00:00,921,FVG,bullish,69719.07
2026-02-08T10:00:00+00:00,922,LIQUIDITY_SWEEP,bullish,70094.71
2026-02-08T10:00:00+00:00,922,RETEST,bullish,70266.41
2026-02-08T11:00:00+00:00,923,MSS,bullish,70449.99
2026-02-08T12:00:00+00:00,924,MSS,bullish,71220.0
2026-02-08T12:00:00+00:00,924,FVG,bullish,70449.99
2026-02-08T13:00:00+00:00,925,MSS,bullish,71281.74
2026-02-08T14:00:00+00:00,926,LIQUIDITY_SWEEP,bearish,71517.27
2026-02-08T15:00:00+00:00,927,LIQUIDITY_SWEEP,bullish,71105.0
2026-02-08T17:00:00+00:00,929,RETEST,bullish,70785.99
2026-02-08T18:00:00+00:00,930,MSS,bullish,70871.66
2026-02-08T19:00:00+00:00,931,MSS,bullish,71418.0
2026-02-08T19:00:00+00:00,931,FVG,bullish,70871.66
2026-02-08T22:00:00+00:00,934,RETEST,bullish,71066.09
2026-02-08T23:00:00+00:00,935,LIQUIDITY_SWEEP,bearish,71100.04
2026-02-08T23:00:00+00:00,935,MSS,bearish,70652.11
2026-02-09T01:00:00+00:00,937,LIQUIDITY_SWEEP,bullish,70123.02
2026-02-09T02:00:00+00:00,938,LIQUIDITY_SWEEP,bearish,70926.4
2026-02-09T05:00:00+00:00,941,LIQUIDITY_SWEEP,bullish,70924.13
2026-02-09T12:00:00+00:00,948,MSS,bullish,69022.89
2026-02-09T13:00:00+00:00,949,LIQUIDITY_SWEEP,bearish,69262.91
2026-02-09T13:00:00+00:00,949,MSS,bearish,68857.97
2026-02-09T14:00:00+00:00,950,LIQUIDITY_SWEEP,bullish,68586.48
2026-02-09T15:00:00+00:00,951,LIQUIDITY_SWEEP,bearish,69755.59
2026-02-09T18:00:00+00:00,954,LIQUIDITY_SWEEP,bearish,71000.0
2026-02-09T19:00:00+00:00,955,LIQUIDITY_SWEEP,bearish,71012.0
2026-02-09T20:00:00+00:00,956,LIQUIDITY_SWEEP,bearish,71075.31
2026-02-09T21:00:00+00:00,957,MSS,bearish,70500.0
2026-02-09T23:00:00+00:00,959,MSS,bearish,70271.13
2026-02-10T00:00:00+00:00,960,MSS,bearish,70083.45
2026-02-10T00:00:00+00:00,960,FVG,bearish,70271.13
2026-02-10T02:00:00+00:00,962,RETEST,bearish,70102.89
2026-02-10T03:00:00+00:00,963,MSS,bearish,69982.27
2026-02-10T04:00:00+00:00,964,FVG,bearish,69982.27
2026-02-10T05:00:00+00:00,965,MSS,bearish,69469.58
2026-02-10T06:00:00+00:00,966,MSS,bearish,69210.76
2026-02-10T08:00:00+00:00,968,LIQUIDITY_SWEEP,bullish,68852.43
2026-02-10T09:00:00+00:00,969,LIQUIDITY_SWEEP,bearish,69226.16
2026-02-10T10:00:00+00:00,970,MSS,bearish,68950.0
2026-02-10T11:00:00+00:00,971,MSS,bearish,68921.64
2026-02-10T12:00:00+00:00,972,LIQUIDITY_SWEEP,bullish,68459.89
2026-02-10T13:00:00+00:00,973,LIQUIDITY_SWEEP,bullish,68434.0
2026-02-10T13:00:00+00:00,973,MSS,bullish,68855.35
2026-02-10T14:00:00+00:00,974,LIQUIDITY_SWEEP,bullish,68370.23
2026-02-10T16:00:00+00:00,976,LIQUIDITY_SWEEP,bearish,69519.72
2026-02-10T17:00:00+00:00,977,RETEST,bearish,69925.31
2026-02-10T18:00:00+00:00,978,MSS,bearish,69309.35
2026-02-10T19:00:00+00:00,979,FVG,bearish,69309.35
2026-02-10T20:00:00+00:00,980,LIQUIDITY_SWEEP,bullish,68690.32
2026-02-10T21:00:00+00:00,981,LIQUIDITY_SWEEP,bullish,68629.47
2026-02-10T23:00:00+00:00,983,LIQUIDITY_SWEEP,bullish,68566.8
2026-02-11T00:00:00+00:00,984,MSS,bullish,68860.09
2026-02-11T01:00:00+00:00,985,LIQUIDITY_SWEEP,bearish,69244.45
2026-02-11T02:00:00+00:00,986,MSS,bearish,68914.73
2026-02-11T03:00:00+00:00,987,MSS,bearish,68603.4
2026-02-11T03:00:00+00:00,987,FVG,bearish,68914.73
2026-02-11T04:00:00+00:00,988,MSS,bearish,68011.11
2026-02-11T04:00:00+00:00,988,FVG,bearish,68603.4
2026-02-11T05:00:00+00:00,989,FVG,bearish,68011.11
2026-02-11T06:00:00+00:00,990,MSS,bearish,67397.86
2026-02-11T07:00:00+00:00,991,FVG,bearish,67397.86
2026-02-11T09:00:00+00:00,993,LIQUIDITY_SWEEP,bullish,66793.93
2026-02-11T11:00:00+00:00,995,MSS,bullish,66891.64
2026-02-11T12:00:00+00:00,996,MSS,bullish,67110.77
2026-02-11T12:00:00+00:00,996,FVG,bullish,66891.64
2026-02-11T13:00:00+00:00,997,LIQUIDITY_SWEEP,bullish,66959.67
2026-02-11T13:00:00+00:00,997,MSS,bullish,67424.24
2026-02-11T13:00:00+00:00,997,RETEST,bullish,67454.49
2026-02-11T14:00:00+00:00,998,LIQUIDITY_SWEEP,bearish,67674.3
2026-02-11T14:00:00+00:00,998,MSS,bearish,66799.58
2026-02-11T15:00:00+00:00,999,LIQUIDITY_SWEEP,bullish,66435.62
2026-02-11T16:00:00+00:00,1000,LIQUIDITY_SWEEP,bearish,66818.18
2026-02-11T17:00:00+00:00,1001,LIQUIDITY_SWEEP,bullish,65952.0
2026-02-11T18:00:00+00:00,1002,MSS,bullish,66921.12
2026-02-11T19:00:00+00:00,1003,MSS,bullish,67305.28
2026-02-11T19:00:00+00:00,1003,FVG,bullish,66921.12
2026-02-11T21:00:00+00:00,1005,MSS,bullish,67757.7
2026-02-11T22:00:00+00:00,1006,LIQUIDITY_SWEEP,bullish,67417.04
2026-02-11T23:00:00+00:00,1007,RETEST,bullish,67082.52
2026-02-12T00:00:00+00:00,1008,LIQUIDITY_SWEEP,bearish,67563.77
2026-02-12T01:00:00+00:00,1009,LIQUIDITY_SWEEP,bearish,67700.0
2026-02-12T02:00:00+00:00,1010,MSS,bearish,67460.75
2026-02-12T03:00:00+00:00,1011,LIQUIDITY_SWEEP,bullish,67418.0
2026-02-12T04:00:00+00:00,1012,LIQUIDITY_SWEEP,bearish,67596.0
2026-02-12T04:00:00+00:00,1012,MSS,bearish,67306.61
2026-02-12T05:00:00+00:00,1013,LIQUIDITY_SWEEP,bullish,67000.0
2026-02-12T06:00:00+00:00,1014,LIQUIDITY_SWEEP,bearish,67209.99
2026-02-12T07:00:00+00:00,1015,LIQUIDITY_SWEEP,bullish,67014.0
2026-02-12T08:00:00+00:00,1016,LIQUIDITY_SWEEP,bullish,66935.64
2026-02-12T09:00:00+00:00,1017,MSS,bullish,67344.0
2026-02-12T10:00:00+00:00,1018,MSS,bullish,67699.1
2026-02-12T10:00:00+00:00,1018,FVG,bullish,67344.0
2026-02-12T11:00:00+00:00,1019,MSS,bullish,68026.6
2026-02-12T11:00:00+00:00,1019,FVG,bullish,67699.1
2026-02-12T12:00:00+00:00,1020,LIQUIDITY_SWEEP,bullish,67740.0
2026-02-12T12:00:00+00:00,1020,RETEST,bullish,67865.31
2026-02-12T13:00:00+00:00,1021,LIQUIDITY_SWEEP,bullish,67720.0
2026-02-12T13:00:00+00:00,1021,MSS,bullish,68162.02
2026-02-12T14:00:00+00:00,1022,LIQUIDITY_SWEEP,bearish,68397.5
2026-02-12T14:00:00+00:00,1022,MSS,bearish,67680.82
2026-02-12T15:00:00+00:00,1023,MSS,bearish,67493.78
2026-02-12T16:00:00+00:00,1024,MSS,bearish,67014.98
2026-02-12T16:00:00+00:00,1024,FVG,bearish,67493.78
2026-02-12T17:00:00+00:00,1025,MSS,bearish,65556.0
2026-02-12T17:00:00+00:00,1025,FVG,bearish,67014.98
2026-02-12T18:00:00+00:00,1026,LIQUIDITY_SWEEP,bullish,65374.56
2026-02-12T19:00:00+00:00,1027,LIQUIDITY_SWEEP,bearish,65800.0
2026-02-12T20:00:00+00:00,1028,LIQUIDITY_SWEEP,bullish,65274.4
2026-02-12T22:00:00+00:00,1030,MSS,bullish,65900.0
2026-02-12T22:00:00+00:00,1030,RETEST,bearish,66288.0
2026-02-12T23:00:00+00:00,1031,LIQUIDITY_SWEEP,bearish,66399.94
2026-02-13T00:00:00+00:00,1032,LIQUIDITY_SWEEP,bearish,66488.9
2026-02-13T00:00:00+00:00,1032,MSS,bearish,66156.47
2026-02-13T01:00:00+00:00,1033,LIQUIDITY_SWEEP,bearish,66527.09
2026-02-13T03:00:00+00:00,1035,LIQUIDITY_SWEEP,bearish,66759.61
2026-02-13T04:00:00+00:00,1036,MSS,bearish,66462.4
2026-02-13T05:00:00+00:00,1037,MSS,bearish,66308.48
2026-02-13T06:00:00+00:00,1038,LIQUIDITY_SWEEP,bullish,66175.79
2026-02-13T07:00:00+00:00,1039,LIQUIDITY_SWEEP,bearish,66397.86
2026-02-13T10:00:00+00:00,1042,LIQUIDITY_SWEEP,bearish,67062.93
2026-02-13T11:00:00+00:00,1043,LIQUIDITY_SWEEP,bullish,66800.0
2026-02-13T11:00:00+00:00,1043,MSS,bullish,67116.0
2026-02-13T13:00:00+00:00,1045,MSS,bullish,67212.28
2026-02-13T14:00:00+00:00,1046,LIQUIDITY_SWEEP,bullish,66938.0
2026-02-13T14:00:00+00:00,1046,MSS,bullish,67615.34
2026-02-13T15:00:00+00:00,1047,MSS,bullish,68028.45
2026-02-13T15:00:00+00:00,1047,FVG,bullish,67615.34
2026-02-13T16:00:00+00:00,1048,LIQUIDITY_SWEEP,bearish,69309.8
2026-02-13T18:00:00+00:00,1050,LIQUIDITY_SWEEP,bearish,69250.25
2026-02-13T20:00:00+00:00,1052,MSS,bearish,68918.79
2026-02-13T21:00:00+00:00,1053,LIQUIDITY_SWEEP,bearish,68973.35
2026-02-13T22:00:00+00:00,1054,LIQUIDITY_SWEEP,bullish,68731.75
2026-02-14T00:00:00+00:00,1056,LIQUIDITY_SWEEP,bullish,68829.2
2026-02-14T00:00:00+00:00,1056,MSS,bullish,69000.0
2026-02-14T03:00:00+00:00,1059,LIQUIDITY_SWEEP,bearish,69006.34
2026-02-14T04:00:00+00:00,1060,MSS,bearish,68852.0
2026-02-14T05:00:00+00:00,1061,MSS,bearish,68789.59
2026-02-14T06:00:00+00:00,1062,LIQUIDITY_SWEEP,bullish,68760.0
2026-02-14T06:00:00+00:00,1062,MSS,bullish,68910.0
2026-02-14T07:00:00+00:00,1063,MSS,bullish,68936.98
2026-02-14T08:00:00+00:00,1064,MSS,bullish,69343.0
2026-02-14T08:00:00+00:00,1064,FVG,bullish,68936.98
2026-02-14T09:00:00+00:00,1065,LIQUIDITY_SWEEP,bearish,69870.99
2026-02-14T12:00:00+00:00,1068,MSS,bearish,69671.86
2026-02-14T13:00:00+00:00,1069,MSS,bearish,69600.0
2026-02-14T13:00:00+00:00,1069,RETEST,bullish,69460.0
2026-02-14T14:00:00+00:00,1070,LIQUIDITY_SWEEP,bearish,69771.91
2026-02-14T15:00:00+00:00,1071,LIQUIDITY_SWEEP,bearish,69856.7
2026-02-14T16:00:00+00:00,1072,LIQUIDITY_SWEEP,bullish,69560.0
2026-02-14T17:00:00+00:00,1073,LIQUIDITY_SWEEP,bearish,69815.0
2026-02-14T19:00:00+00:00,1075,LIQUIDITY_SWEEP,bullish,69672.55
2026-02-14T19:00:00+00:00,1075,MSS,bullish,69856.7
2026-02-14T20:00:00+00:00,1076,MSS,bullish,69920.6
2026-02-14T21:00:00+00:00,1077,LIQUIDITY_SWEEP,bullish,69732.75
2026-02-14T23:00:00+00:00,1079,LIQUIDITY_SWEEP,bullish,69781.0
2026-02-15T00:00:00+00:00,1080,LIQUIDITY_SWEEP,bullish,69723.18
2026-02-15T01:00:00+00:00,1081,LIQUIDITY_SWEEP,bullish,69600.0
2026-02-15T02:00:00+00:00,1082,LIQUIDITY_SWEEP,bullish,69350.0
2026-02-15T03:00:00+00:00,1083,LIQUIDITY_SWEEP,bullish,69341.27
2026-02-15T03:00:00+00:00,1083,MSS,bullish,69753.9
2026-02-15T04:00:00+00:00,1084,MSS,bullish,69990.02
2026-02-15T05:00:00+00:00,1085,FVG,bullish,69990.02
2026-02-15T06:00:00+00:00,1086,LIQUIDITY_SWEEP,bearish,70472.43
2026-02-15T08:00:00+00:00,1088,LIQUIDITY_SWEEP,bullish,70307.11
2026-02-15T10:00:00+00:00,1090,LIQUIDITY_SWEEP,bullish,70370.3
2026-02-15T11:00:00+00:00,1091,LIQUIDITY_SWEEP,bearish,70523.94
2026-02-15T12:00:00+00:00,1092,MSS,bearish,70267.6
2026-02-15T13:00:00+00:00,1093,MSS,bearish,69309.87
2026-02-15T13:00:00+00:00,1093,FVG,bearish,70267.6
2026-02-15T14:00:00+00:00,1094,FVG,bearish,69309.87
2026-02-15T15:00:00+00:00,1095,LIQUIDITY_SWEEP,bearish,69219.71
2026-02-15T15:00:00+00:00,1095,RETEST,bearish,69099.99
2026-02-15T16:00:00+00:00,1096,LIQUIDITY_SWEEP,bullish,68888.0
2026-02-15T19:00:00+00:00,1099,LIQUIDITY_SWEEP,bullish,68274.31
2026-02-15T21:00:00+00:00,1101,MSS,bullish,68560.22
2026-02-15T22:00:00+00:00,1102,MSS,bullish,68950.16
2026-02-15T22:00:00+00:00,1102,FVG,bullish,68560.22
2026-02-15T23:00:00+00:00,1103,LIQUIDITY_SWEEP,bullish,68801.06
2026-02-15T23:00:00+00:00,1103,RETEST,bullish,68832.58
2026-02-16T00:00:00+00:00,1104,LIQUIDITY_SWEEP,bearish,68999.96
2026-02-16T01:00:00+00:00,1105,MSS,bearish,68700.0
2026-02-16T02:00:00+00:00,1106,MSS,bearish,68454.54
2026-02-16T03:00:00+00:00,1107,LIQUIDITY_SWEEP,bullish,68243.68
2026-02-16T04:00:00+00:00,1108,MSS,bullish,68463.96
2026-02-16T05:00:00+00:00,1109,LIQUIDITY_SWEEP,bearish,68894.52
2026-02-16T05:00:00+00:00,1109,MSS,bearish,68417.17
2026-02-16T06:00:00+00:00,1110,LIQUIDITY_SWEEP,bullish,68293.28
2026-02-16T07:00:00+00:00,1111,MSS,bullish,68527.8
2026-02-16T08:00:00+00:00,1112,MSS,bullish,68672.59
2026-02-16T08:00:00+00:00,1112,FVG,bullish,68527.8
2026-02-16T09:00:00+00:00,1113,MSS,bullish,68798.7
2026-02-16T09:00:00+00:00,1113,FVG,bullish,68672.59
2026-02-16T10:00:00+00:00,1114,LIQUIDITY_SWEEP,bullish,68748.02
2026-02-16T10:00:00+00:00,1114,RETEST,bullish,68798.22
2026-02-16T11:00:00+00:00,1115,LIQUIDITY_SWEEP,bullish,68690.85
2026-02-16T12:00:00+00:00,1116,MSS,bullish,68918.22
2026-02-16T13:00:00+00:00,1117,LIQUIDITY_SWEEP,bearish,69848.48
2026-02-16T13:00:00+00:00,1117,MSS,bearish,68807.54
2026-02-16T14:00:00+00:00,1118,FVG,bearish,68807.54
2026-02-16T15:00:00+00:00,1119,MSS,bearish,68260.39
2026-02-16T16:00:00+00:00,1120,FVG,bearish,68260.39
2026-02-16T17:00:00+00:00,1121,LIQUIDITY_SWEEP,bearish,67974.86
2026-02-16T17:00:00+00:00,1121,RETEST,bearish,67951.86
2026-02-16T18:00:00+00:00,1122,LIQUIDITY_SWEEP,bearish,68074.12
2026-02-16T19:00:00+00:00,1123,LIQUIDITY_SWEEP,bullish,67830.82
2026-02-16T20:00:00+00:00,1124,MSS,bullish,68130.0
2026-02-16T21:00:00+00:00,1125,MSS,bullish,68549.14
2026-02-16T21:00:00+00:00,1125,FVG,bullish,68130.0
2026-02-16T23:00:00+00:00,1127,MSS,bullish,68890.0
2026-02-17T00:00:00+00:00,1128,LIQUIDITY_SWEEP,bearish,68978.88
2026-02-17T01:00:00+00:00,1129,MSS,bearish,68704.36
2026-02-17T02:00:00+00:00,1130,LIQUIDITY_SWEEP,bullish,68563.16
2026-02-17T02:00:00+00:00,1130,RETEST,bullish,68838.48
2026-02-17T04:00:00+00:00,1132,LIQUIDITY_SWEEP,bullish,68470.0
2026-02-17T06:00:00+00:00,1134,LIQUIDITY_SWEEP,bearish,68510.76
2026-02-17T07:00:00+00:00,1135,LIQUIDITY_SWEEP,bullish,68242.49
2026-02-17T08:00:00+00:00,1136,LIQUIDITY_SWEEP,bullish,68165.02
2026-02-17T11:00:00+00:00,1139,LIQUIDITY_SWEEP,bullish,67704.96
2026-02-17T12:00:00+00:00,1140,LIQUIDITY_SWEEP,bearish,67935.73
2026-02-17T13:00:00+00:00,1141,LIQUIDITY_SWEEP,bullish,67827.52
2026-02-17T15:00:00+00:00,1143,LIQUIDITY_SWEEP,bullish,66734.3
2026-02-17T16:00:00+00:00,1144,MSS,bullish,67409.99
2026-02-17T18:00:00+00:00,1146,MSS,bullish,67714.28
2026-02-17T19:00:00+00:00,1147,LIQUIDITY_SWEEP,bearish,68227.41
2026-02-17T20:00:00+00:00,1148,LIQUIDITY_SWEEP,bullish,67695.45
2026-02-18T00:00:00+00:00,1152,LIQUIDITY_SWEEP,bearish,67617.46
2026-02-18T00:00:00+00:00,1152,MSS,bearish,67394.0
2026-02-18T01:00:00+00:00,1153,MSS,bearish,67290.3
2026-02-18T01:00:00+00:00,1153,FVG,bearish,67394.0
2026-02-18T02:00:00+00:00,1154,LIQUIDITY_SWEEP,bearish,67378.26
2026-02-18T02:00:00+00:00,1154,RETEST,bearish,67335.04
2026-02-18T05:00:00+00:00,1157,LIQUIDITY_SWEEP,bearish,67900.0
2026-02-18T06:00:00+00:00,1158,LIQUIDITY_SWEEP,bearish,67938.0
2026-02-18T08:00:00+00:00,1160,LIQUIDITY_SWEEP,bearish,68219.81
2026-02-18T09:00:00+00:00,1161,LIQUIDITY_SWEEP,bullish,68071.58
2026-02-18T14:00:00+00:00,1166,LIQUIDITY_SWEEP,bullish,67051.81
2026-02-18T15:00:00+00:00,1167,MSS,bullish,67362.26
2026-02-18T21:00:00+00:00,1173,LIQUIDITY_SWEEP,bullish,66141.9
2026-02-18T23:00:00+00:00,1175,LIQUIDITY_SWEEP,bearish,66477.7
2026-02-19T00:00:00+00:00,1176,LIQUIDITY_SWEEP,bearish,66502.49
2026-02-19T02:00:00+00:00,1178,LIQUIDITY_SWEEP,bearish,66884.16
2026-02-19T04:00:00+00:00,1180,LIQUIDITY_SWEEP,bearish,66997.07
2026-02-19T05:00:00+00:00,1181,LIQUIDITY_SWEEP,bullish,66759.0
2026-02-19T06:00:00+00:00,1182,MSS,bullish,66893.06
2026-02-19T07:00:00+00:00,1183,LIQUIDITY_SWEEP,bearish,67290.4
2026-02-19T08:00:00+00:00,1184,MSS,bearish,67028.7
2026-02-19T09:00:00+00:00,1185,LIQUIDITY_SWEEP,bullish,66785.56
2026-02-19T10:00:00+00:00,1186,LIQUIDITY_SWEEP,bullish,66754.23
2026-02-19T12:00:00+00:00,1188,LIQUIDITY_SWEEP,bullish,66478.02
2026-02-19T14:00:00+00:00,1190,LIQUIDITY_SWEEP,bullish,65763.0
2026-02-19T15:00:00+00:00,1191,LIQUIDITY_SWEEP,bearish,66662.3
2026-02-19T16:00:00+00:00,1192,LIQUIDITY_SWEEP,bullish,65966.0
2026-02-19T17:00:00+00:00,1193,LIQUIDITY_SWEEP,bearish,66514.95
2026-02-19T18:00:00+00:00,1194,LIQUIDITY_SWEEP,bearish,67049.99
2026-02-19T19:00:00+00:00,1195,LIQUIDITY_SWEEP,bearish,67073.13
2026-02-19T21:00:00+00:00,1197,LIQUIDITY_SWEEP,bearish,67166.98
2026-02-19T22:00:00+00:00,1198,LIQUIDITY_SWEEP,bullish,66900.92
2026-02-19T23:00:00+00:00,1199,MSS,bullish,67000.0
2026-02-20T00:00:00+00:00,1200,MSS,bullish,67023.61
2026-02-20T01:00:00+00:00,1201,FVG,bullish,67023.61
2026-02-20T03:00:00+00:00,1203,MSS,bullish,67347.76
2026-02-20T04:00:00+00:00,1204,LIQUIDITY_SWEEP,bullish,67241.24
2026-02-20T04:00:00+00:00,1204,RETEST,bullish,67264.83
2026-02-20T05:00:00+00:00,1205,MSS,bullish,67402.23
2026-02-20T06:00:00+00:00,1206,FVG,bullish,67402.23
2026-02-20T07:00:00+00:00,1207,LIQUIDITY_SWEEP,bearish,67894.2
2026-02-20T08:00:00+00:00,1208,LIQUIDITY_SWEEP,bullish,67767.4
2026-02-20T09:00:00+00:00,1209,MSS,bullish,67950.85
2026-02-20T10:00:00+00:00,1210,LIQUIDITY_SWEEP,bullish,67879.99
2026-02-20T12:00:00+00:00,1212,LIQUIDITY_SWEEP,bullish,67280.6
2026-02-20T12:00:00+00:00,1212,RETEST,bullish,67541.77
2026-02-20T15:00:00+00:00,1215,MSS,bullish,67317.5
2026-02-20T17:00:00+00:00,1217,LIQUIDITY_SWEEP,bullish,67283.24
2026-02-20T18:00:00+00:00,1218,MSS,bullish,67795.48
2026-02-20T20:00:00+00:00,1220,LIQUIDITY_SWEEP,bullish,67548.85
2026-02-20T22:00:00+00:00,1222,MSS,bullish,67840.0
2026-02-20T23:00:00+00:00,1223,LIQUIDITY_SWEEP,bearish,68116.6
2026-02-21T00:00:00+00:00,1224,MSS,bearish,67914.0
2026-02-21T02:00:00+00:00,1226,LIQUIDITY_SWEEP,bearish,68005.99
2026-02-21T03:00:00+00:00,1227,MSS,bearish,67913.3
2026-02-21T04:00:00+00:00,1228,FVG,bearish,67913.3
2026-02-21T05:00:00+00:00,1229,RETEST,bearish,67851.93
2026-02-21T06:00:00+00:00,1230,LIQUIDITY_SWEEP,bearish,67888.4
2026-02-21T06:00:00+00:00,1230,MSS,bearish,67799.7
2026-02-21T07:00:00+00:00,1231,LIQUIDITY_SWEEP,bullish,67750.96
2026-02-21T08:00:00+00:00,1232,MSS,bullish,67884.74
2026-02-21T09:00:00+00:00,1233,MSS,bullish,68079.41
2026-02-21T09:00:00+00:00,1233,FVG,bullish,67884.74
2026-02-21T10:00:00+00:00,1234,FVG,bullish,68079.41
2026-02-21T11:00:00+00:00,1235,LIQUIDITY_SWEEP,bearish,68250.0
2026-02-21T11:00:00+00:00,1235,MSS,bearish,68139.65
2026-02-21T11:00:00+00:00,1235,RETEST,bullish,68092.45
2026-02-21T12:00:00+00:00,1236,LIQUIDITY_SWEEP,bullish,68084.0
2026-02-21T13:00:00+00:00,1237,MSS,bullish,68218.2
2026-02-21T14:00:00+00:00,1238,MSS,bullish,68260.0
2026-02-21T15:00:00+00:00,1239,LIQUIDITY_SWEEP,bearish,68644.0
2026-02-21T16:00:00+00:00,1240,MSS,bearish,68417.0
2026-02-21T19:00:00+00:00,1243,LIQUIDITY_SWEEP,bearish,68644.0
2026-02-21T20:00:00+00:00,1244,MSS,bearish,68526.81
2026-02-21T21:00:00+00:00,1245,LIQUIDITY_SWEEP,bullish,68190.0
2026-02-21T22:00:00+00:00,1246,LIQUIDITY_SWEEP,bearish,68390.93
2026-02-21T22:00:00+00:00,1246,MSS,bearish,68183.1
2026-02-21T23:00:00+00:00,1247,FVG,bearish,68183.1
2026-02-22T00:00:00+00:00,1248,LIQUIDITY_SWEEP,bullish,67941.02
2026-02-22T01:00:00+00:00,1249,MSS,bullish,68060.4
2026-02-22T01:00:00+00:00,1249,RETEST,bearish,68159.31
2026-02-22T02:00:00+00:00,1250,LIQUIDITY_SWEEP,bearish,68171.46
2026-02-22T02:00:00+00:00,1250,MSS,bearish,67945.99
2026-02-22T03:00:00+00:00,1251,LIQUIDITY_SWEEP,bullish,67872.76
2026-02-22T04:00:00+00:00,1252,LIQUIDITY_SWEEP,bearish,68062.03
2026-02-22T05:00:00+00:00,1253,LIQUIDITY_SWEEP,bullish,67966.52
2026-02-22T06:00:00+00:00,1254,MSS,bullish,68011.75
2026-02-22T09:00:00+00:00,1257,MSS,bullish,68019.46
2026-02-22T10:00:00+00:00,1258,MSS,bullish,68101.46
2026-02-22T11:00:00+00:00,1259,MSS,bullish,68153.2
2026-02-22T11:00:00+00:00,1259,FVG,bullish,68101.46
2026-02-22T15:00:00+00:00,1263,LIQUIDITY_SWEEP,bullish,67353.75
2026-02-22T15:00:00+00:00,1263,MSS,bullish,67682.47
2026-02-22T19:00:00+00:00,1267,LIQUIDITY_SWEEP,bearish,67461.41
2026-02-22T20:00:00+00:00,1268,LIQUIDITY_SWEEP,bearish,67488.7
2026-02-22T20:00:00+00:00,1268,MSS,bearish,67403.37
2026-02-22T23:00:00+00:00,1271,LIQUIDITY_SWEEP,bullish,67485.34
2026-02-23T03:00:00+00:00,1275,MSS,bullish,64916.85
2026-02-23T04:00:00+00:00,1276,LIQUIDITY_SWEEP,bullish,64700.0
2026-02-23T05:00:00+00:00,1277,MSS,bullish,65040.29
2026-02-23T06:00:00+00:00,1278,MSS,bullish,65294.8
2026-02-23T07:00:00+00:00,1279,MSS,bullish,65802.09
2026-02-23T07:00:00+00:00,1279,FVG,bullish,65294.8
2026-02-23T08:00:00+00:00,1280,LIQUIDITY_SWEEP,bullish,65641.55
2026-02-23T08:00:00+00:00,1280,RETEST,bullish,65676.44
2026-02-23T09:00:00+00:00,1281,MSS,bullish,65958.94
2026-02-23T10:00:00+00:00,1282,LIQUIDITY_SWEEP,bearish,66456.5
2026-02-23T11:00:00+00:00,1283,MSS,bearish,66220.0
2026-02-23T12:00:00+00:00,1284,LIQUIDITY_SWEEP,bullish,66114.22
2026-02-23T20:00:00+00:00,1292,LIQUIDITY_SWEEP,bullish,64048.71
2026-02-23T21:00:00+00:00,1293,MSS,bullish,64487.94
2026-02-23T22:00:00+00:00,1294,LIQUIDITY_SWEEP,bearish,64783.54
2026-02-23T23:00:00+00:00,1295,LIQUIDITY_SWEEP,bullish,64555.59
2026-02-24T00:00:00+00:00,1296,MSS,bullish,64900.63
2026-02-24T04:00:00+00:00,1300,LIQUIDITY_SWEEP,bullish,63342.9
2026-02-24T05:00:00+00:00,1301,LIQUIDITY_SWEEP,bullish,62868.69
2026-02-24T07:00:00+00:00,1303,LIQUIDITY_SWEEP,bullish,62900.0
2026-02-24T08:00:00+00:00,1304,MSS,bullish,63367.2
2026-02-24T09:00:00+00:00,1305,LIQUIDITY_SWEEP,bullish,63009.92
2026-02-24T11:00:00+00:00,1307,LIQUIDITY_SWEEP,bullish,63112.7
2026-02-24T12:00:00+00:00,1308,LIQUIDITY_SWEEP,bearish,63317.95
2026-02-24T12:00:00+00:00,1308,MSS,bearish,63063.63
2026-02-24T13:00:00+00:00,1309,MSS,bearish,62965.21
2026-02-24T17:00:00+00:00,1313,LIQUIDITY_SWEEP,bearish,64428.9
2026-02-24T18:00:00+00:00,1314,LIQUIDITY_SWEEP,bullish,64042.8
2026-02-24T19:00:00+00:00,1315,LIQUIDITY_SWEEP,bearish,64500.0
2026-02-24T21:00:00+00:00,1317,MSS,bearish,64318.03
2026-02-24T22:00:00+00:00,1318,FVG,bearish,64318.03
2026-02-24T23:00:00+00:00,1319,LIQUIDITY_SWEEP,bullish,63973.79
2026-02-24T23:00:00+00:00,1319,RETEST,bearish,64058.15
2026-02-25T00:00:00+00:00,1320,LIQUIDITY_SWEEP,bearish,64248.65
2026-02-25T02:00:00+00:00,1322,LIQUIDITY_SWEEP,bearish,66300.0
2026-02-25T03:00:00+00:00,1323,MSS,bearish,65866.66
2026-02-25T04:00:00+00:00,1324,LIQUIDITY_SWEEP,bullish,65350.28
2026-02-25T07:00:00+00:00,1327,LIQUIDITY_SWEEP,bullish,64865.78
2026-02-25T08:00:00+00:00,1328,MSS,bullish,65193.25
2026-02-25T09:00:00+00:00,1329,LIQUIDITY_SWEEP,bearish,65586.87
2026-02-25T10:00:00+00:00,1330,LIQUIDITY_SWEEP,bullish,65396.47
2026-02-25T11:00:00+00:00,1331,LIQUIDITY_SWEEP,bullish,65345.0
2026-02-25T12:00:00+00:00,1332,MSS,bullish,65485.91
2026-02-25T13:00:00+00:00,1333,MSS,bullish,66240.0
2026-02-25T13:00:00+00:00,1333,FVG,bullish,65485.91
2026-02-25T14:00:00+00:00,1334,MSS,bullish,66684.1
2026-02-25T15:00:00+00:00,1335,MSS,bullish,67009.78
2026-02-25T15:00:00+00:00,1335,FVG,bullish,66684.1
2026-02-25T16:00:00+00:00,1336,MSS,bullish,67578.0
2026-02-25T16:00:00+00:00,1336,FVG,bullish,67009.78
2026-02-25T17:00:00+00:00,1337,MSS,bullish,68332.0
2026-02-25T17:00:00+00:00,1337,FVG,bullish,67578.0
2026-02-25T18:00:00+00:00,1338,MSS,bullish,68879.96
2026-02-25T18:00:00+00:00,1338,FVG,bullish,68332.0
2026-02-25T20:00:00+00:00,1340,LIQUIDITY_SWEEP,bullish,68764.94
2026-02-25T21:00:00+00:00,1341,LIQUIDITY_SWEEP,bearish,69374.95
2026-02-25T22:00:00+00:00,1342,MSS,bearish,68773.83
2026-02-25T22:00:00+00:00,1342,RETEST,bullish,68432.13
2026-02-25T23:00:00+00:00,1343,MSS,bearish,68055.91
2026-02-25T23:00:00+00:00,1343,FVG,bearish,68773.83
2026-02-26T01:00:00+00:00,1345,LIQUIDITY_SWEEP,bearish,68539.17
2026-02-26T01:00:00+00:00,1345,RETEST,bearish,68248.3
2026-02-26T02:00:00+00:00,1346,LIQUIDITY_SWEEP,bullish,68210.35
2026-02-26T03:00:00+00:00,1347,LIQUIDITY_SWEEP,bearish,68351.0
2026-02-26T05:00:00+00:00,1349,LIQUIDITY_SWEEP,bullish,68179.62
2026-02-26T06:00:00+00:00,1350,LIQUIDITY_SWEEP,bullish,68127.58
2026-02-26T08:00:00+00:00,1352,LIQUIDITY_SWEEP,bullish,67817.87
2026-02-26T09:00:00+00:00,1353,MSS,bullish,68236.0
2026-02-26T10:00:00+00:00,1354,LIQUIDITY_SWEEP,bearish,68644.59
2026-02-26T11:00:00+00:00,1355,MSS,bearish,68257.64
2026-02-26T13:00:00+00:00,1357,MSS,bearish,68009.88
2026-02-26T14:00:00+00:00,1358,LIQUIDITY_SWEEP,bearish,68213.98
2026-02-26T14:00:00+00:00,1358,MSS,bearish,67848.69
2026-02-26T15:00:00+00:00,1359,LIQUIDITY_SWEEP,bullish,67264.22
2026-02-26T18:00:00+00:00,1362,LIQUIDITY_SWEEP,bullish,66600.46
2026-02-26T18:00:00+00:00,1362,MSS,bullish,67044.1
2026-02-26T19:00:00+00:00,1363,MSS,bullish,67373.9
2026-02-26T19:00:00+00:00,1363,FVG,bullish,67044.1
2026-02-26T20:00:00+00:00,1364,LIQUIDITY_SWEEP,bullish,67285.99
2026-02-26T20:00:00+00:00,1364,RETEST,bullish,67414.07
2026-02-26T21:00:00+00:00,1365,LIQUIDITY_SWEEP,bullish,67269.42
2026-02-26T22:00:00+00:00,1366,LIQUIDITY_SWEEP,bearish,67575.97
2026-02-26T23:00:00+00:00,1367,LIQUIDITY_SWEEP,bearish,67630.22
2026-02-27T00:00:00+00:00,1368,MSS,bearish,67390.65
2026-02-27T01:00:00+00:00,1369,LIQUIDITY_SWEEP,bullish,67000.0
2026-02-27T02:00:00+00:00,1370,LIQUIDITY_SWEEP,bearish,67398.86
2026-02-27T03:00:00+00:00,1371,LIQUIDITY_SWEEP,bullish,67263.56
2026-02-27T03:00:00+00:00,1371,MSS,bullish,67546.15
2026-02-27T04:00:00+00:00,1372,MSS,bullish,67712.16
2026-02-27T04:00:00+00:00,1372,FVG,bullish,67546.15
2026-02-27T06:00:00+00:00,1374,RETEST,bullish,67658.14
2026-02-27T07:00:00+00:00,1375,LIQUIDITY_SWEEP,bullish,67525.46
2026-02-27T08:00:00+00:00,1376,MSS,bullish,67774.48
2026-02-27T09:00:00+00:00,1377,LIQUIDITY_SWEEP,bearish,68079.83
2026-02-27T09:00:00+00:00,1377,MSS,bearish,67655.86
2026-02-27T10:00:00+00:00,1378,MSS,bearish,67284.22
2026-02-27T10:00:00+00:00,1378,FVG,bearish,67655.86
2026-02-27T11:00:00+00:00,1379,MSS,bearish,66574.0
2026-02-27T11:00:00+00:00,1379,FVG,bearish,67284.22
2026-02-27T12:00:00+00:00,1380,MSS,bearish,65960.01
2026-02-27T12:00:00+00:00,1380,FVG,bearish,66574.0
2026-02-27T13:00:00+00:00,1381,LIQUIDITY_SWEEP,bullish,65734.71
2026-02-27T13:00:00+00:00,1381,MSS,bullish,66217.42
2026-02-27T13:00:00+00:00,1381,RETEST,bearish,66270.55
2026-02-27T17:00:00+00:00,1385,LIQUIDITY_SWEEP,bullish,65462.93
2026-02-27T18:00:00+00:00,1386,LIQUIDITY_SWEEP,bearish,65765.06
2026-02-27T19:00:00+00:00,1387,LIQUIDITY_SWEEP,bullish,65228.33
2026-02-27T20:00:00+00:00,1388,MSS,bullish,65457.35
2026-02-27T21:00:00+00:00,1389,LIQUIDITY_SWEEP,bearish,65666.66
2026-02-27T22:00:00+00:00,1390,LIQUIDITY_SWEEP,bullish,65400.0
2026-02-27T23:00:00+00:00,1391,MSS,bullish,65673.33
2026-02-28T00:00:00+00:00,1392,LIQUIDITY_SWEEP,bearish,65953.2
2026-02-28T02:00:00+00:00,1394,LIQUIDITY_SWEEP,bearish,65971.93
2026-02-28T03:00:00+00:00,1395,LIQUIDITY_SWEEP,bullish,65761.94
2026-02-28T09:00:00+00:00,1401,LIQUIDITY_SWEEP,bullish,63411.39
2026-02-28T10:00:00+00:00,1402,MSS,bullish,64005.35
2026-02-28T11:00:00+00:00,1403,LIQUIDITY_SWEEP,bearish,64053.93
2026-02-28T14:00:00+00:00,1406,LIQUIDITY_SWEEP,bearish,65216.97
2026-02-28T15:00:00+00:00,1407,LIQUIDITY_SWEEP,bullish,64278.5
2026-02-28T16:00:00+00:00,1408,MSS,bullish,65020.75
2026-02-28T17:00:00+00:00,1409,MSS,bullish,65206.25
2026-02-28T18:00:00+00:00,1410,MSS,bullish,65555.0
2026-02-28T19:00:00+00:00,1411,MSS,bullish,66157.61
2026-02-28T19:00:00+00:00,1411,FVG,bullish,65555.0
2026-02-28T20:00:00+00:00,1412,MSS,bullish,66666.65
2026-02-28T20:00:00+00:00,1412,FVG,bullish,66157.61
2026-02-28T22:00:00+00:00,1414,MSS,bullish,67055.56
2026-03-01T00:00:00+00:00,1416,LIQUIDITY_SWEEP,bullish,66733.73
2026-03-01T01:00:00+00:00,1417,LIQUIDITY_SWEEP,bullish,66620.5
2026-03-01T01:00:00+00:00,1417,MSS,bullish,67121.8
2026-03-01T01:00:00+00:00,1417,RETEST,bullish,67339.36
2026-03-01T02:00:00+00:00,1418,LIQUIDITY_SWEEP,bearish,67703.32
2026-03-01T04:00:00+00:00,1420,MSS,bearish,67400.0
2026-03-01T06:00:00+00:00,1422,MSS,bearish,67200.0
2026-03-01T08:00:00+00:00,1424,LIQUIDITY_SWEEP,bearish,67235.72
2026-03-01T08:00:00+00:00,1424,MSS,bearish,66784.58
2026-03-01T09:00:00+00:00,1425,LIQUIDITY_SWEEP,bullish,66389.33
2026-03-01T10:00:00+00:00,1426,LIQUIDITY_SWEEP,bullish,66246.95
2026-03-01T13:00:00+00:00,1429,LIQUIDITY_SWEEP,bullish,66241.97
2026-03-01T13:00:00+00:00,1429,MSS,bullish,66550.0
2026-03-01T14:00:00+00:00,1430,FVG,bullish,66550.0
2026-03-01T17:00:00+00:00,1433,LIQUIDITY_SWEEP,bullish,65730.28
2026-03-01T18:00:00+00:00,1434,MSS,bullish,66219.77
2026-03-01T22:00:00+00:00,1438,LIQUIDITY_SWEEP,bearish,65756.5
2026-03-01T22:00:00+00:00,1438,MSS,bearish,65281.83
2026-03-02T01:00:00+00:00,1441,LIQUIDITY_SWEEP,bearish,66796.44
2026-03-02T02:00:00+00:00,1442,MSS,bearish,66358.45
2026-03-02T03:00:00+00:00,1443,RETEST,bullish,66820.03
2026-03-02T05:00:00+00:00,1445,LIQUIDITY_SWEEP,bullish,66633.13
2026-03-02T08:00:00+00:00,1448,MSS,bullish,66209.46
2026-03-02T09:00:00+00:00,1449,LIQUIDITY_SWEEP,bearish,66306.0
2026-03-02T10:00:00+00:00,1450,LIQUIDITY_SWEEP,bullish,66164.96
2026-03-02T11:00:00+00:00,1451,LIQUIDITY_SWEEP,bullish,66079.24
2026-03-02T14:00:00+00:00,1454,LIQUIDITY_SWEEP,bullish,65350.0
2026-03-02T14:00:00+00:00,1454,MSS,bullish,66157.28
2026-03-02T15:00:00+00:00,1455,MSS,bullish,67220.81
2026-03-02T15:00:00+00:00,1455,FVG,bullish,66157.28
2026-03-02T16:00:00+00:00,1456,LIQUIDITY_SWEEP,bearish,69617.74
2026-03-02T17:00:00+00:00,1457,LIQUIDITY_SWEEP,bullish,68933.69
2026-03-02T18:00:00+00:00,1458,LIQUIDITY_SWEEP,bullish,68793.88
2026-03-02T19:00:00+00:00,1459,LIQUIDITY_SWEEP,bullish,68727.83
2026-03-02T20:00:00+00:00,1460,MSS,bullish,69049.32
2026-03-02T21:00:00+00:00,1461,LIQUIDITY_SWEEP,bearish,69505.0
2026-03-02T23:00:00+00:00,1463,MSS,bearish,69136.36
2026-03-03T00:00:00+00:00,1464,LIQUIDITY_SWEEP,bullish,68740.0
2026-03-03T01:00:00+00:00,1465,LIQUIDITY_SWEEP,bearish,69166.61
2026-03-03T02:00:00+00:00,1466,MSS,bearish,68755.0
2026-03-03T03:00:00+00:00,1467,FVG,bearish,68755.0
2026-03-03T04:00:00+00:00,1468,MSS,bearish,68231.47
2026-03-03T05:00:00+00:00,1469,LIQUIDITY_SWEEP,bearish,68454.63
2026-03-03T05:00:00+00:00,1469,MSS,bearish,68050.11
2026-03-03T05:00:00+00:00,1469,RETEST,bearish,67947.75
2026-03-03T06:00:00+00:00,1470,LIQUIDITY_SWEEP,bullish,67845.84
2026-03-03T07:00:00+00:00,1471,LIQUIDITY_SWEEP,bearish,68250.24
2026-03-03T08:00:00+00:00,1472,LIQUIDITY_SWEEP,bearish,68275.2
2026-03-03T08:00:00+00:00,1472,MSS,bearish,67951.24
2026-03-03T09:00:00+00:00,1473,MSS,bearish,66905.0
2026-03-03T09:00:00+00:00,1473,FVG,bearish,67951.24
2026-03-03T11:00:00+00:00,1475,LIQUIDITY_SWEEP,bearish,67030.75
2026-03-03T12:00:00+00:00,1476,RETEST,bearish,67399.85
2026-03-03T13:00:00+00:00,1477,MSS,bearish,67025.93
2026-03-03T14:00:00+00:00,1478,LIQUIDITY_SWEEP,bearish,67435.0
2026-03-03T14:00:00+00:00,1478,MSS,bearish,66635.3
2026-03-03T20:00:00+00:00,1484,MSS,bearish,68312.83
2026-03-03T21:00:00+00:00,1485,MSS,bearish,68092.1
2026-03-03T21:00:00+00:00,1485,FVG,bearish,68312.83
2026-03-03T23:00:00+00:00,1487,LIQUIDITY_SWEEP,bearish,68524.54
2026-03-04T00:00:00+00:00,1488,MSS,bearish,68245.64
2026-03-04T00:00:00+00:00,1488,RETEST,bearish,68093.19
2026-03-04T01:00:00+00:00,1489,LIQUIDITY_SWEEP,bearish,68413.9
2026-03-04T03:00:00+00:00,1491,MSS,bearish,67984.56
2026-03-04T04:00:00+00:00,1492,FVG,bearish,67984.56
2026-03-04T11:00:00+00:00,1499,MSS,bearish,71200.0
2026-03-04T12:00:00+00:00,1500,LIQUIDITY_SWEEP,bullish,70928.25
2026-03-04T13:00:00+00:00,1501,MSS,bullish,71364.14
2026-03-04T14:00:00+00:00,1502,LIQUIDITY_SWEEP,bearish,71624.99
2026-03-04T16:00:00+00:00,1504,LIQUIDITY_SWEEP,bearish,73479.75
2026-03-04T17:00:00+00:00,1505,LIQUIDITY_SWEEP,bearish,73500.0
2026-03-04T18:00:00+00:00,1506,LIQUIDITY_SWEEP,bullish,72932.8
2026-03-04T19:00:00+00:00,1507,LIQUIDITY_SWEEP,bearish,73700.0
2026-03-04T20:00:00+00:00,1508,MSS,bearish,73516.0
2026-03-04T21:00:00+00:00,1509,LIQUIDITY_SWEEP,bullish,73001.05
2026-03-04T22:00:00+00:00,1510,LIQUIDITY_SWEEP,bearish,73322.93
2026-03-04T22:00:00+00:00,1510,MSS,bearish,72878.0
2026-03-04T23:00:00+00:00,1511,LIQUIDITY_SWEEP,bullish,72638.29
2026-03-05T00:00:00+00:00,1512,LIQUIDITY_SWEEP,bearish,72880.88
2026-03-05T01:00:00+00:00,1513,LIQUIDITY_SWEEP,bearish,73000.0
2026-03-05T01:00:00+00:00,1513,MSS,bearish,72553.65
2026-03-05T02:00:00+00:00,1514,LIQUIDITY_SWEEP,bullish,72409.1
2026-03-05T04:00:00+00:00,1516,MSS,bullish,72750.0
2026-03-05T06:00:00+00:00,1518,LIQUIDITY_SWEEP,bullish,72260.74
2026-03-05T07:00:00+00:00,1519,LIQUIDITY_SWEEP,bullish,72037.56
2026-03-05T08:00:00+00:00,1520,LIQUIDITY_SWEEP,bullish,71759.95
2026-03-05T09:00:00+00:00,1521,MSS,bullish,72370.21
2026-03-05T10:00:00+00:00,1522,MSS,bullish,72875.85
2026-03-05T10:00:00+00:00,1522,FVG,bullish,72370.21
2026-03-05T12:00:00+00:00,1524,LIQUIDITY_SWEEP,bullish,72766.75
2026-03-05T13:00:00+00:00,1525,RETEST,bullish,72467.79
2026-03-05T14:00:00+00:00,1526,LIQUIDITY_SWEEP,bullish,72189.7
2026-03-05T16:00:00+00:00,1528,LIQUIDITY_SWEEP,bullish,71168.65
2026-03-05T19:00:00+00:00,1531,LIQUIDITY_SWEEP,bearish,71090.32
2026-03-05T20:00:00+00:00,1532,LIQUIDITY_SWEEP,bullish,70870.0
2026-03-05T21:00:00+00:00,1533,LIQUIDITY_SWEEP,bearish,71394.45
2026-03-05T23:00:00+00:00,1535,MSS,bearish,71074.45
2026-03-06T00:00:00+00:00,1536,FVG,bearish,71074.45
2026-03-06T01:00:00+00:00,1537,LIQUIDITY_SWEEP,bullish,70784.0
2026-03-06T01:00:00+00:00,1537,MSS,bullish,71047.95
2026-03-06T02:00:00+00:00,1538,LIQUIDITY_SWEEP,bearish,71301.74
2026-03-06T03:00:00+00:00,1539,LIQUIDITY_SWEEP,bullish,71036.0
2026-03-06T04:00:00+00:00,1540,RETEST,bearish,70613.61
2026-03-06T05:00:00+00:00,1541,LIQUIDITY_SWEEP,bullish,70270.21
2026-03-06T06:00:00+00:00,1542,LIQUIDITY_SWEEP,bearish,70658.01
2026-03-06T09:00:00+00:00,1545,MSS,bearish,70735.85
2026-03-06T11:00:00+00:00,1547,MSS,bearish,70467.88
2026-03-06T12:00:00+00:00,1548,MSS,bearish,70184.01
2026-03-06T12:00:00+00:00,1548,FVG,bearish,70467.88
2026-03-06T13:00:00+00:00,1549,LIQUIDITY_SWEEP,bearish,70224.84
2026-03-06T13:00:00+00:00,1549,MSS,bearish,69660.0
2026-03-06T13:00:00+00:00,1549,RETEST,bearish,69208.0
2026-03-06T14:00:00+00:00,1550,MSS,bearish,69208.0
2026-03-06T14:00:00+00:00,1550,FVG,bearish,69660.0
2026-03-06T15:00:00+00:00,1551,FVG,bearish,69208.0
2026-03-06T16:00:00+00:00,1552,LIQUIDITY_SWEEP,bullish,68306.0
2026-03-06T19:00:00+00:00,1555,LIQUIDITY_SWEEP,bearish,68476.47
2026-03-06T20:00:00+00:00,1556,LIQUIDITY_SWEEP,bullish,68004.15
2026-03-06T21:00:00+00:00,1557,MSS,bullish,68285.71
2026-03-06T22:00:00+00:00,1558,LIQUIDITY_SWEEP,bearish,68333.33
2026-03-06T23:00:00+00:00,1559,MSS,bearish,68221.38
2026-03-07T00:00:00+00:00,1560,LIQUIDITY_SWEEP,bearish,68371.24
2026-03-07T02:00:00+00:00,1562,LIQUIDITY_SWEEP,bullish,68180.95
2026-03-07T03:00:00+00:00,1563,LIQUIDITY_SWEEP,bearish,68367.73
2026-03-07T04:00:00+00:00,1564,MSS,bearish,68095.5
2026-03-07T06:00:00+00:00,1566,MSS,bearish,67908.0
2026-03-07T07:00:00+00:00,1567,LIQUIDITY_SWEEP,bullish,67612.21
2026-03-07T08:00:00+00:00,1568,LIQUIDITY_SWEEP,bearish,67865.23
2026-03-07T09:00:00+00:00,1569,LIQUIDITY_SWEEP,bearish,68045.07
2026-03-07T10:00:00+00:00,1570,LIQUIDITY_SWEEP,bearish,68074.97
2026-03-07T11:00:00+00:00,1571,LIQUIDITY_SWEEP,bullish,67870.43
2026-03-07T13:00:00+00:00,1573,LIQUIDITY_SWEEP,bullish,67900.01
2026-03-07T14:00:00+00:00,1574,LIQUIDITY_SWEEP,bullish,67855.82
2026-03-07T16:00:00+00:00,1576,LIQUIDITY_SWEEP,bullish,67769.89
2026-03-07T17:00:00+00:00,1577,LIQUIDITY_SWEEP,bearish,67889.68
2026-03-07T18:00:00+00:00,1578,MSS,bearish,67768.97
2026-03-07T19:00:00+00:00,1579,MSS,bearish,67480.0
2026-03-07T19:00:00+00:00,1579,FVG,bearish,67768.97
2026-03-07T20:00:00+00:00,1580,FVG,bearish,67480.0
2026-03-07T21:00:00+00:00,1581,RETEST,bearish,67452.98
2026-03-07T22:00:00+00:00,1582,MSS,bearish,67281.34
2026-03-08T00:00:00+00:00,1584,LIQUIDITY_SWEEP,bullish,67183.39
2026-03-08T01:00:00+00:00,1585,LIQUIDITY_SWEEP,bullish,67181.04
2026-03-08T02:00:00+00:00,1586,LIQUIDITY_SWEEP,bearish,67353.57
2026-03-08T02:00:00+00:00,1586,MSS,bearish,67090.0
2026-03-08T03:00:00+00:00,1587,FVG,bearish,67090.0
2026-03-08T04:00:00+00:00,1588,LIQUIDITY_SWEEP,bearish,67083.1
2026-03-08T04:00:00+00:00,1588,MSS,bearish,66850.0
2026-03-08T04:00:00+00:00,1588,RETEST,bearish,66637.36
2026-03-08T10:00:00+00:00,1594,LIQUIDITY_SWEEP,bearish,67905.03
2026-03-08T11:00:00+00:00,1595,MSS,bearish,67680.99
2026-03-08T12:00:00+00:00,1596,MSS,bearish,67411.76
2026-03-08T12:00:00+00:00,1596,FVG,bearish,67680.99
2026-03-08T13:00:00+00:00,1597,LIQUIDITY_SWEEP,bullish,66888.0
2026-03-08T17:00:00+00:00,1601,LIQUIDITY_SWEEP,bullish,66802.47
2026-03-08T18:00:00+00:00,1602,LIQUIDITY_SWEEP,bullish,66800.01
2026-03-08T19:00:00+00:00,1603,MSS,bullish,67076.0
2026-03-08T20:00:00+00:00,1604,LIQUIDITY_SWEEP,bearish,67485.24
2026-03-08T21:00:00+00:00,1605,MSS,bearish,67028.45
2026-03-08T22:00:00+00:00,1606,MSS,bearish,66712.69
2026-03-08T22:00:00+00:00,1606,FVG,bearish,67028.45
2026-03-08T23:00:00+00:00,1607,FVG,bearish,66712.69
2026-03-09T00:00:00+00:00,1608,LIQUIDITY_SWEEP,bullish,65930.3
2026-03-09T00:00:00+00:00,1608,RETEST,bearish,66370.01
2026-03-09T02:00:00+00:00,1610,LIQUIDITY_SWEEP,bullish,66131.25
2026-03-09T03:00:00+00:00,1611,MSS,bullish,66707.58
2026-03-09T04:00:00+00:00,1612,FVG,bullish,66707.58
2026-03-09T05:00:00+00:00,1613,MSS,bullish,67610.0
2026-03-09T07:00:00+00:00,1615,LIQUIDITY_SWEEP,bullish,67236.78
2026-03-09T07:00:00+00:00,1615,RETEST,bullish,67555.13
2026-03-09T08:00:00+00:00,1616,MSS,bullish,67575.81
2026-03-09T09:00:00+00:00,1617,MSS,bullish,67929.19
2026-03-09T10:00:00+00:00,1618,LIQUIDITY_SWEEP,bullish,67566.65
2026-03-09T11:00:00+00:00,1619,LIQUIDITY_SWEEP,bullish,67556.72
2026-03-09T12:00:00+00:00,1620,MSS,bullish,67855.82
2026-03-09T13:00:00+00:00,1621,MSS,bullish,68348.26
2026-03-09T13:00:00+00:00,1621,FVG,bullish,67855.82
2026-03-09T14:00:00+00:00,1622,LIQUIDITY_SWEEP,bearish,69300.0
2026-03-09T16:00:00+00:00,1624,LIQUIDITY_SWEEP,bullish,68717.86
2026-03-09T18:00:00+00:00,1626,LIQUIDITY_SWEEP,bullish,68270.34
2026-03-09T19:00:00+00:00,1627,MSS,bullish,68705.76
2026-03-09T20:00:00+00:00,1628,FVG,bullish,68705.76
2026-03-09T21:00:00+00:00,1629,LIQUIDITY_SWEEP,bullish,68762.2
2026-03-09T21:00:00+00:00,1629,RETEST,bullish,68919.72
2026-03-10T00:00:00+00:00,1632,MSS,bullish,68694.73
2026-03-10T01:00:00+00:00,1633,LIQUIDITY_SWEEP,bearish,69290.42
2026-03-10T05:00:00+00:00,1637,LIQUIDITY_SWEEP,bearish,70132.27
2026-03-10T06:00:00+00:00,1638,LIQUIDITY_SWEEP,bullish,69885.71
2026-03-10T07:00:00+00:00,1639,MSS,bullish,70185.24
2026-03-10T08:00:00+00:00,1640,MSS,bullish,70546.74
2026-03-10T08:00:00+00:00,1640,FVG,bullish,70185.24
2026-03-10T09:00:00+00:00,1641,LIQUIDITY_SWEEP,bearish,71097.64
2026-03-10T11:00:00+00:00,1643,MSS,bearish,70660.89
2026-03-10T12:00:00+00:00,1644,MSS,bearish,70540.4
2026-03-10T12:00:00+00:00,1644,FVG,bearish,70660.89
2026-03-10T13:00:00+00:00,1645,LIQUIDITY_SWEEP,bearish,70628.19
2026-03-10T13:00:00+00:00,1645,MSS,bearish,70290.88
2026-03-10T13:00:00+00:00,1645,RETEST,bearish,69921.12
2026-03-10T14:00:00+00:00,1646,LIQUIDITY_SWEEP,bullish,69723.25
2026-03-10T14:00:00+00:00,1646,MSS,bullish,70926.46
2026-03-10T15:00:00+00:00,1647,LIQUIDITY_SWEEP,bearish,71527.54
2026-03-10T17:00:00+00:00,1649,MSS,bearish,70943.31
2026-03-10T18:00:00+00:00,1650,MSS,bearish,70512.64
2026-03-10T18:00:00+00:00,1650,FVG,bearish,70943.31
2026-03-10T19:00:00+00:00,1651,LIQUIDITY_SWEEP,bullish,69901.0
2026-03-10T20:00:00+00:00,1652,LIQUIDITY_SWEEP,bearish,70290.0
2026-03-10T21:00:00+00:00,1653,LIQUIDITY_SWEEP,bearish,70350.0
2026-03-10T21:00:00+00:00,1653,MSS,bearish,70007.52
2026-03-10T22:00:00+00:00,1654,LIQUIDITY_SWEEP,bullish,69541.91
2026-03-10T23:00:00+00:00,1655,MSS,bullish,69869.9
2026-03-11T00:00:00+00:00,1656,MSS,bullish,69981.8
2026-03-11T04:00:00+00:00,1660,MSS,bullish,69887.11
2026-03-11T05:00:00+00:00,1661,LIQUIDITY_SWEEP,bullish,69501.55
2026-03-11T07:00:00+00:00,1663,LIQUIDITY_SWEEP,bearish,69996.0
2026-03-11T08:00:00+00:00,1664,LIQUIDITY_SWEEP,bullish,69500.67
2026-03-11T11:00:00+00:00,1667,LIQUIDITY_SWEEP,bearish,69726.45
2026-03-11T11:00:00+00:00,1667,MSS,bearish,69390.91
2026-03-11T12:00:00+00:00,1668,LIQUIDITY_SWEEP,bullish,69150.28
2026-03-11T13:00:00+00:00,1669,MSS,bullish,69777.66
2026-03-11T13:00:00+00:00,1669,RETEST,bearish,70186.09
2026-03-11T14:00:00+00:00,1670,FVG,bullish,69777.66
2026-03-11T15:00:00+00:00,1671,LIQUIDITY_SWEEP,bullish,69906.77
2026-03-11T15:00:00+00:00,1671,RETEST,bullish,70227.91
2026-03-11T16:00:00+00:00,1672,LIQUIDITY_SWEEP,bearish,70654.43
2026-03-11T17:00:00+00:00,1673,LIQUIDITY_SWEEP,bearish,70826.39
2026-03-11T18:00:00+00:00,1674,LIQUIDITY_SWEEP,bullish,70512.01
2026-03-11T19:00:00+00:00,1675,LIQUIDITY_SWEEP,bullish,70415.27
2026-03-11T21:00:00+00:00,1677,MSS,bullish,70700.0
2026-03-11T22:00:00+00:00,1678,LIQUIDITY_SWEEP,bearish,70777.17
2026-03-11T22:00:00+00:00,1678,MSS,bearish,70499.94
2026-03-11T23:00:00+00:00,1679,MSS,bearish,70241.53
2026-03-12T01:00:00+00:00,1681,MSS,bearish,70130.23
2026-03-12T02:00:00+00:00,1682,MSS,bearish,69754.94
2026-03-12T02:00:00+00:00,1682,FVG,bearish,70130.23
2026-03-12T03:00:00+00:00,1683,FVG,bearish,69754.94
2026-03-12T04:00:00+00:00,1684,LIQUIDITY_SWEEP,bearish,69628.25
2026-03-12T04:00:00+00:00,1684,RETEST,bearish,69372.0
2026-03-12T05:00:00+00:00,1685,LIQUIDITY_SWEEP,bullish,69296.43
2026-03-12T06:00:00+00:00,1686,LIQUIDITY_SWEEP,bearish,69539.61
2026-03-12T09:00:00+00:00,1689,LIQUIDITY_SWEEP,bullish,69698.33
2026-03-12T10:00:00+00:00,1690,MSS,bullish,70400.0
2026-03-12T11:00:00+00:00,1691,LIQUIDITY_SWEEP,bearish,70511.0
2026-03-12T12:00:00+00:00,1692,LIQUIDITY_SWEEP,bullish,70367.97
2026-03-12T14:00:00+00:00,1694,LIQUIDITY_SWEEP,bearish,70534.65
2026-03-12T14:00:00+00:00,1694,MSS,bearish,69645.0
2026-03-12T16:00:00+00:00,1696,LIQUIDITY_SWEEP,bearish,70565.43
2026-03-12T18:00:00+00:00,1698,MSS,bearish,70076.16
2026-03-12T19:00:00+00:00,1699,LIQUIDITY_SWEEP,bullish,69800.0
2026-03-12T19:00:00+00:00,1699,MSS,bullish,70303.51
2026-03-12T20:00:00+00:00,1700,LIQUIDITY_SWEEP,bearish,70548.81
2026-03-12T22:00:00+00:00,1702,LIQUIDITY_SWEEP,bullish,70164.5
2026-03-12T23:00:00+00:00,1703,MSS,bullish,70305.26
2026-03-13T00:00:00+00:00,1704,MSS,bullish,70734.25
2026-03-13T00:00:00+00:00,1704,FVG,bullish,70305.26
2026-03-13T01:00:00+00:00,1705,FVG,bullish,70734.25
2026-03-13T02:00:00+00:00,1706,RETEST,bullish,71143.8
2026-03-13T03:00:00+00:00,1707,LIQUIDITY_SWEEP,bullish,71045.52
2026-03-13T05:00:00+00:00,1709,MSS,bullish,71493.77
2026-03-13T06:00:00+00:00,1710,LIQUIDITY_SWEEP,bullish,71242.02
2026-03-13T07:00:00+00:00,1711,MSS,bullish,71593.22
2026-03-13T08:00:00+00:00,1712,MSS,bullish,71672.76
2026-03-13T10:00:00+00:00,1714,MSS,bullish,72100.37
2026-03-13T11:00:00+00:00,1715,FVG,bullish,72100.37
2026-03-13T12:00:00+00:00,1716,MSS,bullish,72526.12
2026-03-13T13:00:00+00:00,1717,MSS,bullish,72884.68
2026-03-13T13:00:00+00:00,1717,FVG,bullish,72526.12
2026-03-13T14:00:00+00:00,1718,LIQUIDITY_SWEEP,bearish,73585.27
2026-03-13T14:00:00+00:00,1718,MSS,bearish,72684.88
2026-03-13T15:00:00+00:00,1719,MSS,bearish,72350.0
2026-03-13T16:00:00+00:00,1720,LIQUIDITY_SWEEP,bullish,71736.34
2026-03-13T17:00:00+00:00,1721,LIQUIDITY_SWEEP,bearish,72100.0
2026-03-13T17:00:00+00:00,1721,MSS,bearish,71154.54
2026-03-13T18:00:00+00:00,1722,LIQUIDITY_SWEEP,bullish,70914.09
2026-03-13T20:00:00+00:00,1724,MSS,bullish,71309.94
2026-03-13T21:00:00+00:00,1725,LIQUIDITY_SWEEP,bearish,71469.53
2026-03-13T21:00:00+00:00,1725,MSS,bearish,71150.0
2026-03-13T22:00:00+00:00,1726,MSS,bearish,71058.25
2026-03-13T23:00:00+00:00,1727,FVG,bearish,71058.25
2026-03-14T00:00:00+00:00,1728,MSS,bearish,70688.45
2026-03-14T01:00:00+00:00,1729,LIQUIDITY_SWEEP,bullish,70555.0
2026-03-14T02:00:00+00:00,1730,LIQUIDITY_SWEEP,bearish,70941.05
2026-03-14T04:00:00+00:00,1732,LIQUIDITY_SWEEP,bearish,71185.23
2026-03-14T04:00:00+00:00,1732,RETEST,bearish,71039.58
2026-03-14T05:00:00+00:00,1733,MSS,bearish,71021.11
2026-03-14T06:00:00+00:00,1734,MSS,bearish,70916.96
2026-03-14T06:00:00+00:00,1734,FVG,bearish,71021.11
2026-03-14T07:00:00+00:00,1735,FVG,bearish,70916.96
2026-03-14T09:00:00+00:00,1737,LIQUIDITY_SWEEP,bearish,70710.76
2026-03-14T09:00:00+00:00,1737,MSS,bearish,70536.58
2026-03-14T10:00:00+00:00,1738,LIQUIDITY_SWEEP,bullish,70400.0
2026-03-14T11:00:00+00:00,1739,MSS,bullish,70575.1
2026-03-14T11:00:00+00:00,1739,RETEST,bearish,70751.42
2026-03-14T12:00:00+00:00,1740,LIQUIDITY_SWEEP,bearish,70784.38
2026-03-14T14:00:00+00:00,1742,LIQUIDITY_SWEEP,bearish,70930.56
2026-03-14T14:00:00+00:00,1742,MSS,bearish,70711.54
2026-03-14T15:00:00+00:00,1743,LIQUIDITY_SWEEP,bullish,70578.76
2026-03-14T16:00:00+00:00,1744,LIQUIDITY_SWEEP,bullish,70501.0
2026-03-14T17:00:00+00:00,1745,LIQUIDITY_SWEEP,bearish,70709.4
2026-03-14T18:00:00+00:00,1746,LIQUIDITY_SWEEP,bullish,70590.0
2026-03-14T19:00:00+00:00,1747,LIQUIDITY_SWEEP,bearish,70708.88
2026-03-15T01:00:00+00:00,1753,LIQUIDITY_SWEEP,bullish,70967.59
2026-03-15T02:00:00+00:00,1754,MSS,bullish,71037.41
2026-03-15T03:00:00+00:00,1755,FVG,bullish,71037.41
2026-03-15T04:00:00+00:00,1756,MSS,bullish,71538.03
2026-03-15T05:00:00+00:00,1757,LIQUIDITY_SWEEP,bearish,71661.55
2026-03-15T06:00:00+00:00,1758,MSS,bearish,71476.0
2026-03-15T07:00:00+00:00,1759,LIQUIDITY_SWEEP,bearish,71595.43
2026-03-15T11:00:00+00:00,1763,LIQUIDITY_SWEEP,bullish,71714.37
2026-03-15T13:00:00+00:00,1765,LIQUIDITY_SWEEP,bullish,71560.21
2026-03-15T16:00:00+00:00,1768,LIQUIDITY_SWEEP,bullish,71410.0
2026-03-15T17:00:00+00:00,1769,MSS,bullish,71586.75
2026-03-15T20:00:00+00:00,1772,MSS,bullish,71582.83
2026-03-15T21:00:00+00:00,1773,MSS,bullish,71930.0
2026-03-15T21:00:00+00:00,1773,FVG,bullish,71582.83
2026-03-15T22:00:00+00:00,1774,MSS,bullish,72222.0
2026-03-15T23:00:00+00:00,1775,LIQUIDITY_SWEEP,bearish,73081.77
2026-03-16T01:00:00+00:00,1777,LIQUIDITY_SWEEP,bullish,72452.26
2026-03-16T03:00:00+00:00,1779,MSS,bullish,72852.28
2026-03-16T04:00:00+00:00,1780,LIQUIDITY_SWEEP,bearish,74330.34
2026-03-16T06:00:00+00:00,1782,MSS,bearish,73720.0
2026-03-16T07:00:00+00:00,1783,MSS,bearish,73610.0
2026-03-16T08:00:00+00:00,1784,MSS,bearish,73385.18
2026-03-16T09:00:00+00:00,1785,FVG,bearish,73385.18
2026-03-16T11:00:00+00:00,1787,LIQUIDITY_SWEEP,bearish,73783.42
2026-03-16T12:00:00+00:00,1788,LIQUIDITY_SWEEP,bullish,73515.33
2026-03-16T12:00:00+00:00,1788,MSS,bullish,73838.76
2026-03-16T13:00:00+00:00,1789,MSS,bullish,74044.0
2026-03-16T15:00:00+00:00,1791,RETEST,bearish,73274.76
2026-03-16T16:00:00+00:00,1792,LIQUIDITY_SWEEP,bullish,73186.5
2026-03-16T17:00:00+00:00,1793,MSS,bullish,73901.95
2026-03-16T18:00:00+00:00,1794,LIQUIDITY_SWEEP,bearish,74065.7
2026-03-16T19:00:00+00:00,1795,LIQUIDITY_SWEEP,bullish,73860.0
2026-03-16T21:00:00+00:00,1797,MSS,bullish,74248.95
2026-03-16T22:00:00+00:00,1798,LIQUIDITY_SWEEP,bearish,74799.0
2026-03-16T23:00:00+00:00,1799,LIQUIDITY_SWEEP,bullish,74378.43
2026-03-17T00:00:00+00:00,1800,MSS,bullish,74909.08
2026-03-17T01:00:00+00:00,1801,MSS,bullish,75520.23
2026-03-17T01:00:00+00:00,1801,FVG,bullish,74909.08
2026-03-17T05:00:00+00:00,1805,LIQUIDITY_SWEEP,bullish,73980.16
2026-03-17T07:00:00+00:00,1807,LIQUIDITY_SWEEP,bearish,74276.66
2026-03-17T09:00:00+00:00,1809,MSS,bearish,74108.01
2026-03-17T10:00:00+00:00,1810,MSS,bearish,73841.62
2026-03-17T10:00:00+00:00,1810,FVG,bearish,74108.01
2026-03-17T11:00:00+00:00,1811,RETEST,bearish,74033.11
2026-03-17T12:00:00+00:00,1812,LIQUIDITY_SWEEP,bullish,73682.01
2026-03-17T14:00:00+00:00,1814,MSS,bullish,74167.39
2026-03-17T15:00:00+00:00,1815,LIQUIDITY_SWEEP,bearish,74425.31
2026-03-17T19:00:00+00:00,1819,LIQUIDITY_SWEEP,bearish,74769.17
2026-03-17T20:00:00+00:00,1820,LIQUIDITY_SWEEP,bullish,74427.25
2026-03-17T21:00:00+00:00,1821,LIQUIDITY_SWEEP,bearish,74685.5
2026-03-17T22:00:00+00:00,1822,MSS,bearish,74450.01
2026-03-17T23:00:00+00:00,1823,MSS,bearish,73934.0
2026-03-17T23:00:00+00:00,1823,FVG,bearish,74450.01
2026-03-18T00:00:00+00:00,1824,MSS,bearish,73871.74
2026-03-18T02:00:00+00:00,1826,RETEST,bearish,74338.93
2026-03-18T03:00:00+00:00,1827,LIQUIDITY_SWEEP,bearish,74476.0
2026-03-18T04:00:00+00:00,1828,MSS,bearish,74250.27
2026-03-18T05:00:00+00:00,1829,MSS,bearish,74137.02
2026-03-18T07:00:00+00:00,1831,MSS,bearish,73938.1
2026-03-18T10:00:00+00:00,1834,MSS,bearish,74042.85
2026-03-18T11:00:00+00:00,1835,MSS,bearish,73816.26
2026-03-18T12:00:00+00:00,1836,MSS,bearish,72800.0
2026-03-18T12:00:00+00:00,1836,FVG,bearish,73816.26
2026-03-18T13:00:00+00:00,1837,MSS,bearish,72271.11
2026-03-18T13:00:00+00:00,1837,FVG,bearish,72800.0
2026-03-18T14:00:00+00:00,1838,MSS,bearish,71980.0
2026-03-18T14:00:00+00:00,1838,FVG,bearish,72271.11
2026-03-18T15:00:00+00:00,1839,LIQUIDITY_SWEEP,bullish,71100.0
2026-03-18T16:00:00+00:00,1840,LIQUIDITY_SWEEP,bearish,71531.54
2026-03-18T18:00:00+00:00,1842,LIQUIDITY_SWEEP,bearish,71750.0
2026-03-18T18:00:00+00:00,1842,MSS,bearish,71199.87
2026-03-18T19:00:00+00:00,1843,LIQUIDITY_SWEEP,bullish,70947.78
2026-03-18T20:00:00+00:00,1844,LIQUIDITY_SWEEP,bullish,70933.85
2026-03-18T21:00:00+00:00,1845,LIQUIDITY_SWEEP,bearish,71333.33
2026-03-18T22:00:00+00:00,1846,MSS,bearish,71167.15
2026-03-18T23:00:00+00:00,1847,LIQUIDITY_SWEEP,bearish,71269.02
2026-03-19T00:00:00+00:00,1848,MSS,bearish,71069.69
2026-03-19T01:00:00+00:00,1849,LIQUIDITY_SWEEP,bullish,70976.69
2026-03-19T02:00:00+00:00,1850,LIQUIDITY_SWEEP,bullish,70951.93
2026-03-19T03:00:00+00:00,1851,LIQUIDITY_SWEEP,bearish,71252.83
2026-03-19T04:00:00+00:00,1852,MSS,bearish,71053.33
2026-03-19T05:00:00+00:00,1853,FVG,bearish,71053.33
2026-03-19T06:00:00+00:00,1854,LIQUIDITY_SWEEP,bearish,70909.88
2026-03-19T06:00:00+00:00,1854,MSS,bearish,70661.56
2026-03-19T06:00:00+00:00,1854,RETEST,bearish,70583.22
2026-03-19T07:00:00+00:00,1855,MSS,bearish,70505.0
2026-03-19T07:00:00+00:00,1855,FVG,bearish,70661.56
2026-03-19T08:00:00+00:00,1856,FVG,bearish,70505.0
2026-03-19T10:00:00+00:00,1858,RETEST,bearish,70133.72
2026-03-19T11:00:00+00:00,1859,MSS,bearish,70117.0
2026-03-19T12:00:00+00:00,1860,MSS,bearish,69909.09
2026-03-19T12:00:00+00:00,1860,FVG,bearish,70117.0
2026-03-19T13:00:00+00:00,1861,LIQUIDITY_SWEEP,bullish,69105.49
2026-03-19T13:00:00+00:00,1861,RETEST,bearish,69905.65
2026-03-19T14:00:00+00:00,1862,LIQUIDITY_SWEEP,bearish,70084.35
2026-03-19T15:00:00+00:00,1863,LIQUIDITY_SWEEP,bullish,69096.16
2026-03-19T17:00:00+00:00,1865,LIQUIDITY_SWEEP,bullish,69177.19
2026-03-19T17:00:00+00:00,1865,MSS,bullish,69642.35
2026-03-19T19:00:00+00:00,1867,MSS,bullish,69931.1
2026-03-19T20:00:00+00:00,1868,LIQUIDITY_SWEEP,bearish,70596.42
2026-03-19T21:00:00+00:00,1869,LIQUIDITY_SWEEP,bearish,70676.0
2026-03-19T22:00:00+00:00,1870,MSS,bearish,70371.19
2026-03-19T23:00:00+00:00,1871,MSS,bearish,69954.05
2026-03-19T23:00:00+00:00,1871,FVG,bearish,70371.19
2026-03-20T00:00:00+00:00,1872,LIQUIDITY_SWEEP,bearish,70282.47
2026-03-20T00:00:00+00:00,1872,RETEST,bearish,70181.0
2026-03-20T02:00:00+00:00,1874,LIQUIDITY_SWEEP,bullish,70181.0
2026-03-20T03:00:00+00:00,1875,MSS,bullish,70516.16
2026-03-20T04:00:00+00:00,1876,LIQUIDITY_SWEEP,bearish,70809.43
2026-03-20T05:00:00+00:00,1877,LIQUIDITY_SWEEP,bullish,70557.91
2026-03-20T07:00:00+00:00,1879,LIQUIDITY_SWEEP,bullish,70346.49
2026-03-20T07:00:00+00:00,1879,MSS,bullish,70646.93
2026-03-20T08:00:00+00:00,1880,MSS,bullish,70939.58
2026-03-20T08:00:00+00:00,1880,FVG,bullish,70646.93
2026-03-20T10:00:00+00:00,1882,LIQUIDITY_SWEEP,bullish,70419.65
2026-03-20T11:00:00+00:00,1883,LIQUIDITY_SWEEP,bearish,70670.43
2026-03-20T12:00:00+00:00,1884,LIQUIDITY_SWEEP,bullish,70303.36
2026-03-20T15:00:00+00:00,1887,LIQUIDITY_SWEEP,bullish,69589.38
2026-03-20T16:00:00+00:00,1888,LIQUIDITY_SWEEP,bearish,70002.68
2026-03-20T17:00:00+00:00,1889,LIQUIDITY_SWEEP,bullish,69608.54
2026-03-20T18:00:00+00:00,1890,LIQUIDITY_SWEEP,bearish,70039.78
2026-03-20T20:00:00+00:00,1892,LIQUIDITY_SWEEP,bearish,70190.18
2026-03-20T22:00:00+00:00,1894,RETEST,bullish,70767.85
2026-03-20T23:00:00+00:00,1895,MSS,bearish,70532.0
2026-03-21T00:00:00+00:00,1896,LIQUIDITY_SWEEP,bearish,70771.13
2026-03-21T01:00:00+00:00,1897,MSS,bearish,70467.36
2026-03-21T02:00:00+00:00,1898,LIQUIDITY_SWEEP,bullish,70445.36
2026-03-21T04:00:00+00:00,1900,LIQUIDITY_SWEEP,bullish,70632.39
2026-03-21T05:00:00+00:00,1901,LIQUIDITY_SWEEP,bearish,70819.0
2026-03-21T07:00:00+00:00,1903,LIQUIDITY_SWEEP,bullish,70693.06
2026-03-21T10:00:00+00:00,1906,LIQUIDITY_SWEEP,bullish,70570.4
2026-03-21T12:00:00+00:00,1908,MSS,bullish,70652.73
2026-03-21T13:00:00+00:00,1909,LIQUIDITY_SWEEP,bearish,70800.0
2026-03-21T14:00:00+00:00,1910,LIQUIDITY_SWEEP,bearish,70812.74
2026-03-21T14:00:00+00:00,1910,MSS,bearish,70707.12
2026-03-21T15:00:00+00:00,1911,LIQUIDITY_SWEEP,bullish,70592.53
2026-03-21T17:00:00+00:00,1913,LIQUIDITY_SWEEP,bullish,70251.0
2026-03-21T18:00:00+00:00,1914,LIQUIDITY_SWEEP,bearish,70426.18
2026-03-21T21:00:00+00:00,1917,LIQUIDITY_SWEEP,bearish,70508.11
2026-03-21T21:00:00+00:00,1917,MSS,bearish,70358.9
2026-03-21T22:00:00+00:00,1918,LIQUIDITY_SWEEP,bullish,70268.06
2026-03-22T00:00:00+00:00,1920,LIQUIDITY_SWEEP,bullish,68571.42
2026-03-22T02:00:00+00:00,1922,MSS,bullish,69100.0
2026-03-22T03:00:00+00:00,1923,LIQUIDITY_SWEEP,bearish,69411.1
2026-03-22T05:00:00+00:00,1925,MSS,bearish,69215.89
2026-03-22T06:00:00+00:00,1926,LIQUIDITY_SWEEP,bullish,69150.0
2026-03-22T07:00:00+00:00,1927,LIQUIDITY_SWEEP,bearish,69245.79
2026-03-22T07:00:00+00:00,1927,MSS,bearish,69059.87
2026-03-22T08:00:00+00:00,1928,MSS,bearish,68892.93
2026-03-22T08:00:00+00:00,1928,FVG,bearish,69059.87
2026-03-22T10:00:00+00:00,1930,LIQUIDITY_SWEEP,bullish,68587.78
2026-03-22T12:00:00+00:00,1932,LIQUIDITY_SWEEP,bearish,68691.03
2026-03-22T13:00:00+00:00,1933,LIQUIDITY_SWEEP,bearish,68763.18
2026-03-22T14:00:00+00:00,1934,LIQUIDITY_SWEEP,bullish,68548.32
2026-03-22T15:00:00+00:00,1935,LIQUIDITY_SWEEP,bearish,68915.27
2026-03-22T15:00:00+00:00,1935,RETEST,bearish,68847.96
2026-03-22T16:00:00+00:00,1936,LIQUIDITY_SWEEP,bullish,68700.0
2026-03-22T17:00:00+00:00,1937,LIQUIDITY_SWEEP,bullish,68665.62
2026-03-22T20:00:00+00:00,1940,LIQUIDITY_SWEEP,bullish,68145.01
2026-03-22T22:00:00+00:00,1942,MSS,bullish,68228.71
2026-03-22T23:00:00+00:00,1943,LIQUIDITY_SWEEP,bearish,68396.94
2026-03-23T00:00:00+00:00,1944,MSS,bearish,67839.99
2026-03-23T03:00:00+00:00,1947,LIQUIDITY_SWEEP,bearish,68400.0
2026-03-23T04:00:00+00:00,1948,LIQUIDITY_SWEEP,bullish,68059.88
2026-03-23T05:00:00+00:00,1949,MSS,bullish,68550.0
2026-03-23T07:00:00+00:00,1951,LIQUIDITY_SWEEP,bullish,67698.86
2026-03-23T08:00:00+00:00,1952,LIQUIDITY_SWEEP,bearish,68464.42
2026-03-23T09:00:00+00:00,1953,LIQUIDITY_SWEEP,bullish,68328.55
2026-03-23T10:00:00+00:00,1954,MSS,bullish,68471.11
2026-03-23T11:00:00+00:00,1955,MSS,bullish,68714.28
2026-03-23T11:00:00+00:00,1955,FVG,bullish,68471.11
2026-03-23T12:00:00+00:00,1956,FVG,bullish,68714.28
2026-03-23T13:00:00+00:00,1957,MSS,bullish,70877.35
2026-03-23T14:00:00+00:00,1958,LIQUIDITY_SWEEP,bearish,71587.98
2026-03-23T15:00:00+00:00,1959,MSS,bearish,71127.14
2026-03-23T16:00:00+00:00,1960,FVG,bearish,71127.14
2026-03-23T17:00:00+00:00,1961,RETEST,bearish,71085.16
2026-03-23T18:00:00+00:00,1962,LIQUIDITY_SWEEP,bearish,71119.09
2026-03-23T19:00:00+00:00,1963,LIQUIDITY_SWEEP,bearish,71195.21
2026-03-23T19:00:00+00:00,1963,MSS,bearish,70879.85
2026-03-23T20:00:00+00:00,1964,LIQUIDITY_SWEEP,bullish,70649.4
2026-03-23T21:00:00+00:00,1965,LIQUIDITY_SWEEP,bearish,70983.33
2026-03-23T22:00:00+00:00,1966,MSS,bearish,70827.66
2026-03-23T23:00:00+00:00,1967,LIQUIDITY_SWEEP,bullish,70520.22
2026-03-23T23:00:00+00:00,1967,MSS,bullish,70896.76
2026-03-24T00:00:00+00:00,1968,LIQUIDITY_SWEEP,bearish,70998.0
2026-03-24T01:00:00+00:00,1969,LIQUIDITY_SWEEP,bullish,70423.36
2026-03-24T04:00:00+00:00,1972,LIQUIDITY_SWEEP,bearish,70583.36
2026-03-24T04:00:00+00:00,1972,MSS,bearish,70404.54
2026-03-24T05:00:00+00:00,1973,LIQUIDITY_SWEEP,bullish,70247.91
2026-03-24T06:00:00+00:00,1974,MSS,bullish,70374.38
2026-03-24T07:00:00+00:00,1975,MSS,bullish,70572.83
2026-03-24T07:00:00+00:00,1975,FVG,bullish,70374.38
2026-03-24T08:00:00+00:00,1976,FVG,bullish,70572.83
2026-03-24T09:00:00+00:00,1977,LIQUIDITY_SWEEP,bearish,71349.1
2026-03-24T11:00:00+00:00,1979,LIQUIDITY_SWEEP,bullish,71078.09
2026-03-24T18:00:00+00:00,1986,LIQUIDITY_SWEEP,bearish,69512.73
2026-03-24T22:00:00+00:00,1990,LIQUIDITY_SWEEP,bearish,70400.0
2026-03-24T23:00:00+00:00,1991,LIQUIDITY_SWEEP,bearish,70586.86
2026-03-25T00:00:00+00:00,1992,RETEST,bullish,70840.75
2026-03-25T02:00:00+00:00,1994,MSS,bearish,70629.72
2026-03-25T03:00:00+00:00,1995,LIQUIDITY_SWEEP,bullish,70490.77
2026-03-25T04:00:00+00:00,1996,MSS,bullish,70808.37
2026-03-25T05:00:00+00:00,1997,MSS,bullish,70977.49
2026-03-25T05:00:00+00:00,1997,FVG,bullish,70808.37
2026-03-25T06:00:00+00:00,1998,FVG,bullish,70977.49
2026-03-25T07:00:00+00:00,1999,LIQUIDITY_SWEEP,bearish,71260.0
2026-03-25T07:00:00+00:00,1999,MSS,bearish,70984.67
2026-03-25T08:00:00+00:00,2000,LIQUIDITY_SWEEP,bullish,70891.31
2026-03-25T08:00:00+00:00,2000,RETEST,bullish,71248.39
2026-03-25T10:00:00+00:00,2002,MSS,bullish,71415.12
2026-03-25T11:00:00+00:00,2003,MSS,bullish,71641.91
2026-03-25T11:00:00+00:00,2003,FVG,bullish,71415.12
2026-03-25T12:00:00+00:00,2004,LIQUIDITY_SWEEP,bullish,71470.49
2026-03-25T12:00:00+00:00,2004,RETEST,bullish,71715.24
2026-03-25T13:00:00+00:00,2005,LIQUIDITY_SWEEP,bearish,71955.17
2026-03-25T14:00:00+00:00,2006,MSS,bearish,71515.84
2026-03-25T15:00:00+00:00,2007,MSS,bearish,71230.51
2026-03-25T15:00:00+00:00,2007,FVG,bearish,71515.84
2026-03-25T16:00:00+00:00,2008,RETEST,bearish,71324.01
2026-03-25T18:00:00+00:00,2010,LIQUIDITY_SWEEP,bullish,70720.38
2026-03-25T20:00:00+00:00,2012,LIQUIDITY_SWEEP,bullish,70777.51
2026-03-25T21:00:00+00:00,2013,LIQUIDITY_SWEEP,bearish,71058.82
2026-03-25T22:00:00+00:00,2014,LIQUIDITY_SWEEP,bullish,70949.3
2026-03-25T22:00:00+00:00,2014,MSS,bullish,71175.0
2026-03-25T23:00:00+00:00,2015,FVG,bullish,71175.0
2026-03-26T00:00:00+00:00,2016,LIQUIDITY_SWEEP,bullish,71189.55
2026-03-26T00:00:00+00:00,2016,RETEST,bullish,71299.27
2026-03-26T06:00:00+00:00,2022,LIQUIDITY_SWEEP,bullish,69942.96
2026-03-26T07:00:00+00:00,2023,LIQUIDITY_SWEEP,bullish,69855.73
2026-03-26T09:00:00+00:00,2025,LIQUIDITY_SWEEP,bearish,70127.69
2026-03-26T09:00:00+00:00,2025,MSS,bearish,69806.39
2026-03-26T10:00:00+00:00,2026,FVG,bearish,69806.39
2026-03-26T11:00:00+00:00,2027,MSS,bearish,69464.58
2026-03-26T12:00:00+00:00,2028,FVG,bearish,69464.58
2026-03-26T13:00:00+00:00,2029,LIQUIDITY_SWEEP,bullish,69226.34
2026-03-26T13:00:00+00:00,2029,MSS,bullish,69461.28
2026-03-26T15:00:00+00:00,2031,RETEST,bearish,69082.64
2026-03-26T17:00:00+00:00,2033,LIQUIDITY_SWEEP,bearish,69142.94
2026-03-26T17:00:00+00:00,2033,MSS,bearish,68823.21
2026-03-26T18:00:00+00:00,2034,LIQUIDITY_SWEEP,bullish,68377.83
2026-03-26T19:00:00+00:00,2035,LIQUIDITY_SWEEP,bearish,68603.75
2026-03-26T22:00:00+00:00,2038,LIQUIDITY_SWEEP,bullish,68879.05
2026-03-27T00:00:00+00:00,2040,LIQUIDITY_SWEEP,bullish,68640.0
2026-03-27T01:00:00+00:00,2041,MSS,bullish,68965.15
2026-03-27T02:00:00+00:00,2042,LIQUIDITY_SWEEP,bearish,69066.51
2026-03-27T03:00:00+00:00,2043,MSS,bearish,68862.0
2026-03-27T04:00:00+00:00,2044,MSS,bearish,68668.72
2026-03-27T04:00:00+00:00,2044,FVG,bearish,68862.0
2026-03-27T05:00:00+00:00,2045,LIQUIDITY_SWEEP,bearish,68791.4
2026-03-27T05:00:00+00:00,2045,RETEST,bearish,68630.77
2026-03-27T07:00:00+00:00,2047,LIQUIDITY_SWEEP,bearish,68846.0
2026-03-27T07:00:00+00:00,2047,MSS,bearish,68567.62
2026-03-27T08:00:00+00:00,2048,MSS,bearish,68399.18
2026-03-27T09:00:00+00:00,2049,LIQUIDITY_SWEEP,bullish,67609.29
2026-03-27T11:00:00+00:00,2051,LIQUIDITY_SWEEP,bullish,66326.38
2026-03-27T14:00:00+00:00,2054,LIQUIDITY_SWEEP,bullish,66025.0
2026-03-27T15:00:00+00:00,2055,LIQUIDITY_SWEEP,bearish,66404.0
2026-03-27T16:00:00+00:00,2056,LIQUIDITY_SWEEP,bullish,65958.75
2026-03-27T17:00:00+00:00,2057,LIQUIDITY_SWEEP,bearish,66177.99
2026-03-27T17:00:00+00:00,2057,MSS,bearish,65812.43
2026-03-27T18:00:00+00:00,2058,LIQUIDITY_SWEEP,bullish,65600.0
2026-03-27T19:00:00+00:00,2059,MSS,bullish,65951.96
2026-03-27T20:00:00+00:00,2060,LIQUIDITY_SWEEP,bearish,66145.0
2026-03-27T21:00:00+00:00,2061,LIQUIDITY_SWEEP,bearish,66152.51
2026-03-27T22:00:00+00:00,2062,LIQUIDITY_SWEEP,bullish,66013.0
2026-03-27T23:00:00+00:00,2063,MSS,bullish,66098.01
2026-03-28T00:00:00+00:00,2064,MSS,bullish,66420.75
2026-03-28T00:00:00+00:00,2064,FVG,bullish,66098.01
2026-03-28T01:00:00+00:00,2065,RETEST,bullish,66178.85
2026-03-28T03:00:00+00:00,2067,LIQUIDITY_SWEEP,bearish,66251.67
2026-03-28T06:00:00+00:00,2070,LIQUIDITY_SWEEP,bearish,66407.96
2026-03-28T09:00:00+00:00,2073,MSS,bearish,66387.06
2026-03-28T10:00:00+00:00,2074,MSS,bearish,66243.01
2026-03-28T17:00:00+00:00,2081,MSS,bearish,66855.24
2026-03-28T19:00:00+00:00,2083,LIQUIDITY_SWEEP,bullish,66834.87
2026-03-28T20:00:00+00:00,2084,LIQUIDITY_SWEEP,bearish,66954.0
2026-03-28T21:00:00+00:00,2085,MSS,bearish,66906.0
2026-03-28T22:00:00+00:00,2086,LIQUIDITY_SWEEP,bullish,66600.01
2026-03-29T00:00:00+00:00,2088,LIQUIDITY_SWEEP,bullish,66283.38
2026-03-29T01:00:00+00:00,2089,MSS,bullish,66500.0
2026-03-29T02:00:00+00:00,2090,MSS,bullish,66620.0
2026-03-29T02:00:00+00:00,2090,FVG,bullish,66500.0
2026-03-29T03:00:00+00:00,2091,MSS,bullish,66843.66
2026-03-29T03:00:00+00:00,2091,FVG,bullish,66620.0
2026-03-29T04:00:00+00:00,2092,RETEST,bullish,66735.14
2026-03-29T05:00:00+00:00,2093,LIQUIDITY_SWEEP,bullish,66717.51
2026-03-29T06:00:00+00:00,2094,LIQUIDITY_SWEEP,bearish,66828.05
2026-03-29T07:00:00+00:00,2095,LIQUIDITY_SWEEP,bullish,66636.0
2026-03-29T08:00:00+00:00,2096,LIQUIDITY_SWEEP,bearish,66752.61
2026-03-29T09:00:00+00:00,2097,LIQUIDITY_SWEEP,bullish,66600.0
2026-03-29T11:00:00+00:00,2099,MSS,bullish,66634.02
2026-03-29T12:00:00+00:00,2100,FVG,bullish,66634.02
2026-03-29T13:00:00+00:00,2101,LIQUIDITY_SWEEP,bearish,66870.34
2026-03-29T13:00:00+00:00,2101,MSS,bearish,66703.07
2026-03-29T14:00:00+00:00,2102,LIQUIDITY_SWEEP,bullish,66524.28
2026-03-29T15:00:00+00:00,2103,LIQUIDITY_SWEEP,bullish,66461.0
2026-03-29T20:00:00+00:00,2108,MSS,bullish,66477.81
2026-03-29T21:00:00+00:00,2109,FVG,bullish,66477.81
2026-03-30T00:00:00+00:00,2112,LIQUIDITY_SWEEP,bullish,65859.91
2026-03-30T01:00:00+00:00,2113,RETEST,bullish,66653.74
2026-03-30T02:00:00+00:00,2114,MSS,bullish,66834.79
2026-03-30T03:00:00+00:00,2115,FVG,bullish,66834.79
2026-03-30T04:00:00+00:00,2116,MSS,bullish,67319.33
2026-03-30T05:00:00+00:00,2117,LIQUIDITY_SWEEP,bearish,67650.01
2026-03-30T06:00:00+00:00,2118,MSS,bearish,67442.0
2026-03-30T07:00:00+00:00,2119,LIQUIDITY_SWEEP,bullish,67278.53
2026-03-30T07:00:00+00:00,2119,MSS,bullish,67585.97
2026-03-30T08:00:00+00:00,2120,MSS,bullish,67624.39
2026-03-30T08:00:00+00:00,2120,FVG,bullish,67585.97
2026-03-30T10:00:00+00:00,2122,LIQUIDITY_SWEEP,bullish,67460.0
2026-03-30T11:00:00+00:00,2123,MSS,bullish,67518.37
2026-03-30T11:00:00+00:00,2123,RETEST,bullish,67680.45
2026-03-30T12:00:00+00:00,2124,FVG,bullish,67518.37
2026-03-30T13:00:00+00:00,2125,LIQUIDITY_SWEEP,bearish,67979.93
2026-03-30T13:00:00+00:00,2125,MSS,bearish,67666.17
2026-03-30T13:00:00+00:00,2125,RETEST,bullish,67529.52
2026-03-30T14:00:00+00:00,2126,LIQUIDITY_SWEEP,bullish,67428.57
2026-03-30T15:00:00+00:00,2127,LIQUIDITY_SWEEP,bearish,67864.49
2026-03-30T16:00:00+00:00,2128,MSS,bearish,67407.63
2026-03-30T17:00:00+00:00,2129,MSS,bearish,67222.0
2026-03-30T18:00:00+00:00,2130,LIQUIDITY_SWEEP,bullish,66650.0
2026-03-30T19:00:00+00:00,2131,LIQUIDITY_SWEEP,bullish,66508.25
2026-03-30T20:00:00+00:00,2132,LIQUIDITY_SWEEP,bearish,66664.57
2026-03-30T23:00:00+00:00,2135,LIQUIDITY_SWEEP,bullish,66683.72
2026-03-31T00:00:00+00:00,2136,MSS,bullish,66797.38
2026-03-31T01:00:00+00:00,2137,MSS,bullish,67303.33
2026-03-31T01:00:00+00:00,2137,FVG,bullish,66797.38
2026-03-31T02:00:00+00:00,2138,FVG,bullish,67303.33
2026-03-31T03:00:00+00:00,2139,RETEST,bullish,67704.74
2026-03-31T05:00:00+00:00,2141,LIQUIDITY_SWEEP,bullish,67405.89
2026-03-31T06:00:00+00:00,2142,LIQUIDITY_SWEEP,bullish,67400.0
2026-03-31T07:00:00+00:00,2143,LIQUIDITY_SWEEP,bullish,67333.33
2026-03-31T11:00:00+00:00,2147,MSS,bullish,66471.08
2026-03-31T12:00:00+00:00,2148,LIQUIDITY_SWEEP,bearish,66922.58
2026-03-31T14:00:00+00:00,2150,LIQUIDITY_SWEEP,bearish,67412.11
2026-03-31T14:00:00+00:00,2150,MSS,bearish,66653.27
2026-03-31T17:00:00+00:00,2153,LIQUIDITY_SWEEP,bearish,68030.19
2026-03-31T19:00:00+00:00,2155,LIQUIDITY_SWEEP,bearish,67947.98
2026-03-31T23:00:00+00:00,2159,LIQUIDITY_SWEEP,bearish,68341.16
2026-04-01T00:00:00+00:00,2160,LIQUIDITY_SWEEP,bullish,68090.2
2026-04-01T01:00:00+00:00,2161,LIQUIDITY_SWEEP,bearish,68343.77
2026-04-01T01:00:00+00:00,2161,MSS,bearish,67853.3
2026-04-01T02:00:00+00:00,2162,MSS,bearish,67760.33
2026-04-01T05:00:00+00:00,2165,LIQUIDITY_SWEEP,bearish,68476.26
2026-04-01T07:00:00+00:00,2167,LIQUIDITY_SWEEP,bearish,69236.78
2026-04-01T08:00:00+00:00,2168,LIQUIDITY_SWEEP,bullish,68667.02
2026-04-01T11:00:00+00:00,2171,MSS,bullish,68662.26
2026-04-01T12:00:00+00:00,2172,LIQUIDITY_SWEEP,bearish,68736.15
2026-04-01T12:00:00+00:00,2172,MSS,bearish,68505.91
2026-04-01T13:00:00+00:00,2173,MSS,bearish,68248.3
2026-04-01T14:00:00+00:00,2174,LIQUIDITY_SWEEP,bearish,68681.25
2026-04-01T16:00:00+00:00,2176,LIQUIDITY_SWEEP,bearish,68965.0
2026-04-01T17:00:00+00:00,2177,LIQUIDITY_SWEEP,bearish,68986.66
2026-04-01T17:00:00+00:00,2177,MSS,bearish,68610.0
2026-04-01T18:00:00+00:00,2178,MSS,bearish,68247.17
2026-04-01T18:00:00+00:00,2178,FVG,bearish,68610.0
2026-04-01T20:00:00+00:00,2180,LIQUIDITY_SWEEP,bullish,68028.19
2026-04-01T21:00:00+00:00,2181,MSS,bullish,68249.0
2026-04-01T21:00:00+00:00,2181,RETEST,bearish,68362.53
2026-04-01T23:00:00+00:00,2183,LIQUIDITY_SWEEP,bullish,68070.38
2026-04-02T00:00:00+00:00,2184,MSS,bullish,68250.0
2026-04-02T05:00:00+00:00,2189,LIQUIDITY_SWEEP,bearish,66655.46
2026-04-02T08:00:00+00:00,2192,MSS,bearish,66557.33
2026-04-02T09:00:00+00:00,2193,FVG,bearish,66557.33
2026-04-02T10:00:00+00:00,2194,LIQUIDITY_SWEEP,bullish,66294.0
2026-04-02T11:00:00+00:00,2195,LIQUIDITY_SWEEP,bearish,66511.79
2026-04-02T11:00:00+00:00,2195,MSS,bearish,66229.55
2026-04-02T12:00:00+00:00,2196,MSS,bearish,66167.1
2026-04-02T13:00:00+00:00,2197,LIQUIDITY_SWEEP,bullish,65961.66
2026-04-02T13:00:00+00:00,2197,MSS,bullish,66248.51
2026-04-02T14:00:00+00:00,2198,MSS,bullish,66285.81
2026-04-02T15:00:00+00:00,2199,FVG,bullish,66285.81
2026-04-02T16:00:00+00:00,2200,MSS,bullish,66994.51
2026-04-02T17:00:00+00:00,2201,LIQUIDITY_SWEEP,bearish,67300.0
2026-04-02T17:00:00+00:00,2201,MSS,bearish,66759.28
2026-04-02T18:00:00+00:00,2202,LIQUIDITY_SWEEP,bullish,66666.66
2026-04-02T18:00:00+00:00,2202,RETEST,bullish,66981.99
2026-04-02T19:00:00+00:00,2203,LIQUIDITY_SWEEP,bearish,67065.35
2026-04-02T20:00:00+00:00,2204,LIQUIDITY_SWEEP,bullish,66878.0
2026-04-02T21:00:00+00:00,2205,LIQUIDITY_SWEEP,bullish,66798.0
2026-04-02T22:00:00+00:00,2206,LIQUIDITY_SWEEP,bearish,67012.09
2026-04-02T23:00:00+00:00,2207,LIQUIDITY_SWEEP,bearish,67037.48
2026-04-03T00:00:00+00:00,2208,MSS,bearish,66855.5
2026-04-03T01:00:00+00:00,2209,MSS,bearish,66702.83
2026-04-03T02:00:00+00:00,2210,LIQUIDITY_SWEEP,bullish,66483.9
2026-04-03T05:00:00+00:00,2213,LIQUIDITY_SWEEP,bullish,66500.04
2026-04-03T07:00:00+00:00,2215,MSS,bullish,66800.0
2026-04-03T08:00:00+00:00,2216,LIQUIDITY_SWEEP,bearish,67247.38
2026-04-03T09:00:00+00:00,2217,MSS,bearish,66900.56
2026-04-03T10:00:00+00:00,2218,LIQUIDITY_SWEEP,bullish,66749.35
2026-04-03T11:00:00+00:00,2219,MSS,bullish,66898.97
2026-04-03T12:00:00+00:00,2220,LIQUIDITY_SWEEP,bearish,67057.42
2026-04-03T12:00:00+00:00,2220,MSS,bearish,66823.18
2026-04-03T13:00:00+00:00,2221,LIQUIDITY_SWEEP,bullish,66646.36
2026-04-03T14:00:00+00:00,2222,MSS,bullish,66735.62
2026-04-03T15:00:00+00:00,2223,LIQUIDITY_SWEEP,bearish,66990.59
2026-04-03T16:00:00+00:00,2224,LIQUIDITY_SWEEP,bearish,67028.37
2026-04-03T17:00:00+00:00,2225,LIQUIDITY_SWEEP,bullish,66827.14
2026-04-03T19:00:00+00:00,2227,LIQUIDITY_SWEEP,bullish,66786.12
2026-04-03T20:00:00+00:00,2228,LIQUIDITY_SWEEP,bearish,66911.19
2026-04-03T21:00:00+00:00,2229,LIQUIDITY_SWEEP,bullish,66831.97
2026-04-03T21:00:00+00:00,2229,MSS,bullish,66919.61
2026-04-03T23:00:00+00:00,2231,LIQUIDITY_SWEEP,bullish,66842.76
2026-04-04T00:00:00+00:00,2232,LIQUIDITY_SWEEP,bearish,66964.3
2026-04-04T01:00:00+00:00,2233,MSS,bearish,66876.7
2026-04-04T02:00:00+00:00,2234,LIQUIDITY_SWEEP,bullish,66827.22
2026-04-04T04:00:00+00:00,2236,LIQUIDITY_SWEEP,bullish,66830.23
2026-04-04T05:00:00+00:00,2237,MSS,bullish,66876.32
2026-04-04T06:00:00+00:00,2238,MSS,bullish,66936.72
2026-04-04T06:00:00+00:00,2238,FVG,bullish,66876.32
2026-04-04T07:00:00+00:00,2239,LIQUIDITY_SWEEP,bearish,67049.94
2026-04-04T08:00:00+00:00,2240,LIQUIDITY_SWEEP,bearish,67052.99
2026-04-04T08:00:00+00:00,2240,MSS,bearish,66943.34
2026-04-04T11:00:00+00:00,2243,LIQUIDITY_SWEEP,bearish,67167.0
2026-04-04T12:00:00+00:00,2244,LIQUIDITY_SWEEP,bullish,67083.43
2026-04-04T13:00:00+00:00,2245,MSS,bullish,67185.0
2026-04-04T14:00:00+00:00,2246,LIQUIDITY_SWEEP,bullish,67082.41
2026-04-04T15:00:00+00:00,2247,MSS,bullish,67223.51
2026-04-04T16:00:00+00:00,2248,FVG,bullish,67223.51
2026-04-04T17:00:00+00:00,2249,RETEST,bullish,67329.4
2026-04-04T18:00:00+00:00,2250,LIQUIDITY_SWEEP,bullish,67292.0
2026-04-04T19:00:00+00:00,2251,LIQUIDITY_SWEEP,bearish,67380.98
2026-04-04T20:00:00+00:00,2252,MSS,bearish,67275.0
2026-04-04T23:00:00+00:00,2255,MSS,bearish,67341.19
2026-04-05T00:00:00+00:00,2256,MSS,bearish,67261.32
2026-04-05T00:00:00+00:00,2256,FVG,bearish,67341.19
2026-04-05T01:00:00+00:00,2257,MSS,bearish,67168.08
2026-04-05T01:00:00+00:00,2257,FVG,bearish,67261.32
2026-04-05T02:00:00+00:00,2258,LIQUIDITY_SWEEP,bullish,67080.0
2026-04-05T03:00:00+00:00,2259,LIQUIDITY_SWEEP,bearish,67174.92
2026-04-05T04:00:00+00:00,2260,LIQUIDITY_SWEEP,bullish,67089.33
2026-04-05T08:00:00+00:00,2264,MSS,bullish,66914.48
2026-04-05T09:00:00+00:00,2265,MSS,bullish,66940.0
2026-04-05T10:00:00+00:00,2266,LIQUIDITY_SWEEP,bearish,67048.64
2026-04-05T12:00:00+00:00,2268,MSS,bearish,66973.67
2026-04-05T13:00:00+00:00,2269,FVG,bearish,66973.67
2026-04-05T14:00:00+00:00,2270,RETEST,bearish,66918.03
2026-04-05T19:00:00+00:00,2275,LIQUIDITY_SWEEP,bullish,67281.38
2026-04-05T20:00:00+00:00,2276,MSS,bullish,67560.45
2026-04-05T22:00:00+00:00,2278,LIQUIDITY_SWEEP,bullish,67408.07
2026-04-05T22:00:00+00:00,2278,MSS,bullish,67682.42
2026-04-05T23:00:00+00:00,2279,MSS,bullish,68374.75
2026-04-05T23:00:00+00:00,2279,FVG,bullish,67682.42
2026-04-06T00:00:00+00:00,2280,LIQUIDITY_SWEEP,bearish,69136.2
2026-04-06T01:00:00+00:00,2281,MSS,bearish,69034.18
2026-04-06T02:00:00+00:00,2282,LIQUIDITY_SWEEP,bullish,68787.13
2026-04-06T02:00:00+00:00,2282,MSS,bullish,69139.63
2026-04-06T04:00:00+00:00,2284,LIQUIDITY_SWEEP,bullish,69056.86
2026-04-06T05:00:00+00:00,2285,LIQUIDITY_SWEEP,bearish,69217.68
2026-04-06T06:00:00+00:00,2286,LIQUIDITY_SWEEP,bearish,69247.0
2026-04-06T06:00:00+00:00,2286,MSS,bearish,69086.0
2026-04-06T11:00:00+00:00,2291,MSS,bearish,69708.13
2026-04-06T12:00:00+00:00,2292,MSS,bearish,69565.01
2026-04-06T12:00:00+00:00,2292,FVG,bearish,69708.13
2026-04-06T13:00:00+00:00,2293,LIQUIDITY_SWEEP,bullish,69329.23
2026-04-06T14:00:00+00:00,2294,LIQUIDITY_SWEEP,bullish,69235.09
2026-04-06T14:00:00+00:00,2294,MSS,bullish,69550.0
2026-04-06T14:00:00+00:00,2294,RETEST,bearish,69654.38
2026-04-06T15:00:00+00:00,2295,MSS,bullish,69809.99
2026-04-06T16:00:00+00:00,2296,LIQUIDITY_SWEEP,bearish,69973.25
2026-04-06T17:00:00+00:00,2297,MSS,bearish,69782.11
2026-04-06T20:00:00+00:00,2300,LIQUIDITY_SWEEP,bearish,69899.99
2026-04-06T21:00:00+00:00,2301,MSS,bearish,69625.0
2026-04-06T22:00:00+00:00,2302,MSS,bearish,69423.09
2026-04-06T22:00:00+00:00,2302,FVG,bearish,69625.0
2026-04-06T23:00:00+00:00,2303,LIQUIDITY_SWEEP,bullish,68811.0
2026-04-07T00:00:00+00:00,2304,LIQUIDITY_SWEEP,bearish,68912.97
2026-04-07T01:00:00+00:00,2305,MSS,bearish,68723.81
2026-04-07T02:00:00+00:00,2306,LIQUIDITY_SWEEP,bullish,68352.52
2026-04-07T03:00:00+00:00,2307,MSS,bullish,68713.92
2026-04-07T04:00:00+00:00,2308,LIQUIDITY_SWEEP,bullish,68625.59
2026-04-07T04:00:00+00:00,2308,MSS,bullish,68800.94
2026-04-07T07:00:00+00:00,2311,LIQUIDITY_SWEEP,bearish,68669.01
2026-04-07T10:00:00+00:00,2314,MSS,bearish,68930.04
2026-04-07T11:00:00+00:00,2315,LIQUIDITY_SWEEP,bullish,68200.0
2026-04-07T12:00:00+00:00,2316,LIQUIDITY_SWEEP,bearish,68455.96
2026-04-07T13:00:00+00:00,2317,LIQUIDITY_SWEEP,bearish,68599.13
2026-04-07T14:00:00+00:00,2318,MSS,bearish,68198.12
2026-04-07T15:00:00+00:00,2319,LIQUIDITY_SWEEP,bullish,67763.64
2026-04-07T16:00:00+00:00,2320,LIQUIDITY_SWEEP,bearish,68268.6
2026-04-08T01:00:00+00:00,2329,MSS,bearish,71541.51
2026-04-08T02:00:00+00:00,2330,MSS,bearish,71452.68
2026-04-08T06:00:00+00:00,2334,LIQUIDITY_SWEEP,bearish,71831.6
2026-04-08T07:00:00+00:00,2335,LIQUIDITY_SWEEP,bullish,71581.14
2026-04-08T09:00:00+00:00,2337,LIQUIDITY_SWEEP,bullish,71627.59
2026-04-08T11:00:00+00:00,2339,LIQUIDITY_SWEEP,bullish,71457.61
2026-04-08T12:00:00+00:00,2340,MSS,bullish,71739.67
2026-04-08T13:00:00+00:00,2341,LIQUIDITY_SWEEP,bullish,71581.76
2026-04-08T16:00:00+00:00,2344,MSS,bullish,71349.05
2026-04-08T17:00:00+00:00,2345,MSS,bullish,71699.0
2026-04-08T17:00:00+00:00,2345,FVG,bullish,71349.05
2026-04-08T19:00:00+00:00,2347,LIQUIDITY_SWEEP,bullish,71085.22
2026-04-08T20:00:00+00:00,2348,MSS,bullish,71372.22
2026-04-08T20:00:00+00:00,2348,RETEST,bullish,71372.93
2026-04-08T21:00:00+00:00,2349,MSS,bullish,71481.7
2026-04-08T23:00:00+00:00,2351,LIQUIDITY_SWEEP,bullish,71064.84
2026-04-09T01:00:00+00:00,2353,LIQUIDITY_SWEEP,bullish,70650.0
2026-04-09T02:00:00+00:00,2354,MSS,bullish,70956.7
2026-04-09T05:00:00+00:00,2357,LIQUIDITY_SWEEP,bullish,70734.77
2026-04-09T07:00:00+00:00,2359,LIQUIDITY_SWEEP,bearish,71082.71
2026-04-09T08:00:00+00:00,2360,LIQUIDITY_SWEEP,bullish,70955.4
2026-04-09T08:00:00+00:00,2360,MSS,bullish,71116.0
2026-04-09T09:00:00+00:00,2361,MSS,bullish,71380.0
2026-04-09T13:00:00+00:00,2365,LIQUIDITY_SWEEP,bearish,71328.79
2026-04-09T13:00:00+00:00,2365,MSS,bearish,71040.0
2026-04-09T14:00:00+00:00,2366,LIQUIDITY_SWEEP,bullish,70629.3
2026-04-09T15:00:00+00:00,2367,MSS,bullish,71250.39
2026-04-09T16:00:00+00:00,2368,LIQUIDITY_SWEEP,bearish,72358.0
2026-04-09T17:00:00+00:00,2369,LIQUIDITY_SWEEP,bearish,72399.0
2026-04-09T18:00:00+00:00,2370,MSS,bearish,72062.38
2026-04-09T21:00:00+00:00,2373,LIQUIDITY_SWEEP,bearish,72458.31
2026-04-09T22:00:00+00:00,2374,LIQUIDITY_SWEEP,bearish,72700.0
2026-04-09T22:00:00+00:00,2374,MSS,bearish,72142.79
2026-04-09T23:00:00+00:00,2375,MSS,bearish,71945.94
2026-04-09T23:00:00+00:00,2375,FVG,bearish,72142.79
2026-04-10T00:00:00+00:00,2376,LIQUIDITY_SWEEP,bullish,71585.25
2026-04-10T00:00:00+00:00,2376,RETEST,bearish,71963.03
2026-04-10T01:00:00+00:00,2377,MSS,bullish,72028.4
2026-04-10T04:00:00+00:00,2380,MSS,bullish,72027.37
2026-04-10T05:00:00+00:00,2381,LIQUIDITY_SWEEP,bearish,72212.84
2026-04-10T06:00:00+00:00,2382,MSS,bearish,72010.4
2026-04-10T07:00:00+00:00,2383,MSS,bearish,71792.01
2026-04-10T07:00:00+00:00,2383,FVG,bearish,72010.4
2026-04-10T08:00:00+00:00,2384,LIQUIDITY_SWEEP,bullish,71428.0
2026-04-10T09:00:00+00:00,2385,MSS,bullish,71769.41
2026-04-10T09:00:00+00:00,2385,RETEST,bearish,71787.41
2026-04-10T10:00:00+00:00,2386,MSS,bullish,71873.0
2026-04-10T11:00:00+00:00,2387,MSS,bullish,71928.29
2026-04-10T11:00:00+00:00,2387,FVG,bullish,71873.0
2026-04-10T12:00:00+00:00,2388,LIQUIDITY_SWEEP,bearish,72261.93
2026-04-10T13:00:00+00:00,2389,LIQUIDITY_SWEEP,bullish,72007.5
2026-04-10T13:00:00+00:00,2389,RETEST,bullish,72321.4
2026-04-10T14:00:00+00:00,2390,MSS,bullish,72409.41
2026-04-10T15:00:00+00:00,2391,LIQUIDITY_SWEEP,bearish,73155.58
2026-04-10T18:00:00+00:00,2394,LIQUIDITY_SWEEP,bearish,73146.0
2026-04-10T21:00:00+00:00,2397,LIQUIDITY_SWEEP,bullish,73051.97
2026-04-11T00:00:00+00:00,2400,LIQUIDITY_SWEEP,bullish,72791.96
2026-04-11T01:00:00+00:00,2401,LIQUIDITY_SWEEP,bullish,72787.94
2026-04-11T02:00:00+00:00,2402,LIQUIDITY_SWEEP,bearish,72999.99
2026-04-11T03:00:00+00:00,2403,MSS,bearish,72910.93
2026-04-11T04:00:00+00:00,2404,MSS,bearish,72814.42
2026-04-11T05:00:00+00:00,2405,LIQUIDITY_SWEEP,bullish,72681.9
2026-04-11T06:00:00+00:00,2406,LIQUIDITY_SWEEP,bullish,72679.08
2026-04-11T07:00:00+00:00,2407,LIQUIDITY_SWEEP,bearish,72771.32
2026-04-11T08:00:00+00:00,2408,MSS,bearish,72672.56
2026-04-11T09:00:00+00:00,2409,LIQUIDITY_SWEEP,bullish,72638.44
2026-04-11T09:00:00+00:00,2409,MSS,bullish,72799.57
2026-04-11T10:00:00+00:00,2410,LIQUIDITY_SWEEP,bearish,72908.0
2026-04-11T12:00:00+00:00,2412,LIQUIDITY_SWEEP,bullish,72826.37
2026-04-11T12:00:00+00:00,2412,MSS,bullish,72912.0
2026-04-11T15:00:00+00:00,2415,MSS,bullish,72770.91
2026-04-11T16:00:00+00:00,2416,MSS,bullish,72896.03
2026-04-11T16:00:00+00:00,2416,FVG,bullish,72770.91
2026-04-11T17:00:00+00:00,2417,FVG,bullish,72896.03
2026-04-11T18:00:00+00:00,2418,MSS,bullish,73169.04
2026-04-11T19:00:00+00:00,2419,LIQUIDITY_SWEEP,bearish,73726.13
2026-04-11T20:00:00+00:00,2420,MSS,bearish,73472.38
2026-04-11T21:00:00+00:00,2421,LIQUIDITY_SWEEP,bullish,73226.28
2026-04-11T22:00:00+00:00,2422,LIQUIDITY_SWEEP,bearish,73548.08
2026-04-11T23:00:00+00:00,2423,MSS,bearish,73234.25
2026-04-11T23:00:00+00:00,2423,RETEST,bullish,73043.16
2026-04-12T00:00:00+00:00,2424,LIQUIDITY_SWEEP,bullish,72907.4
2026-04-12T01:00:00+00:00,2425,LIQUIDITY_SWEEP,bearish,73117.32
2026-04-12T01:00:00+00:00,2425,MSS,bearish,72873.25
2026-04-12T02:00:00+00:00,2426,FVG,bearish,72873.25
2026-04-12T04:00:00+00:00,2428,MSS,bearish,71593.18
2026-04-12T05:00:00+00:00,2429,LIQUIDITY_SWEEP,bullish,71444.68
2026-04-12T05:00:00+00:00,2429,MSS,bullish,71685.31
2026-04-12T07:00:00+00:00,2431,LIQUIDITY_SWEEP,bullish,71633.77
2026-04-12T08:00:00+00:00,2432,LIQUIDITY_SWEEP,bearish,71747.31
2026-04-12T09:00:00+00:00,2433,MSS,bearish,71595.0
2026-04-12T10:00:00+00:00,2434,LIQUIDITY_SWEEP,bearish,71633.01
2026-04-12T10:00:00+00:00,2434,MSS,bearish,71488.45
2026-04-12T12:00:00+00:00,2436,MSS,bearish,71412.57
2026-04-12T13:00:00+00:00,2437,MSS,bearish,71077.44
2026-04-12T13:00:00+00:00,2437,FVG,bearish,71412.57
2026-04-12T14:00:00+00:00,2438,MSS,bearish,70866.82
2026-04-12T15:00:00+00:00,2439,LIQUIDITY_SWEEP,bullish,70700.0
2026-04-12T16:00:00+00:00,2440,MSS,bullish,70932.0
2026-04-12T17:00:00+00:00,2441,MSS,bullish,70959.51
2026-04-12T17:00:00+00:00,2441,RETEST,bearish,71140.51
2026-04-12T18:00:00+00:00,2442,LIQUIDITY_SWEEP,bearish,71202.0
2026-04-12T19:00:00+00:00,2443,LIQUIDITY_SWEEP,bearish,71214.08
2026-04-12T20:00:00+00:00,2444,LIQUIDITY_SWEEP,bullish,71078.76
2026-04-12T20:00:00+00:00,2444,MSS,bullish,71222.58
2026-04-12T21:00:00+00:00,2445,LIQUIDITY_SWEEP,bearish,71440.0
2026-04-12T22:00:00+00:00,2446,MSS,bearish,71163.01
2026-04-12T23:00:00+00:00,2447,FVG,bearish,71163.01
2026-04-13T02:00:00+00:00,2450,LIQUIDITY_SWEEP,bullish,71027.26
2026-04-13T02:00:00+00:00,2450,RETEST,bearish,71073.14
2026-04-13T05:00:00+00:00,2453,LIQUIDITY_SWEEP,bullish,70854.29
2026-04-13T06:00:00+00:00,2454,MSS,bullish,70920.0
2026-04-13T09:00:00+00:00,2457,LIQUIDITY_SWEEP,bearish,70861.01
2026-04-13T15:00:00+00:00,2463,LIQUIDITY_SWEEP,bearish,72401.0
2026-04-13T17:00:00+00:00,2465,LIQUIDITY_SWEEP,bearish,72437.25
2026-04-13T18:00:00+00:00,2466,LIQUIDITY_SWEEP,bullish,72069.01
2026-04-13T19:00:00+00:00,2467,MSS,bullish,72460.42
2026-04-13T20:00:00+00:00,2468,FVG,bullish,72460.42
2026-04-13T22:00:00+00:00,2470,MSS,bullish,73368.08
2026-04-13T23:00:00+00:00,2471,LIQUIDITY_SWEEP,bearish,74746.61
2026-04-14T00:00:00+00:00,2472,MSS,bearish,74405.64
2026-04-14T01:00:00+00:00,2473,LIQUIDITY_SWEEP,bullish,74102.39
2026-04-14T02:00:00+00:00,2474,LIQUIDITY_SWEEP,bearish,74431.0
2026-04-14T03:00:00+00:00,2475,LIQUIDITY_SWEEP,bullish,74283.2
2026-04-14T04:00:00+00:00,2476,LIQUIDITY_SWEEP,bearish,74496.9
2026-04-14T05:00:00+00:00,2477,MSS,bearish,74351.55
2026-04-14T07:00:00+00:00,2479,LIQUIDITY_SWEEP,bearish,74550.0
2026-04-14T09:00:00+00:00,2481,LIQUIDITY_SWEEP,bullish,74460.64
2026-04-14T11:00:00+00:00,2483,LIQUIDITY_SWEEP,bullish,74333.46
2026-04-14T12:00:00+00:00,2484,LIQUIDITY_SWEEP,bullish,74307.35
2026-04-14T12:00:00+00:00,2484,MSS,bullish,74450.63
2026-04-14T13:00:00+00:00,2485,MSS,bullish,74485.06
2026-04-14T14:00:00+00:00,2486,LIQUIDITY_SWEEP,bearish,75532.94
2026-04-14T15:00:00+00:00,2487,LIQUIDITY_SWEEP,bullish,75013.61
2026-04-14T16:00:00+00:00,2488,LIQUIDITY_SWEEP,bullish,74564.34
2026-04-14T17:00:00+00:00,2489,LIQUIDITY_SWEEP,bullish,74527.02
2026-04-14T20:00:00+00:00,2492,LIQUIDITY_SWEEP,bearish,74398.43
2026-04-14T21:00:00+00:00,2493,LIQUIDITY_SWEEP,bullish,74015.53
2026-04-14T22:00:00+00:00,2494,LIQUIDITY_SWEEP,bullish,73951.64
2026-04-15T00:00:00+00:00,2496,MSS,bullish,74232.83
2026-04-15T01:00:00+00:00,2497,LIQUIDITY_SWEEP,bearish,74677.19
2026-04-15T02:00:00+00:00,2498,MSS,bearish,74500.0
2026-04-15T03:00:00+00:00,2499,LIQUIDITY_SWEEP,bullish,74188.0
2026-04-15T04:00:00+00:00,2500,LIQUIDITY_SWEEP,bearish,74372.84
2026-04-15T05:00:00+00:00,2501,MSS,bearish,74261.47
2026-04-15T06:00:00+00:00,2502,LIQUIDITY_SWEEP,bullish,73864.01
2026-04-15T08:00:00+00:00,2504,MSS,bullish,74016.67
2026-04-15T10:00:00+00:00,2506,LIQUIDITY_SWEEP,bearish,74176.49
2026-04-15T10:00:00+00:00,2506,MSS,bearish,73909.49
2026-04-15T11:00:00+00:00,2507,LIQUIDITY_SWEEP,bearish,74250.0
2026-04-15T13:00:00+00:00,2509,LIQUIDITY_SWEEP,bullish,74051.64
2026-04-15T14:00:00+00:00,2510,LIQUIDITY_SWEEP,bearish,74434.51
2026-04-15T15:00:00+00:00,2511,LIQUIDITY_SWEEP,bullish,73830.0
2026-04-15T17:00:00+00:00,2513,LIQUIDITY_SWEEP,bearish,74176.0
2026-04-15T23:00:00+00:00,2519,LIQUIDITY_SWEEP,bullish,74740.02
2026-04-16T00:00:00+00:00,2520,LIQUIDITY_SWEEP,bullish,74620.95
2026-04-16T02:00:00+00:00,2522,MSS,bullish,74815.09
2026-04-16T03:00:00+00:00,2523,FVG,bullish,74815.09
2026-04-16T04:00:00+00:00,2524,LIQUIDITY_SWEEP,bullish,74865.5
2026-04-16T04:00:00+00:00,2524,RETEST,bullish,74944.15
2026-04-16T06:00:00+00:00,2526,LIQUIDITY_SWEEP,bullish,74900.0
2026-04-16T08:00:00+00:00,2528,LIQUIDITY_SWEEP,bullish,74636.0
2026-04-16T09:00:00+00:00,2529,LIQUIDITY_SWEEP,bearish,74744.35
2026-04-16T10:00:00+00:00,2530,MSS,bearish,74594.01
2026-04-16T11:00:00+00:00,2531,LIQUIDITY_SWEEP,bearish,74653.12
2026-04-16T12:00:00+00:00,2532,LIQUIDITY_SWEEP,bearish,74663.27
2026-04-16T13:00:00+00:00,2533,LIQUIDITY_SWEEP,bearish,74872.0
2026-04-16T13:00:00+00:00,2533,MSS,bearish,74574.79
2026-04-16T14:00:00+00:00,2534,FVG,bearish,74574.79
2026-04-16T16:00:00+00:00,2536,LIQUIDITY_SWEEP,bearish,74878.99
2026-04-16T16:00:00+00:00,2536,RETEST,bearish,74175.57
2026-04-16T17:00:00+00:00,2537,LIQUIDITY_SWEEP,bullish,74063.0
2026-04-16T18:00:00+00:00,2538,MSS,bullish,74438.31
2026-04-16T19:00:00+00:00,2539,MSS,bullish,75089.0
2026-04-16T19:00:00+00:00,2539,FVG,bullish,74438.31
2026-04-16T20:00:00+00:00,2540,LIQUIDITY_SWEEP,bearish,75410.71
2026-04-16T21:00:00+00:00,2541,MSS,bearish,75001.0
2026-04-17T01:00:00+00:00,2545,MSS,bearish,74886.82
2026-04-17T01:00:00+00:00,2545,RETEST,bullish,74750.0
2026-04-17T02:00:00+00:00,2546,LIQUIDITY_SWEEP,bullish,74569.99
2026-04-17T03:00:00+00:00,2547,LIQUIDITY_SWEEP,bearish,74802.98
2026-04-17T04:00:00+00:00,2548,LIQUIDITY_SWEEP,bullish,74606.12
2026-04-17T05:00:00+00:00,2549,LIQUIDITY_SWEEP,bullish,74589.88
2026-04-17T06:00:00+00:00,2550,MSS,bullish,74801.13
2026-04-17T07:00:00+00:00,2551,MSS,bullish,74950.0
2026-04-17T07:00:00+00:00,2551,FVG,bullish,74801.13
2026-04-17T08:00:00+00:00,2552,MSS,bullish,75089.51
2026-04-17T08:00:00+00:00,2552,FVG,bullish,74950.0
2026-04-17T09:00:00+00:00,2553,LIQUIDITY_SWEEP,bearish,75881.95
2026-04-17T10:00:00+00:00,2554,MSS,bearish,75518.78
2026-04-17T16:00:00+00:00,2560,LIQUIDITY_SWEEP,bearish,77999.0
2026-04-17T17:00:00+00:00,2561,MSS,bearish,77705.2
2026-04-17T18:00:00+00:00,2562,LIQUIDITY_SWEEP,bullish,77101.49
2026-04-17T19:00:00+00:00,2563,LIQUIDITY_SWEEP,bullish,77088.23
2026-04-17T20:00:00+00:00,2564,LIQUIDITY_SWEEP,bearish,77473.44
2026-04-17T22:00:00+00:00,2566,LIQUIDITY_SWEEP,bullish,77278.72
2026-04-18T01:00:00+00:00,2569,LIQUIDITY_SWEEP,bearish,77258.55
2026-04-18T02:00:00+00:00,2570,LIQUIDITY_SWEEP,bearish,77330.0
2026-04-18T03:00:00+00:00,2571,MSS,bearish,77124.63
2026-04-18T04:00:00+00:00,2572,LIQUIDITY_SWEEP,bullish,76962.67
2026-04-18T05:00:00+00:00,2573,LIQUIDITY_SWEEP,bearish,77162.08
2026-04-18T06:00:00+00:00,2574,LIQUIDITY_SWEEP,bullish,77100.73
2026-04-18T09:00:00+00:00,2577,LIQUIDITY_SWEEP,bullish,76501.0
2026-04-18T12:00:00+00:00,2580,MSS,bullish,76189.56
2026-04-18T13:00:00+00:00,2581,LIQUIDITY_SWEEP,bullish,76039.05
2026-04-18T14:00:00+00:00,2582,MSS,bullish,76212.7
2026-04-18T15:00:00+00:00,2583,LIQUIDITY_SWEEP,bearish,76288.4
2026-04-18T16:00:00+00:00,2584,MSS,bearish,76003.97
2026-04-18T17:00:00+00:00,2585,FVG,bearish,76003.97
2026-04-18T18:00:00+00:00,2586,MSS,bearish,75778.69
2026-04-18T20:00:00+00:00,2588,LIQUIDITY_SWEEP,bearish,75796.32
2026-04-18T21:00:00+00:00,2589,LIQUIDITY_SWEEP,bullish,75608.44
2026-04-18T22:00:00+00:00,2590,LIQUIDITY_SWEEP,bearish,75839.1
2026-04-18T23:00:00+00:00,2591,LIQUIDITY_SWEEP,bearish,75873.1
2026-04-19T00:00:00+00:00,2592,LIQUIDITY_SWEEP,bullish,75685.69
2026-04-19T01:00:00+00:00,2593,LIQUIDITY_SWEEP,bullish,75551.73
2026-04-19T02:00:00+00:00,2594,LIQUIDITY_SWEEP,bullish,75457.11
2026-04-19T03:00:00+00:00,2595,LIQUIDITY_SWEEP,bullish,75407.84
2026-04-19T04:00:00+00:00,2596,MSS,bullish,75637.44
2026-04-19T11:00:00+00:00,2603,MSS,bullish,75243.02
2026-04-19T12:00:00+00:00,2604,LIQUIDITY_SWEEP,bearish,75641.99
2026-04-19T13:00:00+00:00,2605,RETEST,bearish,75921.75
2026-04-19T15:00:00+00:00,2607,LIQUIDITY_SWEEP,bullish,75674.55
2026-04-19T18:00:00+00:00,2610,LIQUIDITY_SWEEP,bullish,74638.31
2026-04-19T19:00:00+00:00,2611,MSS,bullish,74908.62
2026-04-20T00:00:00+00:00,2616,LIQUIDITY_SWEEP,bullish,73790.0
2026-04-20T00:00:00+00:00,2616,MSS,bullish,74054.22
2026-04-20T01:00:00+00:00,2617,MSS,bullish,74360.43
2026-04-20T01:00:00+00:00,2617,FVG,bullish,74054.22
2026-04-20T03:00:00+00:00,2619,MSS,bullish,74627.99
2026-04-20T05:00:00+00:00,2621,RETEST,bullish,74264.15
2026-04-20T06:00:00+00:00,2622,MSS,bullish,74567.63
2026-04-20T07:00:00+00:00,2623,LIQUIDITY_SWEEP,bearish,74894.11
2026-04-20T08:00:00+00:00,2624,LIQUIDITY_SWEEP,bullish,74670.86
2026-04-20T09:00:00+00:00,2625,MSS,bullish,74998.83
2026-04-20T10:00:00+00:00,2626,LIQUIDITY_SWEEP,bearish,75233.0
2026-04-20T11:00:00+00:00,2627,LIQUIDITY_SWEEP,bullish,75003.63
2026-04-20T12:00:00+00:00,2628,MSS,bullish,75287.88
2026-04-20T13:00:00+00:00,2629,LIQUIDITY_SWEEP,bullish,75043.86
2026-04-20T14:00:00+00:00,2630,LIQUIDITY_SWEEP,bearish,75434.41
2026-04-20T15:00:00+00:00,2631,LIQUIDITY_SWEEP,bullish,74921.42
2026-04-20T17:00:00+00:00,2633,LIQUIDITY_SWEEP,bullish,75299.26
2026-04-20T17:00:00+00:00,2633,MSS,bullish,75723.99
2026-04-20T18:00:00+00:00,2634,MSS,bullish,75991.47
2026-04-20T18:00:00+00:00,2634,FVG,bullish,75723.99
2026-04-20T19:00:00+00:00,2635,LIQUIDITY_SWEEP,bearish,76453.19
2026-04-20T20:00:00+00:00,2636,LIQUIDITY_SWEEP,bullish,76154.49
2026-04-20T21:00:00+00:00,2637,RETEST,bullish,75954.71
2026-04-21T00:00:00+00:00,2640,MSS,bullish,75974.24
2026-04-21T01:00:00+00:00,2641,LIQUIDITY_SWEEP,bearish,76099.19
2026-04-21T02:00:00+00:00,2642,MSS,bearish,75866.01
2026-04-21T03:00:00+00:00,2643,LIQUIDITY_SWEEP,bullish,75580.0
2026-04-21T04:00:00+00:00,2644,MSS,bullish,75721.12
2026-04-21T05:00:00+00:00,2645,LIQUIDITY_SWEEP,bearish,75823.49
2026-04-21T06:00:00+00:00,2646,LIQUIDITY_SWEEP,bullish,75782.75
2026-04-21T07:00:00+00:00,2647,LIQUIDITY_SWEEP,bearish,76129.95
2026-04-21T11:00:00+00:00,2651,LIQUIDITY_SWEEP,bullish,76349.59
2026-04-21T14:00:00+00:00,2654,LIQUIDITY_SWEEP,bearish,76179.75
2026-04-21T14:00:00+00:00,2654,MSS,bearish,75736.33
2026-04-21T15:00:00+00:00,2655,LIQUIDITY_SWEEP,bullish,75625.28
2026-04-21T16:00:00+00:00,2656,LIQUIDITY_SWEEP,bearish,75979.78
2026-04-21T17:00:00+00:00,2657,MSS,bearish,75760.0
2026-04-21T18:00:00+00:00,2658,FVG,bearish,75760.0
2026-04-21T19:00:00+00:00,2659,LIQUIDITY_SWEEP,bearish,75668.24
2026-04-21T19:00:00+00:00,2659,MSS,bearish,75310.88
2026-04-21T19:00:00+00:00,2659,RETEST,bearish,75023.43
2026-04-21T22:00:00+00:00,2662,LIQUIDITY_SWEEP,bullish,75431.62
2026-04-21T23:00:00+00:00,2663,MSS,bullish,75650.04
2026-04-22T00:00:00+00:00,2664,LIQUIDITY_SWEEP,bearish,76425.37
2026-04-22T01:00:00+00:00,2665,LIQUIDITY_SWEEP,bullish,76220.4
2026-04-22T02:00:00+00:00,2666,MSS,bullish,76416.24
2026-04-22T03:00:00+00:00,2667,LIQUIDITY_SWEEP,bearish,77645.35
2026-04-22T04:00:00+00:00,2668,LIQUIDITY_SWEEP,bullish,77397.88
2026-04-22T05:00:00+00:00,2669,MSS,bullish,77700.0
2026-04-22T06:00:00+00:00,2670,FVG,bullish,77700.0
2026-04-22T07:00:00+00:00,2671,LIQUIDITY_SWEEP,bullish,77900.0
2026-04-22T07:00:00+00:00,2671,RETEST,bullish,78012.79
2026-04-22T08:00:00+00:00,2672,LIQUIDITY_SWEEP,bearish,78111.0
2026-04-22T10:00:00+00:00,2674,LIQUIDITY_SWEEP,bullish,77956.76
2026-04-22T11:00:00+00:00,2675,MSS,bullish,78180.0
2026-04-22T12:00:00+00:00,2676,LIQUIDITY_SWEEP,bearish,78399.0
2026-04-22T16:00:00+00:00,2680,LIQUIDITY_SWEEP,bearish,79400.0
2026-04-22T16:00:00+00:00,2680,MSS,bearish,78837.66
2026-04-22T18:00:00+00:00,2682,LIQUIDITY_SWEEP,bearish,79034.73
2026-04-22T19:00:00+00:00,2683,LIQUIDITY_SWEEP,bullish,78828.76
2026-04-22T22:00:00+00:00,2686,LIQUIDITY_SWEEP,bearish,78821.86
2026-04-22T23:00:00+00:00,2687,MSS,bearish,78456.15
2026-04-23T00:00:00+00:00,2688,LIQUIDITY_SWEEP,bullish,78155.83
2026-04-23T05:00:00+00:00,2693,MSS,bullish,77949.09
2026-04-23T06:00:00+00:00,2694,MSS,bullish,78110.01
2026-04-23T06:00:00+00:00,2694,FVG,bullish,77949.09
2026-04-23T07:00:00+00:00,2695,LIQUIDITY_SWEEP,bullish,78034.0
2026-04-23T07:00:00+00:00,2695,RETEST,bullish,78048.62
2026-04-23T11:00:00+00:00,2699,LIQUIDITY_SWEEP,bearish,77709.16
2026-04-23T13:00:00+00:00,2701,LIQUIDITY_SWEEP,bullish,77491.18
2026-04-23T14:00:00+00:00,2702,MSS,bullish,77904.37
2026-04-23T15:00:00+00:00,2703,MSS,bullish,78201.53
2026-04-23T15:00:00+00:00,2703,FVG,bullish,77904.37
2026-04-23T19:00:00+00:00,2707,LIQUIDITY_SWEEP,bullish,77678.65
2026-04-23T20:00:00+00:00,2708,MSS,bullish,77886.88
2026-04-23T21:00:00+00:00,2709,LIQUIDITY_SWEEP,bearish,78050.0
2026-04-23T22:00:00+00:00,2710,RETEST,bullish,78235.3
2026-04-24T01:00:00+00:00,2713,LIQUIDITY_SWEEP,bullish,78172.01
2026-04-24T02:00:00+00:00,2714,LIQUIDITY_SWEEP,bearish,78450.0
2026-04-24T03:00:00+00:00,2715,MSS,bearish,78067.17
2026-04-24T04:00:00+00:00,2716,LIQUIDITY_SWEEP,bullish,77555.0
2026-04-24T05:00:00+00:00,2717,LIQUIDITY_SWEEP,bullish,77482.49
2026-04-24T05:00:00+00:00,2717,MSS,bullish,77854.57
2026-04-24T08:00:00+00:00,2720,LIQUIDITY_SWEEP,bearish,77855.67
2026-04-24T09:00:00+00:00,2721,MSS,bearish,77550.73
2026-04-24T13:00:00+00:00,2725,LIQUIDITY_SWEEP,bullish,78016.51
2026-04-24T14:00:00+00:00,2726,LIQUIDITY_SWEEP,bullish,77913.27
2026-04-24T15:00:00+00:00,2727,LIQUIDITY_SWEEP,bullish,77681.74
2026-04-24T17:00:00+00:00,2729,LIQUIDITY_SWEEP,bullish,77586.86
2026-04-24T18:00:00+00:00,2730,LIQUIDITY_SWEEP,bullish,77489.6
2026-04-24T19:00:00+00:00,2731,LIQUIDITY_SWEEP,bearish,77717.08
2026-04-24T20:00:00+00:00,2732,LIQUIDITY_SWEEP,bullish,77532.46
2026-04-25T00:00:00+00:00,2736,LIQUIDITY_SWEEP,bullish,77328.92
2026-04-25T00:00:00+00:00,2736,MSS,bullish,77456.87
2026-04-25T01:00:00+00:00,2737,MSS,bullish,77502.99
2026-04-25T02:00:00+00:00,2738,LIQUIDITY_SWEEP,bearish,77620.52
2026-04-25T05:00:00+00:00,2741,MSS,bearish,77596.37
2026-04-25T06:00:00+00:00,2742,FVG,bearish,77596.37
2026-04-25T07:00:00+00:00,2743,LIQUIDITY_SWEEP,bullish,77489.35
2026-04-25T08:00:00+00:00,2744,MSS,bullish,77566.26
2026-04-25T09:00:00+00:00,2745,MSS,bullish,77654.41
2026-04-25T09:00:00+00:00,2745,FVG,bullish,77566.26
2026-04-25T10:00:00+00:00,2746,MSS,bullish,77779.65
2026-04-25T10:00:00+00:00,2746,FVG,bullish,77654.41
2026-04-25T11:00:00+00:00,2747,RETEST,bullish,77682.3
2026-04-25T14:00:00+00:00,2750,LIQUIDITY_SWEEP,bearish,77710.91
2026-04-25T15:00:00+00:00,2751,MSS,bearish,77638.0
2026-04-25T16:00:00+00:00,2752,LIQUIDITY_SWEEP,bullish,77299.89
2026-04-25T19:00:00+00:00,2755,LIQUIDITY_SWEEP,bullish,77216.29
2026-04-25T20:00:00+00:00,2756,MSS,bullish,77343.81
2026-04-25T21:00:00+00:00,2757,MSS,bullish,77481.7
2026-04-25T21:00:00+00:00,2757,FVG,bullish,77343.81
2026-04-25T22:00:00+00:00,2758,MSS,bullish,77530.0
2026-04-25T22:00:00+00:00,2758,FVG,bullish,77481.7
2026-04-25T23:00:00+00:00,2759,LIQUIDITY_SWEEP,bearish,77634.77
2026-04-26T00:00:00+00:00,2760,MSS,bearish,77530.0
2026-04-26T00:00:00+00:00,2760,RETEST,bullish,77502.4
2026-04-26T02:00:00+00:00,2762,LIQUIDITY_SWEEP,bearish,77572.81
2026-04-26T03:00:00+00:00,2763,MSS,bearish,77452.07
2026-04-26T08:00:00+00:00,2768,LIQUIDITY_SWEEP,bearish,78121.45
2026-04-26T09:00:00+00:00,2769,MSS,bearish,78019.65
2026-04-26T12:00:00+00:00,2772,MSS,bearish,78002.42
2026-04-26T13:00:00+00:00,2773,FVG,bearish,78002.42
2026-04-26T16:00:00+00:00,2776,MSS,bearish,77988.89
2026-04-26T16:00:00+00:00,2776,RETEST,bearish,77919.43
2026-04-26T17:00:00+00:00,2777,LIQUIDITY_SWEEP,bullish,77919.42
2026-04-26T18:00:00+00:00,2778,MSS,bullish,78050.0
2026-04-26T19:00:00+00:00,2779,LIQUIDITY_SWEEP,bearish,78346.89
2026-04-26T21:00:00+00:00,2781,LIQUIDITY_SWEEP,bullish,78158.04
2026-04-26T21:00:00+00:00,2781,MSS,bullish,78377.77
2026-04-26T23:00:00+00:00,2783,LIQUIDITY_SWEEP,bearish,78850.3
2026-04-27T01:00:00+00:00,2785,LIQUIDITY_SWEEP,bearish,79392.4
2026-04-27T03:00:00+00:00,2787,LIQUIDITY_SWEEP,bearish,79304.0
2026-04-27T04:00:00+00:00,2788,MSS,bearish,79077.81
2026-04-27T05:00:00+00:00,2789,MSS,bearish,78872.42
2026-04-27T05:00:00+00:00,2789,FVG,bearish,79077.81
2026-04-27T06:00:00+00:00,2790,LIQUIDITY_SWEEP,bullish,77562.63
2026-04-27T08:00:00+00:00,2792,LIQUIDITY_SWEEP,bullish,77562.08
2026-04-27T08:00:00+00:00,2792,MSS,bullish,77734.79
2026-04-27T09:00:00+00:00,2793,MSS,bullish,77816.18
2026-04-27T11:00:00+00:00,2795,LIQUIDITY_SWEEP,bullish,77792.46
2026-04-27T13:00:00+00:00,2797,LIQUIDITY_SWEEP,bullish,77620.0
2026-04-27T14:00:00+00:00,2798,LIQUIDITY_SWEEP,bearish,77966.8
2026-04-27T15:00:00+00:00,2799,MSS,bearish,77680.0
2026-04-27T16:00:00+00:00,2800,LIQUIDITY_SWEEP,bullish,76564.33
2026-04-27T17:00:00+00:00,2801,LIQUIDITY_SWEEP,bearish,76868.01
2026-04-27T19:00:00+00:00,2803,LIQUIDITY_SWEEP,bullish,76668.52
2026-04-27T20:00:00+00:00,2804,MSS,bullish,76894.7
2026-04-27T22:00:00+00:00,2806,LIQUIDITY_SWEEP,bullish,76786.8
2026-04-27T22:00:00+00:00,2806,MSS,bullish,76981.53
2026-04-27T23:00:00+00:00,2807,MSS,bullish,77082.78
2026-04-27T23:00:00+00:00,2807,FVG,bullish,76981.53
2026-04-28T00:00:00+00:00,2808,LIQUIDITY_SWEEP,bearish,77450.0
2026-04-28T01:00:00+00:00,2809,MSS,bearish,77210.92
2026-04-28T02:00:00+00:00,2810,MSS,bearish,77038.1
2026-04-28T03:00:00+00:00,2811,LIQUIDITY_SWEEP,bullish,76672.56
2026-04-28T04:00:00+00:00,2812,LIQUIDITY_SWEEP,bearish,76890.92
2026-04-28T05:00:00+00:00,2813,LIQUIDITY_SWEEP,bearish,76950.0
2026-04-28T06:00:00+00:00,2814,MSS,bearish,76811.01
2026-04-28T07:00:00+00:00,2815,LIQUIDITY_SWEEP,bullish,76588.0
2026-04-28T08:00:00+00:00,2816,LIQUIDITY_SWEEP,bearish,76922.22
2026-04-28T09:00:00+00:00,2817,MSS,bearish,76741.12
2026-04-28T10:00:00+00:00,2818,LIQUIDITY_SWEEP,bullish,76495.91
2026-04-28T13:00:00+00:00,2821,LIQUIDITY_SWEEP,bullish,76168.84
2026-04-28T14:00:00+00:00,2822,LIQUIDITY_SWEEP,bullish,75924.98
2026-04-28T16:00:00+00:00,2824,MSS,bullish,76085.42
2026-04-28T17:00:00+00:00,2825,LIQUIDITY_SWEEP,bearish,76218.06
2026-04-28T18:00:00+00:00,2826,LIQUIDITY_SWEEP,bearish,76262.63
2026-04-28T19:00:00+00:00,2827,LIQUIDITY_SWEEP,bullish,76137.86
2026-04-28T19:00:00+00:00,2827,MSS,bullish,76280.91
2026-04-28T20:00:00+00:00,2828,MSS,bullish,76380.83
2026-04-28T20:00:00+00:00,2828,FVG,bullish,76280.91
2026-04-28T21:00:00+00:00,2829,LIQUIDITY_SWEEP,bullish,76323.71
2026-04-28T21:00:00+00:00,2829,RETEST,bullish,76357.15
2026-04-28T23:00:00+00:00,2831,LIQUIDITY_SWEEP,bullish,76218.0
2026-04-29T00:00:00+00:00,2832,MSS,bullish,76370.0
2026-04-29T01:00:00+00:00,2833,LIQUIDITY_SWEEP,bullish,76276.0
2026-04-29T01:00:00+00:00,2833,MSS,bullish,76557.97
2026-04-29T03:00:00+00:00,2835,MSS,bullish,76666.82
2026-04-29T04:00:00+00:00,2836,MSS,bullish,77127.62
2026-04-29T04:00:00+00:00,2836,FVG,bullish,76666.82
2026-04-29T05:00:00+00:00,2837,FVG,bullish,77127.62
2026-04-29T06:00:00+00:00,2838,LIQUIDITY_SWEEP,bearish,77329.31
2026-04-29T06:00:00+00:00,2838,MSS,bearish,77198.07
2026-04-29T07:00:00+00:00,2839,FVG,bearish,77198.07
2026-04-29T08:00:00+00:00,2840,LIQUIDITY_SWEEP,bullish,77031.06
2026-04-29T09:00:00+00:00,2841,MSS,bullish,77148.79
2026-04-29T10:00:00+00:00,2842,LIQUIDITY_SWEEP,bearish,77800.0
2026-04-29T11:00:00+00:00,2843,LIQUIDITY_SWEEP,bullish,77559.19
2026-04-29T12:00:00+00:00,2844,RETEST,bearish,77143.68
2026-04-29T16:00:00+00:00,2848,LIQUIDITY_SWEEP,bullish,75705.32
2026-04-29T17:00:00+00:00,2849,MSS,bullish,76125.47
2026-04-29T18:00:00+00:00,2850,LIQUIDITY_SWEEP,bearish,76184.01
2026-04-29T18:00:00+00:00,2850,MSS,bearish,75803.55
2026-04-29T19:00:00+00:00,2851,FVG,bearish,75803.55
2026-04-29T20:00:00+00:00,2852,RETEST,bearish,75676.79
2026-04-29T23:00:00+00:00,2855,MSS,bearish,75818.14
2026-04-30T00:00:00+00:00,2856,LIQUIDITY_SWEEP,bullish,75692.33
2026-04-30T00:00:00+00:00,2856,MSS,bullish,75990.06
2026-04-30T01:00:00+00:00,2857,LIQUIDITY_SWEEP,bearish,76344.61
2026-04-30T02:00:00+00:00,2858,MSS,bearish,76178.73
2026-04-30T03:00:00+00:00,2859,FVG,bearish,76178.73
2026-04-30T04:00:00+00:00,2860,MSS,bearish,75659.85
2026-04-30T05:00:00+00:00,2861,LIQUIDITY_SWEEP,bullish,75414.57
2026-04-30T06:00:00+00:00,2862,MSS,bullish,75750.0
2026-04-30T07:00:00+00:00,2863,MSS,bullish,75867.9
2026-04-30T07:00:00+00:00,2863,RETEST,bearish,76161.67
2026-04-30T08:00:00+00:00,2864,LIQUIDITY_SWEEP,bearish,76179.91
2026-04-30T09:00:00+00:00,2865,LIQUIDITY_SWEEP,bullish,76019.57
2026-04-30T10:00:00+00:00,2866,LIQUIDITY_SWEEP,bullish,76012.6
2026-04-30T11:00:00+00:00,2867,LIQUIDITY_SWEEP,bullish,75974.93
2026-04-30T12:00:00+00:00,2868,MSS,bullish,76244.36
2026-04-30T13:00:00+00:00,2869,LIQUIDITY_SWEEP,bearish,76511.22
2026-04-30T14:00:00+00:00,2870,LIQUIDITY_SWEEP,bullish,76116.2
2026-04-30T15:00:00+00:00,2871,LIQUIDITY_SWEEP,bearish,76597.51
2026-04-30T17:00:00+00:00,2873,LIQUIDITY_SWEEP,bullish,76228.27
2026-04-30T18:00:00+00:00,2874,MSS,bullish,76328.71
2026-04-30T19:00:00+00:00,2875,LIQUIDITY_SWEEP,bearish,76468.84
2026-04-30T20:00:00+00:00,2876,LIQUIDITY_SWEEP,bearish,76514.8
2026-04-30T21:00:00+00:00,2877,MSS,bearish,76318.31
2026-04-30T22:00:00+00:00,2878,MSS,bearish,76240.78
2026-05-01T06:00:00+00:00,2886,MSS,bearish,77033.91
2026-05-01T10:00:00+00:00,2890,LIQUIDITY_SWEEP,bullish,77200.15
2026-05-01T11:00:00+00:00,2891,MSS,bullish,77433.72
2026-05-01T12:00:00+00:00,2892,MSS,bullish,77600.0
2026-05-01T13:00:00+00:00,2893,MSS,bullish,78170.2
2026-05-01T13:00:00+00:00,2893,FVG,bullish,77600.0
2026-05-01T16:00:00+00:00,2896,LIQUIDITY_SWEEP,bullish,78176.06
2026-05-01T17:00:00+00:00,2897,LIQUIDITY_SWEEP,bullish,78167.53
2026-05-01T18:00:00+00:00,2898,LIQUIDITY_SWEEP,bearish,78584.61
2026-05-01T19:00:00+00:00,2899,MSS,bearish,78375.53
2026-05-01T20:00:00+00:00,2900,MSS,bearish,78313.16
2026-05-01T20:00:00+00:00,2900,RETEST,bullish,77880.18
2026-05-01T21:00:00+00:00,2901,FVG,bearish,78313.16
2026-05-01T22:00:00+00:00,2902,LIQUIDITY_SWEEP,bearish,78200.0
2026-05-01T22:00:00+00:00,2902,RETEST,bearish,78153.38
2026-05-01T23:00:00+00:00,2903,LIQUIDITY_SWEEP,bullish,78144.7
2026-05-02T00:00:00+00:00,2904,MSS,bullish,78249.6
2026-05-02T01:00:00+00:00,2905,LIQUIDITY_SWEEP,bearish,78393.39
2026-05-02T02:00:00+00:00,2906,LIQUIDITY_SWEEP,bullish,78294.19
2026-05-02T03:00:00+00:00,2907,LIQUIDITY_SWEEP,bullish,78260.95
2026-05-02T05:00:00+00:00,2909,LIQUIDITY_SWEEP,bullish,78123.53
2026-05-02T06:00:00+00:00,2910,MSS,bullish,78235.25
2026-05-02T08:00:00+00:00,2912,LIQUIDITY_SWEEP,bullish,78207.2
2026-05-02T09:00:00+00:00,2913,LIQUIDITY_SWEEP,bearish,78356.51
2026-05-02T11:00:00+00:00,2915,MSS,bearish,78225.22
2026-05-02T12:00:00+00:00,2916,LIQUIDITY_SWEEP,bearish,78249.31
2026-05-02T16:00:00+00:00,2920,LIQUIDITY_SWEEP,bearish,78487.68
2026-05-02T17:00:00+00:00,2921,MSS,bearish,78430.07
2026-05-02T18:00:00+00:00,2922,LIQUIDITY_SWEEP,bullish,78368.24
2026-05-02T19:00:00+00:00,2923,LIQUIDITY_SWEEP,bearish,78493.31
2026-05-02T20:00:00+00:00,2924,LIQUIDITY_SWEEP,bullish,78440.11
2026-05-02T21:00:00+00:00,2925,MSS,bullish,78491.26
2026-05-02T22:00:00+00:00,2926,FVG,bullish,78491.26
2026-05-03T00:00:00+00:00,2928,RETEST,bullish,78542.32
2026-05-03T02:00:00+00:00,2930,LIQUIDITY_SWEEP,bullish,78152.25
2026-05-03T04:00:00+00:00,2932,LIQUIDITY_SWEEP,bearish,78217.59
2026-05-03T06:00:00+00:00,2934,LIQUIDITY_SWEEP,bullish,78163.17
2026-05-03T06:00:00+00:00,2934,MSS,bullish,78260.75
2026-05-03T07:00:00+00:00,2935,MSS,bullish,78337.26
2026-05-03T07:00:00+00:00,2935,FVG,bullish,78260.75
2026-05-03T08:00:00+00:00,2936,LIQUIDITY_SWEEP,bearish,78483.67
2026-05-03T09:00:00+00:00,2937,LIQUIDITY_SWEEP,bullish,78363.24
2026-05-03T09:00:00+00:00,2937,MSS,bullish,78505.92
2026-05-03T11:00:00+00:00,2939,LIQUIDITY_SWEEP,bullish,78406.97
2026-05-03T11:00:00+00:00,2939,MSS,bullish,78534.4
2026-05-03T12:00:00+00:00,2940,LIQUIDITY_SWEEP,bearish,78849.22
2026-05-03T13:00:00+00:00,2941,LIQUIDITY_SWEEP,bullish,78656.0
2026-05-03T14:00:00+00:00,2942,LIQUIDITY_SWEEP,bearish,78769.63
2026-05-03T15:00:00+00:00,2943,LIQUIDITY_SWEEP,bearish,78786.57
2026-05-03T16:00:00+00:00,2944,LIQUIDITY_SWEEP,bullish,78633.4
2026-05-03T17:00:00+00:00,2945,LIQUIDITY_SWEEP,bullish,78600.0
2026-05-03T19:00:00+00:00,2947,LIQUIDITY_SWEEP,bearish,78763.57
2026-05-03T21:00:00+00:00,2949,LIQUIDITY_SWEEP,bullish,78732.04
2026-05-03T22:00:00+00:00,2950,MSS,bullish,79056.59
2026-05-04T00:00:00+00:00,2952,LIQUIDITY_SWEEP,bullish,78484.42
2026-05-04T01:00:00+00:00,2953,MSS,bullish,78572.57
2026-05-04T02:00:00+00:00,2954,MSS,bullish,79848.84
2026-05-04T02:00:00+00:00,2954,FVG,bullish,78572.57
2026-05-04T03:00:00+00:00,2955,LIQUIDITY_SWEEP,bearish,80420.9
2026-05-04T04:00:00+00:00,2956,LIQUIDITY_SWEEP,bearish,80458.0
2026-05-04T05:00:00+00:00,2957,MSS,bearish,80233.04
2026-05-04T06:00:00+00:00,2958,MSS,bearish,79956.25
2026-05-04T06:00:00+00:00,2958,FVG,bearish,80233.04
2026-05-04T07:00:00+00:00,2959,FVG,bearish,79956.25
2026-05-04T08:00:00+00:00,2960,LIQUIDITY_SWEEP,bullish,79672.0
2026-05-04T09:00:00+00:00,2961,MSS,bullish,79800.0
2026-05-04T13:00:00+00:00,2965,LIQUIDITY_SWEEP,bullish,78718.55
2026-05-04T14:00:00+00:00,2966,LIQUIDITY_SWEEP,bullish,78581.74
2026-05-04T14:00:00+00:00,2966,MSS,bullish,79124.83
2026-05-04T15:00:00+00:00,2967,FVG,bullish,79124.83
2026-05-04T16:00:00+00:00,2968,LIQUIDITY_SWEEP,bearish,80367.93
2026-05-04T17:00:00+00:00,2969,LIQUIDITY_SWEEP,bearish,80395.68
2026-05-04T19:00:00+00:00,2971,LIQUIDITY_SWEEP,bullish,80035.32
2026-05-04T20:00:00+00:00,2972,LIQUIDITY_SWEEP,bearish,80138.0
2026-05-04T22:00:00+00:00,2974,LIQUIDITY_SWEEP,bearish,80383.15
2026-05-04T23:00:00+00:00,2975,MSS,bearish,80042.84
2026-05-05T03:00:00+00:00,2979,LIQUIDITY_SWEEP,bearish,80900.0
2026-05-05T05:00:00+00:00,2981,LIQUIDITY_SWEEP,bearish,80982.59
2026-05-05T06:00:00+00:00,2982,LIQUIDITY_SWEEP,bullish,80830.06
2026-05-05T07:00:00+00:00,2983,LIQUIDITY_SWEEP,bearish,81016.42
2026-05-05T08:00:00+00:00,2984,MSS,bearish,80826.0
2026-05-05T09:00:00+00:00,2985,MSS,bearish,80723.2
2026-05-05T09:00:00+00:00,2985,FVG,bearish,80826.0
2026-05-05T10:00:00+00:00,2986,RETEST,bearish,80823.61
2026-05-05T14:00:00+00:00,2990,LIQUIDITY_SWEEP,bullish,81196.0
2026-05-05T15:00:00+00:00,2991,MSS,bullish,81500.0
2026-05-05T16:00:00+00:00,2992,LIQUIDITY_SWEEP,bullish,81235.0
2026-05-05T18:00:00+00:00,2994,MSS,bullish,81458.26
2026-05-05T19:00:00+00:00,2995,MSS,bullish,81599.0
2026-05-05T20:00:00+00:00,2996,LIQUIDITY_SWEEP,bearish,81680.0
2026-05-05T21:00:00+00:00,2997,LIQUIDITY_SWEEP,bearish,81770.0
2026-05-05T21:00:00+00:00,2997,MSS,bearish,81510.13
2026-05-05T22:00:00+00:00,2998,MSS,bearish,81305.27
2026-05-05T23:00:00+00:00,2999,LIQUIDITY_SWEEP,bullish,80817.72
2026-05-06T00:00:00+00:00,3000,LIQUIDITY_SWEEP,bullish,80790.0
2026-05-06T01:00:00+00:00,3001,MSS,bullish,81262.28
2026-05-06T03:00:00+00:00,3003,MSS,bullish,81449.04
2026-05-06T05:00:00+00:00,3005,LIQUIDITY_SWEEP,bullish,81270.0
2026-05-06T06:00:00+00:00,3006,MSS,bullish,81360.3
2026-05-06T07:00:00+00:00,3007,LIQUIDITY_SWEEP,bearish,81516.9
2026-05-06T12:00:00+00:00,3012,MSS,bearish,82261.6
2026-05-06T13:00:00+00:00,3013,MSS,bearish,82164.61
2026-05-06T13:00:00+00:00,3013,FVG,bearish,82261.6
2026-05-06T14:00:00+00:00,3014,MSS,bearish,81600.0
2026-05-06T14:00:00+00:00,3014,FVG,bearish,82164.61
2026-05-06T16:00:00+00:00,3016,LIQUIDITY_SWEEP,bearish,81823.0
2026-05-06T17:00:00+00:00,3017,LIQUIDITY_SWEEP,bullish,81431.16
2026-05-06T19:00:00+00:00,3019,LIQUIDITY_SWEEP,bullish,81271.06
2026-05-06T20:00:00+00:00,3020,LIQUIDITY_SWEEP,bearish,81522.41
2026-05-06T21:00:00+00:00,3021,LIQUIDITY_SWEEP,bullish,81302.35
2026-05-06T22:00:00+00:00,3022,LIQUIDITY_SWEEP,bullish,81294.64
2026-05-06T23:00:00+00:00,3023,LIQUIDITY_SWEEP,bullish,81240.0
2026-05-07T00:00:00+00:00,3024,LIQUIDITY_SWEEP,bullish,81000.0
2026-05-07T01:00:00+00:00,3025,LIQUIDITY_SWEEP,bullish,80980.0
2026-05-07T04:00:00+00:00,3028,LIQUIDITY_SWEEP,bullish,80834.61
2026-05-07T05:00:00+00:00,3029,MSS,bullish,80989.59
2026-05-07T06:00:00+00:00,3030,LIQUIDITY_SWEEP,bullish,80974.06
2026-05-07T06:00:00+00:00,3030,MSS,bullish,81172.27
2026-05-07T07:00:00+00:00,3031,MSS,bullish,81443.21
2026-05-07T07:00:00+00:00,3031,FVG,bullish,81172.27
2026-05-07T08:00:00+00:00,3032,RETEST,bullish,81231.24
2026-05-07T11:00:00+00:00,3035,LIQUIDITY_SWEEP,bearish,80997.0
2026-05-07T13:00:00+00:00,3037,MSS,bearish,80846.87
2026-05-07T14:00:00+00:00,3038,MSS,bearish,80260.98
2026-05-07T14:00:00+00:00,3038,FVG,bearish,80846.87
2026-05-07T15:00:00+00:00,3039,MSS,bearish,80046.0
2026-05-07T16:00:00+00:00,3040,LIQUIDITY_SWEEP,bullish,79699.52
2026-05-07T17:00:00+00:00,3041,LIQUIDITY_SWEEP,bullish,79646.79
2026-05-07T17:00:00+00:00,3041,MSS,bullish,80020.0
2026-05-07T18:00:00+00:00,3042,MSS,bullish,80135.17
2026-05-07T19:00:00+00:00,3043,LIQUIDITY_SWEEP,bullish,80004.4
2026-05-07T20:00:00+00:00,3044,LIQUIDITY_SWEEP,bearish,80224.0
2026-05-07T20:00:00+00:00,3044,MSS,bearish,79934.3
2026-05-07T21:00:00+00:00,3045,MSS,bearish,79859.51
2026-05-07T22:00:00+00:00,3046,LIQUIDITY_SWEEP,bullish,79660.0
2026-05-07T23:00:00+00:00,3047,MSS,bullish,79990.0
2026-05-08T00:00:00+00:00,3048,LIQUIDITY_SWEEP,bearish,80068.03
2026-05-08T00:00:00+00:00,3048,MSS,bearish,79871.98
2026-05-08T01:00:00+00:00,3049,LIQUIDITY_SWEEP,bullish,79729.72
2026-05-08T03:00:00+00:00,3051,LIQUIDITY_SWEEP,bullish,79316.99
2026-05-08T04:00:00+00:00,3052,LIQUIDITY_SWEEP,bearish,79666.66
2026-05-08T05:00:00+00:00,3053,LIQUIDITY_SWEEP,bearish,79748.0
2026-05-08T06:00:00+00:00,3054,MSS,bearish,79600.0
2026-05-08T07:00:00+00:00,3055,LIQUIDITY_SWEEP,bullish,79411.0
2026-05-08T07:00:00+00:00,3055,MSS,bullish,79654.0
2026-05-08T08:00:00+00:00,3056,MSS,bullish,79727.0
2026-05-08T08:00:00+00:00,3056,FVG,bullish,79654.0
2026-05-08T09:00:00+00:00,3057,LIQUIDITY_SWEEP,bearish,79987.27
2026-05-08T10:00:00+00:00,3058,LIQUIDITY_SWEEP,bullish,79794.88
2026-05-08T10:00:00+00:00,3058,MSS,bullish,80061.17
2026-05-08T11:00:00+00:00,3059,LIQUIDITY_SWEEP,bearish,80278.92
2026-05-08T12:00:00+00:00,3060,LIQUIDITY_SWEEP,bearish,80340.94
2026-05-08T12:00:00+00:00,3060,MSS,bearish,80127.54
2026-05-08T13:00:00+00:00,3061,MSS,bearish,79966.14
2026-05-08T13:00:00+00:00,3061,FVG,bearish,80127.54
2026-05-08T15:00:00+00:00,3063,LIQUIDITY_SWEEP,bullish,79647.8
2026-05-08T16:00:00+00:00,3064,RETEST,bearish,79802.34
2026-05-08T17:00:00+00:00,3065,LIQUIDITY_SWEEP,bullish,79741.3
2026-05-08T18:00:00+00:00,3066,LIQUIDITY_SWEEP,bearish,80261.87
2026-05-08T19:00:00+00:00,3067,LIQUIDITY_SWEEP,bullish,80059.99
2026-05-08T20:00:00+00:00,3068,LIQUIDITY_SWEEP,bearish,80181.66
2026-05-08T22:00:00+00:00,3070,LIQUIDITY_SWEEP,bearish,80264.0
2026-05-08T23:00:00+00:00,3071,MSS,bearish,80238.42
2026-05-09T02:00:00+00:00,3074,LIQUIDITY_SWEEP,bearish,80446.58
2026-05-09T03:00:00+00:00,3075,LIQUIDITY_SWEEP,bullish,80327.75
2026-05-09T04:00:00+00:00,3076,LIQUIDITY_SWEEP,bearish,80550.67
2026-05-09T05:00:00+00:00,3077,LIQUIDITY_SWEEP,bullish,80373.55
2026-05-09T07:00:00+00:00,3079,LIQUIDITY_SWEEP,bullish,80201.6
2026-05-09T08:00:00+00:00,3080,MSS,bullish,80309.05
2026-05-09T09:00:00+00:00,3081,LIQUIDITY_SWEEP,bullish,80220.0
2026-05-09T10:00:00+00:00,3082,LIQUIDITY_SWEEP,bullish,80214.0
2026-05-09T11:00:00+00:00,3083,LIQUIDITY_SWEEP,bearish,80346.94
2026-05-09T13:00:00+00:00,3085,LIQUIDITY_SWEEP,bearish,80416.21
2026-05-09T14:00:00+00:00,3086,LIQUIDITY_SWEEP,bullish,80318.7
2026-05-09T15:00:00+00:00,3087,LIQUIDITY_SWEEP,bullish,80254.71
2026-05-09T15:00:00+00:00,3087,MSS,bullish,80426.9
2026-05-09T16:00:00+00:00,3088,MSS,bullish,80600.0
2026-05-09T16:00:00+00:00,3088,FVG,bullish,80426.9
2026-05-09T17:00:00+00:00,3089,MSS,bullish,80777.0
2026-05-09T17:00:00+00:00,3089,FVG,bullish,80600.0
2026-05-09T18:00:00+00:00,3090,LIQUIDITY_SWEEP,bearish,80928.56
2026-05-09T19:00:00+00:00,3091,LIQUIDITY_SWEEP,bullish,80787.39
2026-05-09T20:00:00+00:00,3092,LIQUIDITY_SWEEP,bullish,80776.99
2026-05-09T22:00:00+00:00,3094,LIQUIDITY_SWEEP,bullish,80744.98
2026-05-09T23:00:00+00:00,3095,LIQUIDITY_SWEEP,bullish,80670.01
2026-05-09T23:00:00+00:00,3095,RETEST,bullish,80678.4
2026-05-10T00:00:00+00:00,3096,LIQUIDITY_SWEEP,bullish,80621.88
2026-05-10T01:00:00+00:00,3097,LIQUIDITY_SWEEP,bullish,80610.64
2026-05-10T02:00:00+00:00,3098,MSS,bullish,80690.73
2026-05-10T03:00:00+00:00,3099,LIQUIDITY_SWEEP,bearish,80790.0
2026-05-10T05:00:00+00:00,3101,MSS,bearish,80722.78
2026-05-10T06:00:00+00:00,3102,LIQUIDITY_SWEEP,bullish,80682.0
2026-05-10T07:00:00+00:00,3103,LIQUIDITY_SWEEP,bearish,80753.04
2026-05-10T08:00:00+00:00,3104,LIQUIDITY_SWEEP,bullish,80720.1
2026-05-10T08:00:00+00:00,3104,MSS,bullish,80827.14
2026-05-10T09:00:00+00:00,3105,LIQUIDITY_SWEEP,bearish,80909.65
2026-05-10T10:00:00+00:00,3106,LIQUIDITY_SWEEP,bullish,80756.53
2026-05-10T11:00:00+00:00,3107,LIQUIDITY_SWEEP,bearish,80883.48
2026-05-10T14:00:00+00:00,3110,LIQUIDITY_SWEEP,bullish,80865.44
2026-05-10T15:00:00+00:00,3111,MSS,bullish,80999.36
2026-05-10T16:00:00+00:00,3112,LIQUIDITY_SWEEP,bearish,81442.81
2026-05-10T17:00:00+00:00,3113,LIQUIDITY_SWEEP,bearish,81500.0
2026-05-10T19:00:00+00:00,3115,LIQUIDITY_SWEEP,bullish,81231.14
2026-05-10T22:00:00+00:00,3118,MSS,bullish,80944.44
2026-05-10T23:00:00+00:00,3119,MSS,bullish,82171.96
2026-05-10T23:00:00+00:00,3119,FVG,bullish,80944.44
2026-05-11T00:00:00+00:00,3120,RETEST,bullish,81471.13
2026-05-11T05:00:00+00:00,3125,LIQUIDITY_SWEEP,bearish,80879.12
2026-05-11T06:00:00+00:00,3126,LIQUIDITY_SWEEP,bearish,80981.8
2026-05-11T07:00:00+00:00,3127,MSS,bearish,80762.0
2026-05-11T08:00:00+00:00,3128,LIQUIDITY_SWEEP,bullish,80663.11
2026-05-11T09:00:00+00:00,3129,MSS,bullish,80863.42
2026-05-11T10:00:00+00:00,3130,LIQUIDITY_SWEEP,bearish,80997.63
2026-05-11T11:00:00+00:00,3131,LIQUIDITY_SWEEP,bullish,80940.0
2026-05-11T12:00:00+00:00,3132,LIQUIDITY_SWEEP,bearish,81196.95
2026-05-11T13:00:00+00:00,3133,LIQUIDITY_SWEEP,bullish,81029.77
2026-05-11T14:00:00+00:00,3134,LIQUIDITY_SWEEP,bullish,80739.63
2026-05-11T15:00:00+00:00,3135,MSS,bullish,81252.72
2026-05-11T16:00:00+00:00,3136,MSS,bullish,81458.0
2026-05-11T16:00:00+00:00,3136,FVG,bullish,81252.72
2026-05-11T17:00:00+00:00,3137,MSS,bullish,81910.35
2026-05-11T18:00:00+00:00,3138,LIQUIDITY_SWEEP,bearish,82071.77
2026-05-11T19:00:00+00:00,3139,LIQUIDITY_SWEEP,bullish,81836.15
2026-05-11T21:00:00+00:00,3141,LIQUIDITY_SWEEP,bullish,81758.5
2026-05-11T22:00:00+00:00,3142,LIQUIDITY_SWEEP,bearish,81906.35
2026-05-11T23:00:00+00:00,3143,LIQUIDITY_SWEEP,bullish,81729.99
2026-05-12T04:00:00+00:00,3148,LIQUIDITY_SWEEP,bullish,81024.41
2026-05-12T05:00:00+00:00,3149,LIQUIDITY_SWEEP,bearish,81303.99
2026-05-12T06:00:00+00:00,3150,MSS,bearish,81181.56
2026-05-12T07:00:00+00:00,3151,MSS,bearish,81010.01
2026-05-12T07:00:00+00:00,3151,FVG,bearish,81181.56
2026-05-12T08:00:00+00:00,3152,LIQUIDITY_SWEEP,bullish,80800.77
2026-05-12T09:00:00+00:00,3153,LIQUIDITY_SWEEP,bullish,80760.53
2026-05-12T11:00:00+00:00,3155,LIQUIDITY_SWEEP,bullish,80601.27
2026-05-12T12:00:00+00:00,3156,MSS,bullish,80785.38
2026-05-12T17:00:00+00:00,3161,MSS,bullish,80435.99
2026-05-12T18:00:00+00:00,3162,MSS,bullish,80593.06
2026-05-12T19:00:00+00:00,3163,MSS,bullish,80763.81
2026-05-12T19:00:00+00:00,3163,FVG,bullish,80593.06
2026-05-12T20:00:00+00:00,3164,LIQUIDITY_SWEEP,bullish,80679.11
2026-05-12T20:00:00+00:00,3164,RETEST,bullish,80696.87
2026-05-12T22:00:00+00:00,3166,LIQUIDITY_SWEEP,bearish,80738.0
2026-05-12T23:00:00+00:00,3167,MSS,bearish,80587.45
2026-05-13T00:00:00+00:00,3168,LIQUIDITY_SWEEP,bullish,80439.91
2026-05-13T00:00:00+00:00,3168,MSS,bullish,80714.0
2026-05-13T01:00:00+00:00,3169,MSS,bullish,80768.95
2026-05-13T02:00:00+00:00,3170,LIQUIDITY_SWEEP,bearish,81195.69
2026-05-13T03:00:00+00:00,3171,LIQUIDITY_SWEEP,bearish,81281.66
2026-05-13T05:00:00+00:00,3173,MSS,bearish,81124.87
2026-05-13T06:00:00+00:00,3174,MSS,bearish,80999.99
2026-05-13T07:00:00+00:00,3175,LIQUIDITY_SWEEP,bullish,80972.94
2026-05-13T08:00:00+00:00,3176,MSS,bullish,81049.01
2026-05-13T09:00:00+00:00,3177,MSS,bullish,81200.0
2026-05-13T09:00:00+00:00,3177,FVG,bullish,81049.01
2026-05-13T14:00:00+00:00,3182,LIQUIDITY_SWEEP,bullish,79576.47
2026-05-13T16:00:00+00:00,3184,LIQUIDITY_SWEEP,bullish,78807.22
2026-05-13T17:00:00+00:00,3185,MSS,bullish,79222.22
2026-05-13T18:00:00+00:00,3186,MSS,bullish,79556.36
2026-05-13T18:00:00+00:00,3186,FVG,bullish,79222.22
2026-05-13T19:00:00+00:00,3187,LIQUIDITY_SWEEP,bullish,79514.97
2026-05-13T19:00:00+00:00,3187,RETEST,bullish,79642.41
2026-05-13T20:00:00+00:00,3188,MSS,bullish,79646.29
2026-05-13T22:00:00+00:00,3190,LIQUIDITY_SWEEP,bullish,79340.39
2026-05-13T23:00:00+00:00,3191,LIQUIDITY_SWEEP,bearish,79470.0
2026-05-14T02:00:00+00:00,3194,MSS,bearish,79409.42
2026-05-14T03:00:00+00:00,3195,MSS,bearish,79222.22
2026-05-14T04:00:00+00:00,3196,LIQUIDITY_SWEEP,bearish,79460.0
2026-05-14T07:00:00+00:00,3199,MSS,bearish,79769.12
2026-05-14T08:00:00+00:00,3200,LIQUIDITY_SWEEP,bullish,79702.05
2026-05-14T10:00:00+00:00,3202,LIQUIDITY_SWEEP,bullish,79569.81
2026-05-14T12:00:00+00:00,3204,LIQUIDITY_SWEEP,bullish,79234.0
2026-05-14T12:00:00+00:00,3204,MSS,bullish,79600.0
2026-05-14T13:00:00+00:00,3205,LIQUIDITY_SWEEP,bearish,79775.02
2026-05-14T14:00:00+00:00,3206,LIQUIDITY_SWEEP,bullish,79670.88
2026-05-14T14:00:00+00:00,3206,MSS,bullish,80059.71
2026-05-14T15:00:00+00:00,3207,MSS,bullish,81020.0
2026-05-14T15:00:00+00:00,3207,FVG,bullish,80059.71
2026-05-14T16:00:00+00:00,3208,MSS,bullish,81332.23
2026-05-14T16:00:00+00:00,3208,FVG,bullish,81020.0
2026-05-14T17:00:00+00:00,3209,LIQUIDITY_SWEEP,bearish,81904.44
2026-05-14T19:00:00+00:00,3211,MSS,bearish,81440.38
2026-05-14T20:00:00+00:00,3212,LIQUIDITY_SWEEP,bullish,81330.12
2026-05-14T22:00:00+00:00,3214,LIQUIDITY_SWEEP,bearish,81526.08
2026-05-14T23:00:00+00:00,3215,MSS,bearish,81335.48
2026-05-14T23:00:00+00:00,3215,RETEST,bullish,81089.99
2026-05-15T02:00:00+00:00,3218,LIQUIDITY_SWEEP,bullish,81106.2
2026-05-15T07:00:00+00:00,3223,MSS,bullish,80644.5
2026-05-15T08:00:00+00:00,3224,LIQUIDITY_SWEEP,bullish,80559.88
2026-05-15T09:00:00+00:00,3225,LIQUIDITY_SWEEP,bullish,80415.84
2026-05-15T10:00:00+00:00,3226,MSS,bullish,80670.51
2026-05-15T14:00:00+00:00,3230,LIQUIDITY_SWEEP,bullish,78698.69
2026-05-15T15:00:00+00:00,3231,LIQUIDITY_SWEEP,bearish,79353.32
2026-05-15T16:00:00+00:00,3232,LIQUIDITY_SWEEP,bearish,79369.36
2026-05-15T18:00:00+00:00,3234,LIQUIDITY_SWEEP,bullish,79224.0
2026-05-15T20:00:00+00:00,3236,LIQUIDITY_SWEEP,bullish,79051.0
2026-05-15T23:00:00+00:00,3239,LIQUIDITY_SWEEP,bearish,79145.44
2026-05-16T00:00:00+00:00,3240,LIQUIDITY_SWEEP,bullish,79077.96
2026-05-16T01:00:00+00:00,3241,LIQUIDITY_SWEEP,bullish,79075.09
2026-05-16T02:00:00+00:00,3242,LIQUIDITY_SWEEP,bearish,79186.05
2026-05-16T03:00:00+00:00,3243,LIQUIDITY_SWEEP,bullish,79080.1
2026-05-16T06:00:00+00:00,3246,LIQUIDITY_SWEEP,bearish,79039.49
2026-05-16T06:00:00+00:00,3246,MSS,bearish,78933.63
2026-05-16T07:00:00+00:00,3247,MSS,bearish,78459.87
2026-05-16T07:00:00+00:00,3247,FVG,bearish,78933.63
2026-05-16T09:00:00+00:00,3249,MSS,bearish,78334.21
2026-05-16T10:00:00+00:00,3250,LIQUIDITY_SWEEP,bullish,77906.1
2026-05-16T11:00:00+00:00,3251,LIQUIDITY_SWEEP,bearish,78101.43
2026-05-16T12:00:00+00:00,3252,LIQUIDITY_SWEEP,bullish,77959.99
2026-05-16T13:00:00+00:00,3253,LIQUIDITY_SWEEP,bullish,77918.62
2026-05-16T14:00:00+00:00,3254,MSS,bullish,78014.6
2026-05-16T15:00:00+00:00,3255,FVG,bullish,78014.6
2026-05-16T16:00:00+00:00,3256,LIQUIDITY_SWEEP,bearish,78285.0
2026-05-16T18:00:00+00:00,3258,LIQUIDITY_SWEEP,bullish,78199.0
2026-05-16T20:00:00+00:00,3260,LIQUIDITY_SWEEP,bullish,78204.22
2026-05-17T03:00:00+00:00,3267,MSS,bullish,77938.0
2026-05-17T03:00:00+00:00,3267,RETEST,bullish,78028.88
2026-05-17T04:00:00+00:00,3268,MSS,bullish,78079.3
2026-05-17T04:00:00+00:00,3268,FVG,bullish,77938.0
2026-05-17T05:00:00+00:00,3269,LIQUIDITY_SWEEP,bearish,78203.93
2026-05-17T06:00:00+00:00,3270,LIQUIDITY_SWEEP,bullish,78102.42
2026-05-17T07:00:00+00:00,3271,LIQUIDITY_SWEEP,bearish,78204.01
2026-05-17T08:00:00+00:00,3272,LIQUIDITY_SWEEP,bullish,78053.79
2026-05-17T09:00:00+00:00,3273,MSS,bullish,78200.91
2026-05-17T10:00:00+00:00,3274,MSS,bullish,78293.97
2026-05-17T10:00:00+00:00,3274,FVG,bullish,78200.91
2026-05-17T12:00:00+00:00,3276,LIQUIDITY_SWEEP,bearish,78473.82
2026-05-17T13:00:00+00:00,3277,MSS,bearish,78333.8
2026-05-17T13:00:00+00:00,3277,RETEST,bullish,78202.91
2026-05-17T14:00:00+00:00,3278,MSS,bearish,78173.15
2026-05-17T14:00:00+00:00,3278,FVG,bearish,78333.8
2026-05-17T15:00:00+00:00,3279,FVG,bearish,78173.15
2026-05-17T16:00:00+00:00,3280,LIQUIDITY_SWEEP,bearish,78119.42
2026-05-17T16:00:00+00:00,3280,RETEST,bearish,78034.36
2026-05-17T17:00:00+00:00,3281,LIQUIDITY_SWEEP,bullish,78025.23
2026-05-17T18:00:00+00:00,3282,MSS,bullish,78092.44
2026-05-17T19:00:00+00:00,3283,MSS,bullish,78271.59
2026-05-17T19:00:00+00:00,3283,FVG,bullish,78092.44
2026-05-17T21:00:00+00:00,3285,LIQUIDITY_SWEEP,bullish,78248.8
2026-05-18T01:00:00+00:00,3289,LIQUIDITY_SWEEP,bullish,76916.6
2026-05-18T02:00:00+00:00,3290,LIQUIDITY_SWEEP,bullish,76744.95
2026-05-18T04:00:00+00:00,3292,LIQUIDITY_SWEEP,bullish,76817.14
2026-05-18T04:00:00+00:00,3292,MSS,bullish,77030.42
2026-05-18T05:00:00+00:00,3293,LIQUIDITY_SWEEP,bearish,77069.77
2026-05-18T06:00:00+00:00,3294,LIQUIDITY_SWEEP,bullish,76884.33
2026-05-18T07:00:00+00:00,3295,MSS,bullish,76967.8
2026-05-18T08:00:00+00:00,3296,LIQUIDITY_SWEEP,bearish,77089.29
2026-05-18T09:00:00+00:00,3297,LIQUIDITY_SWEEP,bullish,76890.34
2026-05-18T11:00:00+00:00,3299,LIQUIDITY_SWEEP,bullish,76716.99
2026-05-18T11:00:00+00:00,3299,MSS,bullish,76957.35
2026-05-18T12:00:00+00:00,3300,MSS,bullish,77403.48
2026-05-18T12:00:00+00:00,3300,FVG,bullish,76957.35
2026-05-18T15:00:00+00:00,3303,LIQUIDITY_SWEEP,bullish,76230.02
2026-05-18T16:00:00+00:00,3304,LIQUIDITY_SWEEP,bearish,76485.29
2026-05-18T18:00:00+00:00,3306,MSS,bearish,76366.13
2026-05-18T20:00:00+00:00,3308,LIQUIDITY_SWEEP,bearish,76995.0
2026-05-18T21:00:00+00:00,3309,LIQUIDITY_SWEEP,bullish,76874.73
2026-05-18T21:00:00+00:00,3309,RETEST,bullish,77103.05
2026-05-18T22:00:00+00:00,3310,LIQUIDITY_SWEEP,bearish,77174.23
2026-05-19T00:00:00+00:00,3312,LIQUIDITY_SWEEP,bearish,77160.79
2026-05-19T01:00:00+00:00,3313,MSS,bearish,76955.99
2026-05-19T02:00:00+00:00,3314,MSS,bearish,76667.0
2026-05-19T05:00:00+00:00,3317,LIQUIDITY_SWEEP,bullish,76700.0
2026-05-19T06:00:00+00:00,3318,MSS,bullish,77000.0
2026-05-19T07:00:00+00:00,3319,MSS,bullish,77108.68
2026-05-19T08:00:00+00:00,3320,LIQUIDITY_SWEEP,bullish,76974.72
2026-05-19T10:00:00+00:00,3322,LIQUIDITY_SWEEP,bullish,76709.29
2026-05-19T11:00:00+00:00,3323,LIQUIDITY_SWEEP,bullish,76704.0
2026-05-19T13:00:00+00:00,3325,LIQUIDITY_SWEEP,bullish,76650.06
2026-05-19T16:00:00+00:00,3328,MSS,bullish,76675.76
2026-05-19T17:00:00+00:00,3329,LIQUIDITY_SWEEP,bearish,76911.0
2026-05-19T18:00:00+00:00,3330,LIQUIDITY_SWEEP,bullish,76759.39
2026-05-19T19:00:00+00:00,3331,LIQUIDITY_SWEEP,bearish,76947.2
2026-05-19T21:00:00+00:00,3333,LIQUIDITY_SWEEP,bearish,77040.24
2026-05-19T22:00:00+00:00,3334,MSS,bearish,76973.76
2026-05-20T00:00:00+00:00,3336,LIQUIDITY_SWEEP,bullish,76670.52
2026-05-20T01:00:00+00:00,3337,LIQUIDITY_SWEEP,bearish,76896.5
2026-05-20T04:00:00+00:00,3340,LIQUIDITY_SWEEP,bearish,76829.61
2026-05-20T07:00:00+00:00,3343,LIQUIDITY_SWEEP,bearish,77422.0
2026-05-20T08:00:00+00:00,3344,LIQUIDITY_SWEEP,bullish,77241.13
2026-05-20T10:00:00+00:00,3346,LIQUIDITY_SWEEP,bearish,77543.59
2026-05-20T11:00:00+00:00,3347,MSS,bearish,77485.14
2026-05-20T13:00:00+00:00,3349,MSS,bearish,77365.52
2026-05-20T14:00:00+00:00,3350,LIQUIDITY_SWEEP,bullish,76968.05
2026-05-20T15:00:00+00:00,3351,LIQUIDITY_SWEEP,bearish,77574.29
2026-05-20T16:00:00+00:00,3352,LIQUIDITY_SWEEP,bullish,77300.0
2026-05-20T17:00:00+00:00,3353,MSS,bullish,77557.0
2026-05-20T19:00:00+00:00,3355,LIQUIDITY_SWEEP,bullish,77398.63
2026-05-20T19:00:00+00:00,3355,MSS,bullish,77634.52
2026-05-20T20:00:00+00:00,3356,MSS,bullish,77709.68
2026-05-20T21:00:00+00:00,3357,LIQUIDITY_SWEEP,bearish,77760.0
2026-05-20T22:00:00+00:00,3358,LIQUIDITY_SWEEP,bullish,77500.0
2026-05-20T23:00:00+00:00,3359,MSS,bullish,77504.69
2026-05-21T00:00:00+00:00,3360,MSS,bullish,77559.34
2026-05-21T00:00:00+00:00,3360,FVG,bullish,77504.69
2026-05-21T01:00:00+00:00,3361,LIQUIDITY_SWEEP,bearish,78071.42
2026-05-21T04:00:00+00:00,3364,LIQUIDITY_SWEEP,bearish,78098.85
2026-05-21T05:00:00+00:00,3365,MSS,bearish,77965.36
2026-05-21T06:00:00+00:00,3366,MSS,bearish,77714.94
2026-05-21T06:00:00+00:00,3366,FVG,bearish,77965.36
2026-05-21T07:00:00+00:00,3367,LIQUIDITY_SWEEP,bullish,77533.45
2026-05-21T07:00:00+00:00,3367,MSS,bullish,77873.15
2026-05-21T07:00:00+00:00,3367,RETEST,bearish,77889.01
2026-05-21T08:00:00+00:00,3368,MSS,bullish,77901.06
2026-05-21T08:00:00+00:00,3368,FVG,bullish,77873.15
2026-05-21T12:00:00+00:00,3372,LIQUIDITY_SWEEP,bullish,77147.15
2026-05-21T13:00:00+00:00,3373,LIQUIDITY_SWEEP,bullish,77080.72
2026-05-21T15:00:00+00:00,3375,MSS,bullish,77240.82
2026-05-21T17:00:00+00:00,3377,MSS,bullish,77344.01
2026-05-21T20:00:00+00:00,3380,LIQUIDITY_SWEEP,bearish,77802.51
2026-05-21T21:00:00+00:00,3381,LIQUIDITY_SWEEP,bullish,77647.75
2026-05-21T23:00:00+00:00,3383,LIQUIDITY_SWEEP,bullish,77555.33
2026-05-22T01:00:00+00:00,3385,LIQUIDITY_SWEEP,bullish,77369.49
2026-05-22T02:00:00+00:00,3386,LIQUIDITY_SWEEP,bearish,77673.5
2026-05-22T04:00:00+00:00,3388,LIQUIDITY_SWEEP,bearish,77817.8
2026-05-22T04:00:00+00:00,3388,MSS,bearish,77673.36
2026-05-22T05:00:00+00:00,3389,MSS,bearish,77637.99
2026-05-22T06:00:00+00:00,3390,MSS,bearish,77454.56
2026-05-22T06:00:00+00:00,3390,FVG,bearish,77637.99
2026-05-22T07:00:00+00:00,3391,LIQUIDITY_SWEEP,bullish,77370.4
2026-05-22T07:00:00+00:00,3391,RETEST,bearish,77408.06
2026-05-22T09:00:00+00:00,3393,LIQUIDITY_SWEEP,bullish,77216.0
2026-05-22T10:00:00+00:00,3394,LIQUIDITY_SWEEP,bearish,77360.0
2026-05-22T11:00:00+00:00,3395,LIQUIDITY_SWEEP,bullish,77261.73
2026-05-22T11:00:00+00:00,3395,MSS,bullish,77363.01
2026-05-22T12:00:00+00:00,3396,MSS,bullish,77430.55
2026-05-22T12:00:00+00:00,3396,FVG,bullish,77363.01
2026-05-22T15:00:00+00:00,3399,LIQUIDITY_SWEEP,bullish,76751.0
2026-05-22T17:00:00+00:00,3401,LIQUIDITY_SWEEP,bearish,77006.69
2026-05-22T17:00:00+00:00,3401,MSS,bearish,76767.0
2026-05-22T18:00:00+00:00,3402,MSS,bearish,76750.0
2026-05-22T19:00:00+00:00,3403,MSS,bearish,76101.0
2026-05-22T19:00:00+00:00,3403,FVG,bearish,76750.0
2026-05-22T20:00:00+00:00,3404,FVG,bearish,76101.0
2026-05-22T21:00:00+00:00,3405,LIQUIDITY_SWEEP,bearish,76080.95
2026-05-22T21:00:00+00:00,3405,RETEST,bearish,75978.83
2026-05-22T22:00:00+00:00,3406,MSS,bearish,75926.2
2026-05-22T23:00:00+00:00,3407,MSS,bearish,75558.28
2026-05-22T23:00:00+00:00,3407,FVG,bearish,75926.2
2026-05-23T00:00:00+00:00,3408,MSS,bearish,75359.18
2026-05-23T04:00:00+00:00,3412,MSS,bearish,75563.33
2026-05-23T05:00:00+00:00,3413,MSS,bearish,75507.01
2026-05-23T05:00:00+00:00,3413,FVG,bearish,75563.33
2026-05-23T06:00:00+00:00,3414,MSS,bearish,75469.89
2026-05-23T06:00:00+00:00,3414,FVG,bearish,75507.01
2026-05-23T07:00:00+00:00,3415,MSS,bearish,75394.54
2026-05-23T07:00:00+00:00,3415,FVG,bearish,75469.89
2026-05-23T08:00:00+00:00,3416,FVG,bearish,75394.54
2026-05-23T09:00:00+00:00,3417,LIQUIDITY_SWEEP,bearish,74746.67
2026-05-23T09:00:00+00:00,3417,RETEST,bearish,74656.91
2026-05-23T10:00:00+00:00,3418,LIQUIDITY_SWEEP,bearish,74752.45
2026-05-23T11:00:00+00:00,3419,LIQUIDITY_SWEEP,bearish,74797.01
2026-05-23T12:00:00+00:00,3420,LIQUIDITY_SWEEP,bullish,74704.99
2026-05-23T13:00:00+00:00,3421,MSS,bullish,74798.41
2026-05-23T14:00:00+00:00,3422,MSS,bullish,75262.86
2026-05-23T14:00:00+00:00,3422,FVG,bullish,74798.41
2026-05-23T15:00:00+00:00,3423,FVG,bullish,75262.86
2026-05-23T17:00:00+00:00,3425,LIQUIDITY_SWEEP,bullish,75415.17
2026-05-23T17:00:00+00:00,3425,RETEST,bullish,75488.18
2026-05-23T18:00:00+00:00,3426,MSS,bullish,75522.0
2026-05-23T19:00:00+00:00,3427,LIQUIDITY_SWEEP,bearish,75986.24
2026-05-23T21:00:00+00:00,3429,LIQUIDITY_SWEEP,bearish,77300.0
2026-05-23T22:00:00+00:00,3430,LIQUIDITY_SWEEP,bullish,76538.04
2026-05-24T00:00:00+00:00,3432,MSS,bullish,76822.0
2026-05-24T02:00:00+00:00,3434,LIQUIDITY_SWEEP,bullish,76754.53
2026-05-24T03:00:00+00:00,3435,LIQUIDITY_SWEEP,bearish,76968.04
2026-05-24T04:00:00+00:00,3436,LIQUIDITY_SWEEP,bullish,76738.5
2026-05-24T05:00:00+00:00,3437,LIQUIDITY_SWEEP,bullish,76730.0
2026-05-24T06:00:00+00:00,3438,MSS,bullish,76861.78
2026-05-24T08:00:00+00:00,3440,LIQUIDITY_SWEEP,bullish,76786.2
2026-05-24T09:00:00+00:00,3441,MSS,bullish,76861.77
2026-05-24T10:00:00+00:00,3442,MSS,bullish,77046.67
2026-05-24T10:00:00+00:00,3442,FVG,bullish,76861.77
2026-05-24T11:00:00+00:00,3443,FVG,bullish,77046.67
2026-05-24T12:00:00+00:00,3444,RETEST,bullish,77118.73
2026-05-24T16:00:00+00:00,3448,MSS,bullish,76539.38
2026-05-24T17:00:00+00:00,3449,LIQUIDITY_SWEEP,bearish,76734.3
2026-05-24T20:00:00+00:00,3452,LIQUIDITY_SWEEP,bullish,76611.17
2026-05-24T22:00:00+00:00,3454,MSS,bullish,76748.12
2026-05-24T23:00:00+00:00,3455,MSS,bullish,77012.01
2026-05-24T23:00:00+00:00,3455,FVG,bullish,76748.12
2026-05-25T00:00:00+00:00,3456,LIQUIDITY_SWEEP,bearish,77225.97
2026-05-25T01:00:00+00:00,3457,MSS,bearish,77064.95
2026-05-25T02:00:00+00:00,3458,LIQUIDITY_SWEEP,bearish,77245.67
2026-05-25T04:00:00+00:00,3460,LIQUIDITY_SWEEP,bullish,77002.3
2026-05-25T04:00:00+00:00,3460,MSS,bullish,77169.88
2026-05-25T05:00:00+00:00,3461,LIQUIDITY_SWEEP,bearish,77450.0
2026-05-25T06:00:00+00:00,3462,LIQUIDITY_SWEEP,bullish,77324.0
2026-05-25T07:00:00+00:00,3463,LIQUIDITY_SWEEP,bullish,77222.22
2026-05-25T09:00:00+00:00,3465,MSS,bullish,77469.64
2026-05-25T10:00:00+00:00,3466,FVG,bullish,77469.64
2026-05-25T12:00:00+00:00,3468,LIQUIDITY_SWEEP,bullish,77333.33
2026-05-25T13:00:00+00:00,3469,LIQUIDITY_SWEEP,bearish,77440.46
2026-05-25T14:00:00+00:00,3470,RETEST,bullish,77714.0
2026-05-25T15:00:00+00:00,3471,LIQUIDITY_SWEEP,bearish,77773.69
2026-05-25T16:00:00+00:00,3472,LIQUIDITY_SWEEP,bullish,77557.0
2026-05-25T22:00:00+00:00,3478,LIQUIDITY_SWEEP,bearish,77396.08
2026-05-25T22:00:00+00:00,3478,MSS,bearish,77273.05
2026-05-26T00:00:00+00:00,3480,MSS,bearish,77072.36
2026-05-26T01:00:00+00:00,3481,FVG,bearish,77072.36
2026-05-26T02:00:00+00:00,3482,LIQUIDITY_SWEEP,bullish,76590.9
2026-05-26T03:00:00+00:00,3483,LIQUIDITY_SWEEP,bullish,76512.98
2026-05-26T04:00:00+00:00,3484,MSS,bullish,76705.71
2026-05-26T05:00:00+00:00,3485,MSS,bullish,76817.28
2026-05-26T05:00:00+00:00,3485,RETEST,bearish,76930.01
2026-05-26T06:00:00+00:00,3486,LIQUIDITY_SWEEP,bearish,76989.23
2026-05-26T07:00:00+00:00,3487,MSS,bearish,76775.0
2026-05-26T09:00:00+00:00,3489,MSS,bearish,76693.21
2026-05-26T10:00:00+00:00,3490,LIQUIDITY_SWEEP,bullish,76649.79
2026-05-26T10:00:00+00:00,3490,MSS,bullish,76804.0
2026-05-26T11:00:00+00:00,3491,FVG,bullish,76804.0
2026-05-26T12:00:00+00:00,3492,RETEST,bullish,77132.5
2026-05-26T13:00:00+00:00,3493,LIQUIDITY_SWEEP,bullish,76877.94
2026-05-26T14:00:00+00:00,3494,LIQUIDITY_SWEEP,bearish,77464.01
2026-05-26T15:00:00+00:00,3495,MSS,bearish,76724.63
2026-05-26T16:00:00+00:00,3496,LIQUIDITY_SWEEP,bullish,76272.63
2026-05-26T20:00:00+00:00,3500,MSS,bullish,76104.49
2026-05-27T00:00:00+00:00,3504,MSS,bullish,75986.45
2026-05-27T01:00:00+00:00,3505,LIQUIDITY_SWEEP,bullish,75872.71
2026-05-27T02:00:00+00:00,3506,LIQUIDITY_SWEEP,bullish,75824.0
2026-05-27T03:00:00+00:00,3507,LIQUIDITY_SWEEP,bullish,75682.99
2026-05-27T05:00:00+00:00,3509,LIQUIDITY_SWEEP,bearish,75706.77
2026-05-27T08:00:00+00:00,3512,LIQUIDITY_SWEEP,bearish,75980.0
2026-05-27T09:00:00+00:00,3513,LIQUIDITY_SWEEP,bullish,75843.02
2026-05-27T10:00:00+00:00,3514,LIQUIDITY_SWEEP,bearish,75978.01
2026-05-27T11:00:00+00:00,3515,MSS,bearish,75880.0
2026-05-27T12:00:00+00:00,3516,LIQUIDITY_SWEEP,bearish,76029.24
2026-05-27T12:00:00+00:00,3516,MSS,bearish,75754.1
2026-05-27T13:00:00+00:00,3517,MSS,bearish,75575.75
2026-05-27T14:00:00+00:00,3518,LIQUIDITY_SWEEP,bullish,74866.18
2026-05-27T15:00:00+00:00,3519,MSS,bullish,75274.11
2026-05-27T18:00:00+00:00,3522,LIQUIDITY_SWEEP,bullish,74685.58
2026-05-27T19:00:00+00:00,3523,MSS,bullish,75032.01
2026-05-27T20:00:00+00:00,3524,MSS,bullish,75105.17
2026-05-27T20:00:00+00:00,3524,FVG,bullish,75032.01
2026-05-27T22:00:00+00:00,3526,LIQUIDITY_SWEEP,bullish,74341.76
2026-05-27T23:00:00+00:00,3527,LIQUIDITY_SWEEP,bullish,74260.91
2026-05-28T00:00:00+00:00,3528,LIQUIDITY_SWEEP,bearish,74572.0
2026-05-28T01:00:00+00:00,3529,LIQUIDITY_SWEEP,bearish,74580.0
2026-05-28T01:00:00+00:00,3529,MSS,bearish,74366.89
2026-05-28T02:00:00+00:00,3530,LIQUIDITY_SWEEP,bullish,74156.0
2026-05-28T04:00:00+00:00,3532,LIQUIDITY_SWEEP,bullish,73060.59
2026-05-28T06:00:00+00:00,3534,LIQUIDITY_SWEEP,bullish,72908.67
2026-05-28T06:00:00+00:00,3534,MSS,bullish,73181.95
2026-05-28T07:00:00+00:00,3535,MSS,bullish,73213.11
2026-05-28T09:00:00+00:00,3537,MSS,bullish,73500.0
2026-05-28T10:00:00+00:00,3538,LIQUIDITY_SWEEP,bearish,73560.0
2026-05-28T11:00:00+00:00,3539,LIQUIDITY_SWEEP,bullish,73349.91
2026-05-28T12:00:00+00:00,3540,LIQUIDITY_SWEEP,bullish,73319.36
2026-05-28T14:00:00+00:00,3542,LIQUIDITY_SWEEP,bullish,72771.64
2026-05-28T16:00:00+00:00,3544,MSS,bullish,73180.01
2026-05-28T17:00:00+00:00,3545,MSS,bullish,73440.67
2026-05-28T17:00:00+00:00,3545,FVG,bullish,73180.01
2026-05-28T18:00:00+00:00,3546,LIQUIDITY_SWEEP,bearish,73734.72
2026-05-28T19:00:00+00:00,3547,MSS,bearish,73514.57
2026-05-28T20:00:00+00:00,3548,LIQUIDITY_SWEEP,bullish,73381.81
2026-05-28T20:00:00+00:00,3548,RETEST,bullish,73579.99
2026-05-28T21:00:00+00:00,3549,MSS,bullish,73721.45
2026-05-28T22:00:00+00:00,3550,LIQUIDITY_SWEEP,bearish,73926.22
2026-05-28T22:00:00+00:00,3550,MSS,bearish,73560.45
2026-05-29T01:00:00+00:00,3553,LIQUIDITY_SWEEP,bearish,73854.77
2026-05-29T01:00:00+00:00,3553,MSS,bearish,73617.51
2026-05-29T02:00:00+00:00,3554,MSS,bearish,73463.52
2026-05-29T03:00:00+00:00,3555,FVG,bearish,73463.52
2026-05-29T04:00:00+00:00,3556,LIQUIDITY_SWEEP,bullish,73225.07
2026-05-29T04:00:00+00:00,3556,MSS,bullish,73456.63
2026-05-29T05:00:00+00:00,3557,MSS,bullish,73508.97
2026-05-29T05:00:00+00:00,3557,FVG,bullish,73456.63
2026-05-29T06:00:00+00:00,3558,MSS,bullish,73719.39
2026-05-29T06:00:00+00:00,3558,FVG,bullish,73508.97
2026-05-29T07:00:00+00:00,3559,RETEST,bullish,73528.56
2026-05-29T08:00:00+00:00,3560,LIQUIDITY_SWEEP,bearish,73830.01
2026-05-29T09:00:00+00:00,3561,LIQUIDITY_SWEEP,bearish,73835.58
2026-05-29T10:00:00+00:00,3562,MSS,bearish,73649.58
2026-05-29T11:00:00+00:00,3563,MSS,bearish,73588.13
2026-05-29T12:00:00+00:00,3564,MSS,bearish,73341.85
2026-05-29T12:00:00+00:00,3564,FVG,bearish,73588.13
2026-05-29T13:00:00+00:00,3565,MSS,bearish,73202.0
2026-05-29T14:00:00+00:00,3566,LIQUIDITY_SWEEP,bullish,72900.46
2026-05-29T15:00:00+00:00,3567,MSS,bullish,73198.17
2026-05-29T16:00:00+00:00,3568,FVG,bullish,73198.17
2026-05-29T17:00:00+00:00,3569,LIQUIDITY_SWEEP,bearish,74124.73
2026-05-29T18:00:00+00:00,3570,MSS,bearish,73925.33
2026-05-29T18:00:00+00:00,3570,RETEST,bullish,73374.52
2026-05-29T19:00:00+00:00,3571,FVG,bearish,73925.33
2026-05-29T20:00:00+00:00,3572,LIQUIDITY_SWEEP,bearish,73727.95
2026-05-29T20:00:00+00:00,3572,RETEST,bearish,73673.61
2026-05-29T21:00:00+00:00,3573,LIQUIDITY_SWEEP,bearish,73760.0
2026-05-29T21:00:00+00:00,3573,MSS,bearish,73514.0
2026-05-29T22:00:00+00:00,3574,LIQUIDITY_SWEEP,bullish,73408.8
2026-05-29T23:00:00+00:00,3575,LIQUIDITY_SWEEP,bullish,73379.79
2026-05-30T00:00:00+00:00,3576,LIQUIDITY_SWEEP,bearish,73510.0
2026-05-30T03:00:00+00:00,3579,LIQUIDITY_SWEEP,bearish,73786.7
2026-05-30T03:00:00+00:00,3579,MSS,bearish,73613.85
2026-05-30T04:00:00+00:00,3580,MSS,bearish,73524.01
2026-05-30T04:00:00+00:00,3580,FVG,bearish,73613.85
2026-05-30T05:00:00+00:00,3581,RETEST,bearish,73604.99
2026-05-30T06:00:00+00:00,3582,LIQUIDITY_SWEEP,bearish,73635.0
2026-05-30T07:00:00+00:00,3583,LIQUIDITY_SWEEP,bullish,73530.0
2026-05-30T09:00:00+00:00,3585,MSS,bullish,73567.59
2026-05-30T10:00:00+00:00,3586,MSS,bullish,73615.47
2026-05-30T10:00:00+00:00,3586,FVG,bullish,73567.59
2026-05-30T11:00:00+00:00,3587,LIQUIDITY_SWEEP,bullish,73592.57
2026-05-30T11:00:00+00:00,3587,RETEST,bullish,73602.02
2026-05-30T12:00:00+00:00,3588,MSS,bullish,73655.86
2026-05-30T13:00:00+00:00,3589,MSS,bullish,73717.07
2026-05-30T13:00:00+00:00,3589,FVG,bullish,73655.86
2026-05-30T14:00:00+00:00,3590,MSS,bullish,73837.06
2026-05-30T14:00:00+00:00,3590,FVG,bullish,73717.07
2026-05-30T17:00:00+00:00,3593,LIQUIDITY_SWEEP,bullish,73880.1
2026-05-30T17:00:00+00:00,3593,MSS,bullish,73985.84
2026-05-30T17:00:00+00:00,3593,RETEST,bullish,74020.07
2026-05-30T18:00:00+00:00,3594,LIQUIDITY_SWEEP,bearish,74047.26
2026-05-30T20:00:00+00:00,3596,LIQUIDITY_SWEEP,bullish,73971.3
2026-05-30T21:00:00+00:00,3597,LIQUIDITY_SWEEP,bearish,74016.65
2026-05-30T22:00:00+00:00,3598,MSS,bearish,73929.07
2026-05-30T23:00:00+00:00,3599,LIQUIDITY_SWEEP,bullish,73796.01
2026-05-31T00:00:00+00:00,3600,MSS,bullish,73995.98
2026-05-31T01:00:00+00:00,3601,MSS,bullish,74041.72
2026-05-31T01:00:00+00:00,3601,FVG,bullish,73995.98
2026-05-31T02:00:00+00:00,3602,LIQUIDITY_SWEEP,bullish,74028.64
2026-05-31T02:00:00+00:00,3602,RETEST,bullish,74090.84
2026-05-31T09:00:00+00:00,3609,LIQUIDITY_SWEEP,bearish,73980.0
2026-05-31T09:00:00+00:00,3609,MSS,bearish,73850.05
2026-05-31T10:00:00+00:00,3610,LIQUIDITY_SWEEP,bullish,73813.44
2026-05-31T11:00:00+00:00,3611,MSS,bullish,73900.0
2026-05-31T12:00:00+00:00,3612,LIQUIDITY_SWEEP,bullish,73899.99
2026-05-31T13:00:00+00:00,3613,LIQUIDITY_SWEEP,bearish,73995.88
2026-05-31T13:00:00+00:00,3613,MSS,bearish,73874.0
2026-05-31T14:00:00+00:00,3614,MSS,bearish,73807.43
2026-05-31T14:00:00+00:00,3614,FVG,bearish,73874.0
2026-05-31T15:00:00+00:00,3615,FVG,bearish,73807.43
2026-05-31T16:00:00+00:00,3616,MSS,bearish,73588.8
2026-05-31T17:00:00+00:00,3617,LIQUIDITY_SWEEP,bearish,73730.0
2026-05-31T19:00:00+00:00,3619,MSS,bearish,73585.49
2026-05-31T23:00:00+00:00,3623,LIQUIDITY_SWEEP,bearish,73997.56
2026-05-31T23:00:00+00:00,3623,MSS,bearish,73686.0
2026-05-31T23:00:00+00:00,3623,RETEST,bearish,73674.39
