timestamp,open,high,low,close,volume
2026-01-01T00:00:00+00:00,87648.21000000,87849.26000000,87632.74000000,87809.23000000,233.66036000
2026-01-01T01:00:00+00:00,87809.24000000,88050.00000000,87809.23000000,87960.00000000,241.44162000
2026-01-01T02:00:00+00:00,87960.01000000,88088.10000000,87895.37000000,87914.00000000,209.55860000
2026-01-01T03:00:00+00:00,87914.00000000,88015.70000000,87832.09000000,87846.02000000,149.08354000
2026-01-01T04:00:00+00:00,87846.01000000,87854.81000000,87550.43000000,87590.40000000,476.17901000
2026-01-01T05:00:00+00:00,87590.41000000,87749.34000000,87590.40000000,87704.39000000,283.17436000
2026-01-01T06:00:00+00:00,87704.39000000,87704.39000000,87636.29000000,87658.00000000,123.89656000
2026-01-01T07:00:00+00:00,87658.01000000,87673.01000000,87596.00000000,87631.88000000,225.27492000
2026-01-01T08:00:00+00:00,87631.88000000,87811.13000000,87631.87000000,87770.90000000,285.21745000
2026-01-01T09:00:00+00:00,87770.89000000,87965.25000000,87751.82000000,87877.99000000,210.22963000
2026-01-01T10:00:00+00:00,87877.99000000,87883.80000000,87799.17000000,87863.76000000,128.07380000
2026-01-01T11:00:00+00:00,87863.75000000,88024.64000000,87859.36000000,88024.64000000,196.30405000
2026-01-01T12:00:00+00:00,88024.64000000,88036.42000000,87925.28000000,87950.00000000,200.13556000
2026-01-01T13:00:00+00:00,87950.00000000,88019.82000000,87860.66000000,87922.64000000,155.72883000
2026-01-01T14:00:00+00:00,87922.63000000,87970.59000000,87810.66000000,87967.05000000,390.01531000
2026-01-01T15:00:00+00:00,87967.05000000,88113.45000000,87916.39000000,88032.18000000,260.01234000
2026-01-01T16:00:00+00:00,88032.17000000,88048.70000000,87879.03000000,87988.76000000,189.99476000
2026-01-01T17:00:00+00:00,87988.77000000,88500.00000000,87976.00000000,88316.37000000,476.08554000
2026-01-01T18:00:00+00:00,88316.38000000,88364.00000000,88105.08000000,88193.94000000,257.59166000
2026-01-01T19:00:00+00:00,88193.94000000,88431.23000000,88062.32000000,88391.15000000,216.66303000
2026-01-01T20:00:00+00:00,88391.16000000,88391.16000000,88240.00000000,88258.12000000,135.39527000
2026-01-01T21:00:00+00:00,88258.12000000,88447.84000000,88254.08000000,88377.67000000,168.57205000
2026-01-01T22:00:00+00:00,88377.67000000,88699.99000000,88377.67000000,88645.57000000,474.23054000
2026-01-01T23:00:00+00:00,88645.57000000,88919.45000000,88474.63000000,88839.04000000,593.05254000
2026-01-02T00:00:00+00:00,88839.05000000,88890.09000000,88594.39000000,88833.97000000,448.72758000
2026-01-02T01:00:00+00:00,88833.96000000,88877.12000000,88525.73000000,88639.89000000,242.38673000
2026-01-02T02:00:00+00:00,88639.89000000,88665.10000000,88379.88000000,88637.03000000,253.81052000
2026-01-02T03:00:00+00:00,88637.02000000,89120.01000000,88573.64000000,88950.65000000,670.13653000
2026-01-02T04:00:00+00:00,88950.64000000,88992.00000000,88629.00000000,88637.64000000,287.46487000
2026-01-02T05:00:00+00:00,88637.64000000,88787.56000000,88576.56000000,88765.20000000,223.91609000
2026-01-02T06:00:00+00:00,88765.21000000,89079.44000000,88715.44000000,88935.04000000,291.36506000
2026-01-02T07:00:00+00:00,88935.05000000,89068.62000000,88794.01000000,88857.61000000,387.57118000
2026-01-02T08:00:00+00:00,88857.60000000,89200.00000000,88758.94000000,89178.13000000,436.78167000
2026-01-02T09:00:00+00:00,89178.13000000,89484.06000000,89106.34000000,89467.32000000,885.84196000
2026-01-02T10:00:00+00:00,89467.32000000,89942.44000000,89451.34000000,89666.29000000,1401.67184000
2026-01-02T11:00:00+00:00,89666.30000000,89682.04000000,89360.00000000,89502.95000000,610.27074000
2026-01-02T12:00:00+00:00,89502.94000000,89593.17000000,89387.01000000,89400.00000000,388.55376000
2026-01-02T13:00:00+00:00,89400.00000000,89688.60000000,89309.94000000,89348.68000000,481.02676000
2026-01-02T14:00:00+00:00,89348.67000000,90135.00000000,88459.96000000,89580.00000000,2152.74387000
2026-01-02T15:00:00+00:00,89580.01000000,89888.00000000,88800.00000000,89418.11000000,1551.51931000
2026-01-02T16:00:00+00:00,89418.10000000,90800.00000000,89205.92000000,90376.05000000,2486.21857000
2026-01-02T17:00:00+00:00,90376.05000000,90961.81000000,90185.43000000,90370.52000000,1336.49207000
2026-01-02T18:00:00+00:00,90370.52000000,90555.99000000,89552.18000000,89773.10000000,847.22983000
2026-01-02T19:00:00+00:00,89773.10000000,90157.03000000,89650.00000000,89897.23000000,485.53154000
2026-01-02T20:00:00+00:00,89897.23000000,90075.00000000,89636.77000000,89740.00000000,538.07124000
2026-01-02T21:00:00+00:00,89740.01000000,90175.01000000,89728.37000000,90065.80000000,330.88507000
2026-01-02T22:00:00+00:00,90065.80000000,90400.00000000,90026.54000000,90195.37000000,409.68756000
2026-01-02T23:00:00+00:00,90195.37000000,90201.67000000,89902.16000000,89995.13000000,249.06866000
2026-01-03T00:00:00+00:00,89995.14000000,90195.77000000,89966.48000000,90156.19000000,298.52212000
2026-01-03T01:00:00+00:00,90156.19000000,90292.87000000,90077.69000000,90282.69000000,236.37769000
2026-01-03T02:00:00+00:00,90282.68000000,90418.32000000,90129.53000000,90340.00000000,305.59164000
2026-01-03T03:00:00+00:00,90340.01000000,90376.49000000,90200.00000000,90321.22000000,185.70264000
2026-01-03T04:00:00+00:00,90321.23000000,90480.62000000,90053.53000000,90170.00000000,411.08569000
2026-01-03T05:00:00+00:00,90170.01000000,90198.00000000,89924.48000000,90031.10000000,222.72398000
2026-01-03T06:00:00+00:00,90031.10000000,90134.60000000,89850.10000000,89871.05000000,273.68226000
2026-01-03T07:00:00+00:00,89871.04000000,89950.88000000,89314.01000000,89577.13000000,869.92487000
2026-01-03T08:00:00+00:00,89577.13000000,89831.90000000,89420.75000000,89670.51000000,458.16930000
2026-01-03T09:00:00+00:00,89670.51000000,89982.11000000,89634.95000000,89791.99000000,409.91195000
2026-01-03T10:00:00+00:00,89792.00000000,89881.10000000,89715.21000000,89754.47000000,270.67124000
2026-01-03T11:00:00+00:00,89754.48000000,89782.81000000,89679.14000000,89752.74000000,162.35671000
2026-01-03T12:00:00+00:00,89752.75000000,90046.00000000,89664.93000000,90039.13000000,374.21001000
2026-01-03T13:00:00+00:00,90039.12000000,90065.74000000,89920.01000000,90004.96000000,287.30479000
2026-01-03T14:00:00+00:00,90004.97000000,90249.99000000,89960.00000000,90126.02000000,298.26434000
2026-01-03T15:00:00+00:00,90126.02000000,90126.02000000,89968.00000000,89969.31000000,155.37202000
2026-01-03T16:00:00+00:00,89969.31000000,90219.67000000,89918.59000000,90105.24000000,200.27276000
2026-01-03T17:00:00+00:00,90105.24000000,90123.77000000,90026.93000000,90093.99000000,83.86507000
2026-01-03T18:00:00+00:00,90094.00000000,90197.88000000,90035.52000000,90138.87000000,141.85601000
2026-01-03T19:00:00+00:00,90138.87000000,90156.19000000,90060.00000000,90123.77000000,90.08443000
2026-01-03T20:00:00+00:00,90123.76000000,90372.40000000,90017.23000000,90372.39000000,179.02196000
2026-01-03T21:00:00+00:00,90372.40000000,90741.16000000,90318.29000000,90564.31000000,398.89642000
2026-01-03T22:00:00+00:00,90564.32000000,90738.99000000,90497.52000000,90590.04000000,433.49380000
2026-01-03T23:00:00+00:00,90590.04000000,90700.00000000,90469.39000000,90628.01000000,310.10546000
2026-01-04T00:00:00+00:00,90628.01000000,91610.17000000,90628.00000000,91341.47000000,1737.64298000
2026-01-04T01:00:00+00:00,91341.48000000,91475.52000000,91005.37000000,91235.37000000,375.26249000
2026-01-04T02:00:00+00:00,91235.37000000,91292.00000000,91080.06000000,91124.00000000,278.28940000
2026-01-04T03:00:00+00:00,91124.00000000,91350.00000000,91080.06000000,91236.78000000,328.23931000
2026-01-04T04:00:00+00:00,91236.78000000,91587.72000000,91183.15000000,91400.00000000,457.69348000
2026-01-04T05:00:00+00:00,91400.01000000,91490.68000000,91348.31000000,91480.04000000,172.44443000
2026-01-04T06:00:00+00:00,91480.04000000,91810.00000000,91237.54000000,91237.55000000,747.06543000
2026-01-04T07:00:00+00:00,91237.54000000,91546.31000000,91211.25000000,91532.00000000,456.46078000
2026-01-04T08:00:00+00:00,91532.00000000,91536.00000000,91174.46000000,91374.99000000,620.80815000
2026-01-04T09:00:00+00:00,91374.99000000,91485.21000000,91244.29000000,91468.28000000,941.08164000
2026-01-04T10:00:00+00:00,91468.28000000,91620.50000000,91422.67000000,91600.62000000,665.01473000
2026-01-04T11:00:00+00:00,91600.62000000,91600.62000000,91236.19000000,91300.00000000,369.35457000
2026-01-04T12:00:00+00:00,91300.01000000,91360.00000000,91084.00000000,91150.98000000,454.56858000
2026-01-04T13:00:00+00:00,91150.99000000,91276.94000000,91014.10000000,91264.00000000,272.68922000
2026-01-04T14:00:00+00:00,91264.00000000,91419.22000000,91146.86000000,91336.39000000,272.07953000
2026-01-04T15:00:00+00:00,91336.39000000,91381.60000000,91096.27000000,91334.94000000,316.98098000
2026-01-04T16:00:00+00:00,91334.94000000,91455.90000000,91244.60000000,91321.00000000,326.44422000
2026-01-04T17:00:00+00:00,91321.00000000,91436.21000000,91306.77000000,91335.73000000,137.11227000
2026-01-04T18:00:00+00:00,91335.72000000,91335.73000000,91000.00000000,91205.39000000,304.66859000
2026-01-04T19:00:00+00:00,91205.38000000,91205.39000000,90863.47000000,91138.07000000,372.30446000
2026-01-04T20:00:00+00:00,91138.06000000,91349.38000000,91132.00000000,91313.94000000,147.52188000
2026-01-04T21:00:00+00:00,91313.93000000,91421.96000000,91182.71000000,91279.99000000,135.33795000
2026-01-04T22:00:00+00:00,91279.99000000,91401.98000000,91150.47000000,91220.01000000,149.03275000
2026-01-04T23:00:00+00:00,91220.00000000,91590.00000000,91220.00000000,91529.73000000,388.43188000
2026-01-05T00:00:00+00:00,91529.74000000,92426.82000000,91514.81000000,92405.46000000,2061.87264000
2026-01-05T01:00:00+00:00,92405.46000000,93388.00000000,92280.69000000,92967.28000000,1977.50385000
2026-01-05T02:00:00+00:00,92967.29000000,93157.99000000,92724.98000000,93033.11000000,913.68581000
2026-01-05T03:00:00+00:00,93033.11000000,93204.70000000,92871.26000000,92878.22000000,595.50021000
2026-01-05T04:00:00+00:00,92878.22000000,92947.87000000,92330.46000000,92595.07000000,588.83873000
2026-01-05T05:00:00+00:00,92595.07000000,92720.73000000,92340.39000000,92359.99000000,400.53800000
2026-01-05T06:00:00+00:00,92359.99000000,92500.00000000,92155.00000000,92491.81000000,320.70875000
2026-01-05T07:00:00+00:00,92491.82000000,92644.31000000,92484.72000000,92520.63000000,528.78142000
2026-01-05T08:00:00+00:00,92520.63000000,92774.28000000,92446.00000000,92467.53000000,603.26757000
2026-01-05T09:00:00+00:00,92467.54000000,92845.53000000,92320.17000000,92688.60000000,645.33375000
2026-01-05T10:00:00+00:00,92688.61000000,93151.00000000,92679.12000000,93080.00000000,681.83063000
2026-01-05T11:00:00+00:00,93080.00000000,93151.00000000,92883.03000000,93134.26000000,567.75651000
2026-01-05T12:00:00+00:00,93134.25000000,93206.20000000,92752.60000000,92874.28000000,453.58870000
2026-01-05T13:00:00+00:00,92874.28000000,93020.00000000,92535.41000000,92742.74000000,486.24906000
2026-01-05T14:00:00+00:00,92742.73000000,93666.00000000,92407.13000000,93428.00000000,1355.05943000
2026-01-05T15:00:00+00:00,93428.00000000,94000.00000000,93170.95000000,93957.73000000,1929.19905000
2026-01-05T16:00:00+00:00,93957.74000000,94076.35000000,93586.65000000,93701.31000000,1298.79178000
2026-01-05T17:00:00+00:00,93701.30000000,94477.69000000,93250.00000000,94317.84000000,1154.31910000
2026-01-05T18:00:00+00:00,94317.84000000,94500.00000000,93920.00000000,94449.62000000,974.95833000
2026-01-05T19:00:00+00:00,94449.61000000,94500.00000000,94131.44000000,94303.40000000,762.31290000
2026-01-05T20:00:00+00:00,94303.40000000,94789.08000000,94038.00000000,94177.99000000,1133.04005000
2026-01-05T21:00:00+00:00,94178.00000000,94227.40000000,93800.00000000,94095.78000000,474.75745000
2026-01-05T22:00:00+00:00,94095.78000000,94406.00000000,94012.30000000,94171.22000000,370.72137000
2026-01-05T23:00:00+00:00,94171.21000000,94194.01000000,93859.70000000,93859.71000000,394.98075000
2026-01-06T00:00:00+00:00,93859.71000000,93993.07000000,93555.93000000,93816.70000000,522.32093000
2026-01-06T01:00:00+00:00,93816.70000000,94161.86000000,93739.37000000,93771.82000000,384.14412000
2026-01-06T02:00:00+00:00,93771.82000000,93870.66000000,93529.18000000,93620.60000000,336.13865000
2026-01-06T03:00:00+00:00,93620.60000000,93943.88000000,93601.96000000,93769.24000000,285.34343000
2026-01-06T04:00:00+00:00,93769.25000000,94000.00000000,93734.25000000,93801.07000000,231.47521000
2026-01-06T05:00:00+00:00,93801.07000000,93816.00000000,93572.11000000,93599.99000000,407.00036000
2026-01-06T06:00:00+00:00,93599.99000000,93951.07000000,93538.83000000,93780.01000000,538.64562000
2026-01-06T07:00:00+00:00,93780.01000000,93782.60000000,93137.98000000,93255.08000000,860.27324000
2026-01-06T08:00:00+00:00,93255.08000000,93420.11000000,93167.29000000,93240.17000000,355.74138000
2026-01-06T09:00:00+00:00,93240.18000000,93569.61000000,93229.37000000,93462.72000000,327.55172000
2026-01-06T10:00:00+00:00,93462.72000000,93654.49000000,93413.20000000,93579.56000000,273.28705000
2026-01-06T11:00:00+00:00,93579.56000000,93895.00000000,93571.43000000,93840.00000000,403.66589000
2026-01-06T12:00:00+00:00,93839.99000000,93981.10000000,93784.30000000,93872.16000000,338.69848000
2026-01-06T13:00:00+00:00,93872.17000000,93872.17000000,93636.75000000,93716.53000000,315.19532000
2026-01-06T14:00:00+00:00,93716.53000000,94444.44000000,93531.28000000,93836.81000000,1676.33623000
2026-01-06T15:00:00+00:00,93836.81000000,94311.22000000,93352.01000000,93648.99000000,1417.41756000
2026-01-06T16:00:00+00:00,93649.00000000,93775.60000000,92336.00000000,92692.32000000,2208.46324000
2026-01-06T17:00:00+00:00,92692.32000000,92773.05000000,91539.68000000,91589.24000000,1784.74974000
2026-01-06T18:00:00+00:00,91589.23000000,92221.52000000,91262.94000000,92034.09000000,1427.50922000
2026-01-06T19:00:00+00:00,92034.09000000,92361.82000000,91902.00000000,92104.50000000,733.78195000
2026-01-06T20:00:00+00:00,92104.49000000,92698.04000000,92098.29000000,92505.32000000,775.34743000
2026-01-06T21:00:00+00:00,92505.31000000,93845.03000000,92372.40000000,93258.05000000,1874.69965000
2026-01-06T22:00:00+00:00,93258.04000000,93533.78000000,92966.75000000,93362.68000000,713.98511000
2026-01-06T23:00:00+00:00,93362.67000000,93792.17000000,93333.32000000,93747.97000000,354.64676000
2026-01-07T00:00:00+00:00,93747.97000000,93747.97000000,92626.31000000,92709.52000000,843.19542000
2026-01-07T01:00:00+00:00,92709.36000000,92902.52000000,92330.33000000,92435.35000000,936.69400000
2026-01-07T02:00:00+00:00,92435.36000000,93060.00000000,92236.07000000,92949.77000000,598.87784000
2026-01-07T03:00:00+00:00,92949.77000000,93108.69000000,92747.12000000,92815.83000000,294.44853000
2026-01-07T04:00:00+00:00,92815.83000000,92930.35000000,92610.00000000,92670.29000000,319.36155000
2026-01-07T05:00:00+00:00,92670.30000000,92847.16000000,92500.00000000,92529.54000000,227.33033000
2026-01-07T06:00:00+00:00,92529.53000000,92899.57000000,92523.75000000,92614.84000000,240.63686000
2026-01-07T07:00:00+00:00,92614.84000000,92895.56000000,92614.83000000,92879.13000000,256.24423000
2026-01-07T08:00:00+00:00,92879.14000000,92961.53000000,92698.09000000,92718.90000000,263.50620000
2026-01-07T09:00:00+00:00,92718.90000000,92718.91000000,91600.00000000,91716.14000000,1258.05952000
2026-01-07T10:00:00+00:00,91716.14000000,92000.00000000,91600.00000000,91975.31000000,538.05487000
2026-01-07T11:00:00+00:00,91975.31000000,92253.16000000,91928.21000000,92087.21000000,542.17686000
2026-01-07T12:00:00+00:00,92087.21000000,92176.98000000,91977.73000000,91997.86000000,317.95554000
2026-01-07T13:00:00+00:00,91997.85000000,92299.40000000,91864.52000000,92044.67000000,443.04448000
2026-01-07T14:00:00+00:00,92044.67000000,92135.10000000,91353.39000000,91959.04000000,1427.59818000
2026-01-07T15:00:00+00:00,91959.05000000,92000.00000000,91024.00000000,91349.96000000,1434.72957000
2026-01-07T16:00:00+00:00,91349.95000000,91790.00000000,91150.00000000,91264.54000000,677.82559000
2026-01-07T17:00:00+00:00,91264.55000000,91698.15000000,91026.01000000,91252.14000000,548.07377000
2026-01-07T18:00:00+00:00,91252.13000000,91441.35000000,90733.14000000,90901.39000000,816.16719000
2026-01-07T19:00:00+00:00,90901.38000000,91280.07000000,90675.52000000,91186.07000000,611.74260000
2026-01-07T20:00:00+00:00,91186.07000000,91300.75000000,90778.32000000,91047.49000000,438.79062000
2026-01-07T21:00:00+00:00,91047.49000000,91231.90000000,91035.77000000,91089.50000000,245.38775000
2026-01-07T22:00:00+00:00,91089.50000000,91383.14000000,90873.08000000,91180.85000000,362.92780000
2026-01-07T23:00:00+00:00,91180.85000000,91489.60000000,91004.10000000,91364.16000000,633.66095000
2026-01-08T00:00:00+00:00,91364.16000000,91529.72000000,91072.16000000,91394.71000000,369.48198000
2026-01-08T01:00:00+00:00,91394.70000000,91687.99000000,91300.00000000,91428.40000000,306.46699000
2026-01-08T02:00:00+00:00,91428.39000000,91473.00000000,90764.00000000,90956.49000000,571.10105000
2026-01-08T03:00:00+00:00,90956.50000000,91142.51000000,90616.36000000,90813.40000000,547.79189000
2026-01-08T04:00:00+00:00,90813.40000000,91168.00000000,90700.00000000,91022.75000000,357.33917000
2026-01-08T05:00:00+00:00,91022.74000000,91188.00000000,90786.14000000,90829.58000000,295.83835000
2026-01-08T06:00:00+00:00,90829.58000000,90872.00000000,89897.01000000,89898.01000000,1360.25581000
2026-01-08T07:00:00+00:00,89898.00000000,90588.00000000,89641.84000000,90548.02000000,1094.34311000
2026-01-08T08:00:00+00:00,90548.02000000,90917.22000000,90155.05000000,90227.25000000,841.98085000
2026-01-08T09:00:00+00:00,90227.25000000,90374.78000000,89956.00000000,90010.00000000,514.04982000
2026-01-08T10:00:00+00:00,90009.99000000,90493.18000000,89777.25000000,90410.10000000,526.53398000
2026-01-08T11:00:00+00:00,90409.61000000,90487.31000000,90022.26000000,90226.77000000,548.71612000
2026-01-08T12:00:00+00:00,90226.77000000,90240.85000000,89781.96000000,89989.21000000,992.96975000
2026-01-08T13:00:00+00:00,89989.20000000,90105.08000000,89861.59000000,89962.14000000,441.44929000
2026-01-08T14:00:00+00:00,89962.14000000,90171.00000000,89311.00000000,90024.01000000,1521.76403000
2026-01-08T15:00:00+00:00,90024.00000000,90847.52000000,89820.89000000,90781.57000000,1428.07575000
2026-01-08T16:00:00+00:00,90781.57000000,90926.84000000,90312.89000000,90926.84000000,855.68064000
2026-01-08T17:00:00+00:00,90926.84000000,91440.00000000,90842.00000000,91366.39000000,874.20589000
2026-01-08T18:00:00+00:00,91366.39000000,91469.00000000,90952.00000000,91117.35000000,517.40477000
2026-01-08T19:00:00+00:00,91117.35000000,91333.00000000,90812.98000000,90937.41000000,409.29800000
2026-01-08T20:00:00+00:00,90937.42000000,90996.02000000,90568.11000000,90927.62000000,476.53275000
2026-01-08T21:00:00+00:00,90927.63000000,91336.63000000,90917.70000000,91272.96000000,629.96765000
2026-01-08T22:00:00+00:00,91272.96000000,91493.00000000,91033.11000000,91231.90000000,417.67218000
2026-01-08T23:00:00+00:00,91231.89000000,91336.63000000,91046.87000000,91099.99000000,233.87135000
2026-01-09T00:00:00+00:00,91100.00000000,91307.72000000,91058.70000000,91290.33000000,179.40576000
2026-01-09T01:00:00+00:00,91290.34000000,91632.10000000,90850.00000000,91056.19000000,545.56598000
2026-01-09T02:00:00+00:00,91056.20000000,91481.19000000,91023.00000000,91038.38000000,431.10210000
2026-01-09T03:00:00+00:00,91038.39000000,91271.73000000,90941.44000000,91220.23000000,417.79460000
2026-01-09T04:00:00+00:00,91220.24000000,91236.72000000,90933.30000000,91012.80000000,322.36121000
2026-01-09T05:00:00+00:00,91012.81000000,91119.81000000,90882.71000000,91091.82000000,292.21625000
2026-01-09T06:00:00+00:00,91091.82000000,91146.47000000,90989.29000000,91137.58000000,209.50276000
2026-01-09T07:00:00+00:00,91137.58000000,91137.58000000,90738.34000000,90741.84000000,669.47590000
2026-01-09T08:00:00+00:00,90741.85000000,90843.77000000,89694.66000000,90033.52000000,1141.88324000
2026-01-09T09:00:00+00:00,90033.52000000,90481.20000000,90014.60000000,90338.46000000,507.45187000
2026-01-09T10:00:00+00:00,90338.47000000,90558.01000000,90283.47000000,90485.87000000,396.79277000
2026-01-09T11:00:00+00:00,90485.87000000,90691.32000000,90404.21000000,90463.11000000,540.59585000
2026-01-09T12:00:00+00:00,90463.12000000,90603.53000000,90235.13000000,90449.23000000,690.17113000
2026-01-09T13:00:00+00:00,90449.22000000,90938.62000000,90405.15000000,90607.66000000,722.68305000
2026-01-09T14:00:00+00:00,90607.66000000,90666.91000000,89940.00000000,90150.00000000,840.37741000
2026-01-09T15:00:00+00:00,90150.01000000,92082.55000000,89850.00000000,91176.47000000,3441.12901000
2026-01-09T16:00:00+00:00,91176.48000000,91783.32000000,91175.79000000,91623.89000000,1143.47636000
2026-01-09T17:00:00+00:00,91623.89000000,91680.41000000,91012.00000000,91422.23000000,688.89123000
2026-01-09T18:00:00+00:00,91422.23000000,91507.82000000,90340.00000000,90820.31000000,551.14415000
2026-01-09T19:00:00+00:00,90820.30000000,90820.30000000,90190.00000000,90332.15000000,578.57871000
2026-01-09T20:00:00+00:00,90332.14000000,90580.62000000,90235.00000000,90303.36000000,313.31668000
2026-01-09T21:00:00+00:00,90303.37000000,90643.81000000,90113.87000000,90541.97000000,207.05117000
2026-01-09T22:00:00+00:00,90541.98000000,90723.06000000,90353.91000000,90630.08000000,575.52178000
2026-01-09T23:00:00+00:00,90630.08000000,90732.01000000,90604.58000000,90641.28000000,183.79042000
2026-01-10T00:00:00+00:00,90641.27000000,90693.89000000,90527.99000000,90600.00000000,151.21516000
2026-01-10T01:00:00+00:00,90600.00000000,90732.20000000,90587.00000000,90688.00000000,113.18366000
2026-01-10T02:00:00+00:00,90688.00000000,90782.23000000,90607.02000000,90697.17000000,139.70054000
2026-01-10T03:00:00+00:00,90697.17000000,90697.18000000,90554.26000000,90626.14000000,124.89032000
2026-01-10T04:00:00+00:00,90626.15000000,90649.99000000,90408.23000000,90448.30000000,164.87324000
2026-01-10T05:00:00+00:00,90448.30000000,90617.62000000,90431.45000000,90603.52000000,84.41081000
2026-01-10T06:00:00+00:00,90603.52000000,90603.53000000,90474.35000000,90505.47000000,74.15884000
2026-01-10T07:00:00+00:00,90505.48000000,90682.70000000,90505.47000000,90678.50000000,168.18359000
2026-01-10T08:00:00+00:00,90678.50000000,90773.33000000,90618.28000000,90661.95000000,288.33994000
2026-01-10T09:00:00+00:00,90661.94000000,90768.97000000,90630.09000000,90768.96000000,158.69299000
2026-01-10T10:00:00+00:00,90768.97000000,90832.00000000,90728.45000000,90828.00000000,126.67512000
2026-01-10T11:00:00+00:00,90828.00000000,90828.00000000,90708.25000000,90723.86000000,73.68827000
2026-01-10T12:00:00+00:00,90723.87000000,90788.78000000,90665.75000000,90733.71000000,94.62022000
2026-01-10T13:00:00+00:00,90733.71000000,90772.78000000,90633.86000000,90656.51000000,82.99160000
2026-01-10T14:00:00+00:00,90656.52000000,90658.69000000,90538.46000000,90591.01000000,144.35468000
2026-01-10T15:00:00+00:00,90591.01000000,90665.76000000,90584.17000000,90665.75000000,92.51513000
2026-01-10T16:00:00+00:00,90665.76000000,90725.74000000,90609.56000000,90676.66000000,142.80125000
2026-01-10T17:00:00+00:00,90676.66000000,90746.00000000,90544.96000000,90544.96000000,152.86625000
2026-01-10T18:00:00+00:00,90544.96000000,90595.63000000,90504.55000000,90595.62000000,158.53961000
2026-01-10T19:00:00+00:00,90595.62000000,90631.37000000,90580.61000000,90626.54000000,75.94050000
2026-01-10T20:00:00+00:00,90626.54000000,90659.03000000,90571.00000000,90572.86000000,99.38243000
2026-01-10T21:00:00+00:00,90572.86000000,90572.86000000,90500.38000000,90510.74000000,144.94285000
2026-01-10T22:00:00+00:00,90510.75000000,90600.00000000,90404.00000000,90427.76000000,161.64189000
2026-01-10T23:00:00+00:00,90427.76000000,90567.15000000,90427.75000000,90504.70000000,85.50833000
2026-01-11T00:00:00+00:00,90504.70000000,90650.75000000,90451.10000000,90640.44000000,114.36360000
2026-01-11T01:00:00+00:00,90640.44000000,90675.53000000,90558.95000000,90628.23000000,83.46973000
2026-01-11T02:00:00+00:00,90628.24000000,90731.90000000,90615.34000000,90699.00000000,123.06702000
2026-01-11T03:00:00+00:00,90699.00000000,90737.95000000,90631.64000000,90733.50000000,142.98004000
2026-01-11T04:00:00+00:00,90733.49000000,90785.48000000,90661.53000000,90785.48000000,141.85581000
2026-01-11T05:00:00+00:00,90785.48000000,90850.00000000,90740.00000000,90774.43000000,128.06651000
2026-01-11T06:00:00+00:00,90774.42000000,90796.83000000,90585.34000000,90744.00000000,169.88277000
2026-01-11T07:00:00+00:00,90744.00000000,90749.00000000,90675.52000000,90710.79000000,107.03833000
2026-01-11T08:00:00+00:00,90710.80000000,90816.00000000,90610.27000000,90790.01000000,261.70108000
2026-01-11T09:00:00+00:00,90790.01000000,90815.44000000,90675.60000000,90740.02000000,180.86038000
2026-01-11T10:00:00+00:00,90740.01000000,90740.02000000,90692.79000000,90736.67000000,123.08314000
2026-01-11T11:00:00+00:00,90736.66000000,90756.00000000,90695.05000000,90754.99000000,128.73157000
2026-01-11T12:00:00+00:00,90754.99000000,91020.00000000,90720.21000000,90938.13000000,211.42505000
2026-01-11T13:00:00+00:00,90938.12000000,90972.33000000,90821.47000000,90849.45000000,154.00693000
2026-01-11T14:00:00+00:00,90849.45000000,91191.50000000,90849.45000000,91127.16000000,282.45011000
2026-01-11T15:00:00+00:00,91127.17000000,91153.99000000,90708.25000000,90875.79000000,496.14604000
2026-01-11T16:00:00+00:00,90875.79000000,91283.89000000,90875.79000000,91039.15000000,389.24788000
2026-01-11T17:00:00+00:00,91039.14000000,91147.82000000,90904.07000000,90986.68000000,234.85682000
2026-01-11T18:00:00+00:00,90986.68000000,90986.69000000,90793.43000000,90886.68000000,177.99755000
2026-01-11T19:00:00+00:00,90886.68000000,90922.08000000,90673.30000000,90690.80000000,159.30510000
2026-01-11T20:00:00+00:00,90690.81000000,90743.72000000,90370.85000000,90708.26000000,497.31755000
2026-01-11T21:00:00+00:00,90708.25000000,90838.69000000,90590.61000000,90757.06000000,217.97309000
2026-01-11T22:00:00+00:00,90757.07000000,90757.07000000,90453.36000000,90526.02000000,255.60666000
2026-01-11T23:00:00+00:00,90526.01000000,91041.79000000,90236.00000000,91013.65000000,695.70318000
2026-01-12T00:00:00+00:00,91013.66000000,91258.66000000,90700.29000000,91258.65000000,740.61830000
2026-01-12T01:00:00+00:00,91258.66000000,91799.00000000,91086.00000000,91412.44000000,973.78286000
2026-01-12T02:00:00+00:00,91412.44000000,92384.40000000,91374.00000000,92203.56000000,1103.07593000
2026-01-12T03:00:00+00:00,92203.56000000,92519.95000000,91808.11000000,91808.12000000,968.99203000
2026-01-12T04:00:00+00:00,91808.12000000,92290.81000000,91741.82000000,92175.78000000,651.26560000
2026-01-12T05:00:00+00:00,92175.79000000,92267.66000000,92037.51000000,92111.86000000,274.66206000
2026-01-12T06:00:00+00:00,92111.87000000,92207.01000000,91805.43000000,91836.34000000,279.64865000
2026-01-12T07:00:00+00:00,91836.35000000,91970.00000000,91381.36000000,91408.09000000,500.65720000
2026-01-12T08:00:00+00:00,91408.09000000,91630.13000000,90388.89000000,90752.27000000,1298.94335000
2026-01-12T09:00:00+00:00,90752.28000000,90942.85000000,90648.15000000,90685.64000000,605.22242000
2026-01-12T10:00:00+00:00,90685.65000000,90793.18000000,90370.00000000,90433.46000000,399.68146000
2026-01-12T11:00:00+00:00,90433.45000000,90824.86000000,90425.36000000,90620.96000000,457.29481000
2026-01-12T12:00:00+00:00,90620.95000000,90863.74000000,90615.66000000,90789.37000000,244.81991000
2026-01-12T13:00:00+00:00,90789.37000000,90829.73000000,90538.00000000,90636.01000000,327.61952000
2026-01-12T14:00:00+00:00,90636.00000000,91131.39000000,90128.44000000,90908.95000000,1300.15719000
2026-01-12T15:00:00+00:00,90908.95000000,91665.00000000,90705.91000000,91665.00000000,1031.47333000
2026-01-12T16:00:00+00:00,91664.99000000,92332.00000000,91567.81000000,92123.52000000,1578.09092000
2026-01-12T17:00:00+00:00,92123.51000000,92306.62000000,91000.53000000,91522.83000000,1208.45838000
2026-01-12T18:00:00+00:00,91522.83000000,91943.26000000,91411.79000000,91691.80000000,505.47425000
2026-01-12T19:00:00+00:00,91691.80000000,91880.00000000,91434.80000000,91861.27000000,337.94969000
2026-01-12T20:00:00+00:00,91861.27000000,92046.23000000,91417.99000000,91484.86000000,374.00813000
2026-01-12T21:00:00+00:00,91484.87000000,91502.37000000,90938.20000000,91055.17000000,398.88227000
2026-01-12T22:00:00+00:00,91055.17000000,91441.34000000,91052.21000000,91244.99000000,313.86446000
2026-01-12T23:00:00+00:00,91244.99000000,91311.68000000,91059.88000000,91296.20000000,313.43996000
2026-01-13T00:00:00+00:00,91296.20000000,91546.08000000,91249.00000000,91482.74000000,334.56358000
2026-01-13T01:00:00+00:00,91482.74000000,91546.08000000,91042.66000000,91185.35000000,442.20574000
2026-01-13T02:00:00+00:00,91185.34000000,91382.82000000,91097.80000000,91118.30000000,271.94314000
2026-01-13T03:00:00+00:00,91118.30000000,91453.45000000,91118.29000000,91408.91000000,263.81213000
2026-01-13T04:00:00+00:00,91408.90000000,91650.81000000,91350.71000000,91515.16000000,272.26771000
2026-01-13T05:00:00+00:00,91515.17000000,92255.94000000,91472.36000000,91920.99000000,991.25943000
2026-01-13T06:00:00+00:00,91921.00000000,92275.38000000,91806.19000000,92184.36000000,600.50125000
2026-01-13T07:00:00+00:00,92184.37000000,92212.48000000,91905.33000000,91942.00000000,704.56170000
2026-01-13T08:00:00+00:00,91941.99000000,92250.66000000,91924.27000000,92165.90000000,528.98890000
2026-01-13T09:00:00+00:00,92165.89000000,92672.11000000,91950.00000000,92269.42000000,1215.58278000
2026-01-13T10:00:00+00:00,92269.42000000,92350.03000000,92021.15000000,92128.62000000,394.76711000
2026-01-13T11:00:00+00:00,92128.63000000,92261.04000000,91972.44000000,92000.74000000,405.87783000
2026-01-13T12:00:00+00:00,92000.73000000,92153.84000000,91910.25000000,92109.35000000,280.96679000
2026-01-13T13:00:00+00:00,92109.35000000,92606.42000000,91978.66000000,92076.12000000,1336.20170000
2026-01-13T14:00:00+00:00,92076.11000000,92915.12000000,91787.61000000,92462.03000000,1289.79234000
2026-01-13T15:00:00+00:00,92462.03000000,93450.00000000,92132.66000000,93449.99000000,1429.93474000
2026-01-13T16:00:00+00:00,93449.99000000,93760.00000000,93078.31000000,93389.63000000,1920.24440000
2026-01-13T17:00:00+00:00,93389.63000000,93498.72000000,93100.00000000,93241.99000000,796.01222000
2026-01-13T18:00:00+00:00,93241.99000000,93871.29000000,93198.09000000,93633.71000000,950.82758000
2026-01-13T19:00:00+00:00,93633.71000000,94231.82000000,93475.07000000,94226.84000000,1085.51387000
2026-01-13T20:00:00+00:00,94226.85000000,94500.00000000,94113.13000000,94408.70000000,1604.35758000
2026-01-13T21:00:00+00:00,94408.70000000,94507.99000000,94062.00000000,94087.23000000,1173.77039000
2026-01-13T22:00:00+00:00,94087.23000000,96495.00000000,94087.23000000,95757.21000000,3452.31954000
2026-01-13T23:00:00+00:00,95757.19000000,96107.97000000,95055.01000000,95414.00000000,1275.24237000
2026-01-14T00:00:00+00:00,95413.99000000,95647.91000000,95154.04000000,95236.84000000,662.80362000
2026-01-14T01:00:00+00:00,95236.84000000,95582.00000000,95116.03000000,95245.60000000,749.06956000
2026-01-14T02:00:00+00:00,95245.61000000,95562.00000000,95190.06000000,95347.46000000,588.58584000
2026-01-14T03:00:00+00:00,95347.47000000,95722.01000000,95285.50000000,95720.99000000,381.44090000
2026-01-14T04:00:00+00:00,95720.99000000,95799.22000000,95224.44000000,95245.16000000,460.39311000
2026-01-14T05:00:00+00:00,95245.17000000,95270.25000000,94972.00000000,95005.00000000,669.59606000
2026-01-14T06:00:00+00:00,95005.01000000,95028.88000000,94559.28000000,95028.87000000,859.31999000
2026-01-14T07:00:00+00:00,95028.88000000,95233.99000000,94850.00000000,95205.10000000,884.32504000
2026-01-14T08:00:00+00:00,95205.11000000,95315.15000000,94900.00000000,94900.01000000,380.43239000
2026-01-14T09:00:00+00:00,94900.01000000,95186.51000000,94870.01000000,95088.24000000,468.07232000
2026-01-14T10:00:00+00:00,95088.24000000,95291.98000000,94888.00000000,95091.75000000,526.44388000
2026-01-14T11:00:00+00:00,95091.49000000,95091.49000000,94737.95000000,94792.99000000,381.08629000
2026-01-14T12:00:00+00:00,94793.00000000,95154.78000000,94680.67000000,95077.56000000,424.37035000
2026-01-14T13:00:00+00:00,95077.56000000,95241.70000000,94890.68000000,94998.19000000,454.30020000
2026-01-14T14:00:00+00:00,94998.20000000,96827.00000000,94982.56000000,96493.15000000,2348.26402000
2026-01-14T15:00:00+00:00,96493.14000000,97084.68000000,96188.25000000,96764.57000000,2804.69067000
2026-01-14T16:00:00+00:00,96764.57000000,97693.66000000,96730.77000000,97293.24000000,2448.97546000
2026-01-14T17:00:00+00:00,97293.23000000,97777.00000000,96800.00000000,96956.07000000,2017.29615000
2026-01-14T18:00:00+00:00,96956.07000000,97110.00000000,96246.56000000,96806.55000000,1150.91366000
2026-01-14T19:00:00+00:00,96806.54000000,97640.68000000,96688.36000000,97267.42000000,1063.44638000
2026-01-14T20:00:00+00:00,97267.42000000,97924.49000000,97209.25000000,97655.28000000,1157.33493000
2026-01-14T21:00:00+00:00,97655.27000000,97717.72000000,97390.00000000,97564.00000000,494.72849000
2026-01-14T22:00:00+00:00,97563.99000000,97587.34000000,96772.02000000,96878.34000000,1038.79474000
2026-01-14T23:00:00+00:00,96878.34000000,97371.33000000,96865.34000000,96951.78000000,437.21023000
2026-01-15T00:00:00+00:00,96951.78000000,97000.00000000,96500.00000000,96658.03000000,798.45682000
2026-01-15T01:00:00+00:00,96658.03000000,96959.09000000,96297.32000000,96445.31000000,701.30226000
2026-01-15T02:00:00+00:00,96445.32000000,96617.06000000,96095.80000000,96339.91000000,530.33501000
2026-01-15T03:00:00+00:00,96339.92000000,96393.58000000,95777.00000000,95985.10000000,791.58790000
2026-01-15T04:00:00+00:00,95985.11000000,96387.42000000,95952.89000000,96316.27000000,483.75975000
2026-01-15T05:00:00+00:00,96316.27000000,96510.57000000,96247.64000000,96429.71000000,419.70339000
2026-01-15T06:00:00+00:00,96429.71000000,96588.45000000,96172.41000000,96243.78000000,473.63021000
2026-01-15T07:00:00+00:00,96243.79000000,96760.15000000,96191.79000000,96630.48000000,679.19921000
2026-01-15T08:00:00+00:00,96630.47000000,96662.00000000,96289.98000000,96643.00000000,760.49437000
2026-01-15T09:00:00+00:00,96643.01000000,97193.34000000,96559.19000000,97040.75000000,1029.77719000
2026-01-15T10:00:00+00:00,97040.75000000,97070.39000000,96750.00000000,96818.68000000,414.89635000
2026-01-15T11:00:00+00:00,96818.68000000,96935.39000000,96580.03000000,96581.08000000,588.17595000
2026-01-15T12:00:00+00:00,96581.07000000,96994.65000000,96525.24000000,96981.65000000,332.67430000
2026-01-15T13:00:00+00:00,96981.66000000,97032.99000000,96620.12000000,96846.75000000,496.85903000
2026-01-15T14:00:00+00:00,96846.74000000,97165.03000000,95592.69000000,96063.43000000,1629.09421000
2026-01-15T15:00:00+00:00,96063.43000000,96791.67000000,95435.91000000,96737.04000000,2359.55410000
2026-01-15T16:00:00+00:00,96737.04000000,96969.99000000,96272.72000000,96738.51000000,1973.14331000
2026-01-15T17:00:00+00:00,96738.50000000,97163.00000000,96426.18000000,96636.35000000,2398.07402000
2026-01-15T18:00:00+00:00,96636.35000000,96650.51000000,95745.25000000,95835.00000000,2117.40598000
2026-01-15T19:00:00+00:00,95835.01000000,95920.31000000,95183.13000000,95516.01000000,1380.26708000
2026-01-15T20:00:00+00:00,95516.01000000,95660.00000000,95134.48000000,95260.67000000,524.36978000
2026-01-15T21:00:00+00:00,95260.68000000,95631.08000000,95196.00000000,95584.35000000,297.62442000
2026-01-15T22:00:00+00:00,95584.36000000,95871.00000000,95488.91000000,95583.87000000,269.05055000
2026-01-15T23:00:00+00:00,95583.87000000,95718.31000000,95378.58000000,95604.80000000,276.37850000
2026-01-16T00:00:00+00:00,95604.81000000,95828.01000000,95570.96000000,95633.50000000,207.12295000
2026-01-16T01:00:00+00:00,95633.50000000,95855.12000000,95420.75000000,95664.18000000,401.56495000
2026-01-16T02:00:00+00:00,95664.17000000,95687.47000000,95393.90000000,95504.40000000,384.29986000
2026-01-16T03:00:00+00:00,95504.40000000,95586.60000000,95321.58000000,95354.69000000,214.15334000
2026-01-16T04:00:00+00:00,95354.69000000,95582.41000000,95133.03000000,95261.29000000,700.90747000
2026-01-16T05:00:00+00:00,95261.30000000,95676.73000000,95242.18000000,95660.37000000,746.76630000
2026-01-16T06:00:00+00:00,95660.38000000,95816.83000000,95534.00000000,95741.21000000,443.54681000
2026-01-16T07:00:00+00:00,95741.22000000,95788.34000000,95489.60000000,95653.16000000,403.70542000
2026-01-16T08:00:00+00:00,95653.16000000,95871.47000000,95570.68000000,95676.00000000,594.74259000
2026-01-16T09:00:00+00:00,95676.01000000,95788.17000000,95601.50000000,95613.53000000,177.27273000
2026-01-16T10:00:00+00:00,95613.53000000,95637.00000000,95280.51000000,95307.35000000,538.64006000
2026-01-16T11:00:00+00:00,95307.35000000,95470.00000000,95261.43000000,95429.09000000,303.73259000
2026-01-16T12:00:00+00:00,95429.09000000,95569.00000000,95353.50000000,95458.55000000,289.70117000
2026-01-16T13:00:00+00:00,95458.55000000,95579.00000000,95288.05000000,95448.87000000,277.92918000
2026-01-16T14:00:00+00:00,95448.86000000,95809.08000000,95192.35000000,95192.36000000,624.83754000
2026-01-16T15:00:00+00:00,95192.36000000,95663.15000000,94293.46000000,94585.98000000,1821.66491000
2026-01-16T16:00:00+00:00,94585.99000000,94990.73000000,94508.00000000,94872.55000000,811.28371000
2026-01-16T17:00:00+00:00,94872.55000000,95130.49000000,94555.88000000,95076.08000000,513.23212000
2026-01-16T18:00:00+00:00,95076.09000000,95215.74000000,94960.04000000,95001.19000000,353.51337000
2026-01-16T19:00:00+00:00,95001.19000000,95055.31000000,94841.31000000,95002.09000000,176.56522000
2026-01-16T20:00:00+00:00,95002.09000000,95561.50000000,94682.00000000,95553.60000000,414.87593000
2026-01-16T21:00:00+00:00,95553.61000000,95600.00000000,95359.69000000,95523.52000000,341.14068000
2026-01-16T22:00:00+00:00,95523.52000000,95574.00000000,95260.64000000,95514.00000000,283.10566000
2026-01-16T23:00:00+00:00,95513.99000000,95577.89000000,95433.83000000,95550.94000000,143.41004000
2026-01-17T00:00:00+00:00,95550.94000000,95578.20000000,95433.94000000,95465.97000000,129.13356000
2026-01-17T01:00:00+00:00,95465.97000000,95530.00000000,95384.86000000,95399.93000000,104.26658000
2026-01-17T02:00:00+00:00,95399.94000000,95412.86000000,95200.00000000,95371.35000000,155.12882000
2026-01-17T03:00:00+00:00,95371.36000000,95384.87000000,95270.79000000,95372.95000000,132.45240000
2026-01-17T04:00:00+00:00,95372.94000000,95372.95000000,95260.64000000,95303.64000000,131.52683000
2026-01-17T05:00:00+00:00,95303.63000000,95373.64000000,95275.05000000,95323.67000000,103.95781000
2026-01-17T06:00:00+00:00,95323.68000000,95347.89000000,95186.29000000,95240.07000000,125.70578000
2026-01-17T07:00:00+00:00,95240.08000000,95240.08000000,95041.70000000,95101.67000000,197.34545000
2026-01-17T08:00:00+00:00,95101.67000000,95260.65000000,95021.67000000,95247.51000000,164.49559000
2026-01-17T09:00:00+00:00,95247.51000000,95290.08000000,95176.90000000,95260.65000000,104.24877000
2026-01-17T10:00:00+00:00,95260.65000000,95271.21000000,95116.47000000,95116.48000000,127.24070000
2026-01-17T11:00:00+00:00,95116.48000000,95323.86000000,95073.57000000,95323.86000000,218.85009000
2026-01-17T12:00:00+00:00,95323.85000000,95412.84000000,95243.63000000,95251.15000000,215.62364000
2026-01-17T13:00:00+00:00,95251.15000000,95438.33000000,95198.81000000,95438.32000000,227.83624000
2026-01-17T14:00:00+00:00,95438.32000000,95544.07000000,95357.02000000,95471.18000000,259.56584000
2026-01-17T15:00:00+00:00,95471.17000000,95639.45000000,95433.81000000,95573.64000000,747.96943000
2026-01-17T16:00:00+00:00,95573.65000000,95576.14000000,95212.25000000,95315.23000000,330.67135000
2026-01-17T17:00:00+00:00,95315.23000000,95440.80000000,95295.17000000,95357.24000000,141.20490000
2026-01-17T18:00:00+00:00,95357.23000000,95465.98000000,95346.00000000,95428.25000000,100.50730000
2026-01-17T19:00:00+00:00,95428.25000000,95428.25000000,95290.70000000,95291.38000000,64.10708000
2026-01-17T20:00:00+00:00,95291.37000000,95383.84000000,95291.36000000,95378.18000000,65.25873000
2026-01-17T21:00:00+00:00,95378.19000000,95412.86000000,95283.99000000,95302.94000000,114.01955000
2026-01-17T22:00:00+00:00,95302.94000000,95302.94000000,95050.00000000,95170.97000000,209.18455000
2026-01-17T23:00:00+00:00,95170.98000000,95208.96000000,95123.79000000,95147.77000000,110.50038000
2026-01-18T00:00:00+00:00,95147.77000000,95250.00000000,95067.83000000,95112.47000000,179.02691000
2026-01-18T01:00:00+00:00,95112.48000000,95112.48000000,94876.33000000,94966.90000000,243.72080000
2026-01-18T02:00:00+00:00,94966.89000000,95069.07000000,94880.53000000,95022.01000000,148.46070000
2026-01-18T03:00:00+00:00,95022.01000000,95205.74000000,95022.01000000,95200.29000000,149.82604000
2026-01-18T04:00:00+00:00,95200.29000000,95200.30000000,95075.30000000,95095.68000000,90.87843000
2026-01-18T05:00:00+00:00,95095.68000000,95260.00000000,95059.27000000,95188.55000000,176.45319000
2026-01-18T06:00:00+00:00,95188.54000000,95199.62000000,95144.30000000,95171.43000000,144.72253000
2026-01-18T07:00:00+00:00,95171.44000000,95183.30000000,95028.27000000,95028.27000000,293.23856000
2026-01-18T08:00:00+00:00,95028.27000000,95195.00000000,95021.44000000,95183.93000000,124.96260000
2026-01-18T09:00:00+00:00,95183.93000000,95295.35000000,95149.18000000,95275.73000000,312.28376000
2026-01-18T10:00:00+00:00,95275.73000000,95295.39000000,95088.00000000,95180.66000000,344.24187000
2026-01-18T11:00:00+00:00,95180.67000000,95180.67000000,95061.65000000,95168.06000000,178.51779000
2026-01-18T12:00:00+00:00,95168.06000000,95178.09000000,95081.32000000,95113.25000000,122.90856000
2026-01-18T13:00:00+00:00,95113.24000000,95205.40000000,94910.00000000,95146.82000000,328.31194000
2026-01-18T14:00:00+00:00,95146.82000000,95376.24000000,94928.51000000,94955.79000000,530.35330000
2026-01-18T15:00:00+00:00,94955.78000000,95125.47000000,94915.21000000,95119.28000000,195.60522000
2026-01-18T16:00:00+00:00,95119.27000000,95186.30000000,95073.02000000,95169.35000000,105.98121000
2026-01-18T17:00:00+00:00,95169.35000000,95280.24000000,95140.61000000,95274.36000000,147.92595000
2026-01-18T18:00:00+00:00,95274.35000000,95521.71000000,95180.90000000,95439.60000000,407.32335000
2026-01-18T19:00:00+00:00,95439.60000000,95514.00000000,95333.99000000,95380.99000000,260.23192000
2026-01-18T20:00:00+00:00,95380.99000000,95441.22000000,95285.20000000,95304.01000000,77.90234000
2026-01-18T21:00:00+00:00,95304.01000000,95430.45000000,95284.23000000,95430.44000000,81.51777000
2026-01-18T22:00:00+00:00,95430.45000000,95531.12000000,95412.86000000,95498.61000000,319.96465000
2026-01-18T23:00:00+00:00,95498.60000000,95498.60000000,93615.40000000,93673.14000000,1930.81880000
2026-01-19T00:00:00+00:00,93673.14000000,93673.14000000,91910.20000000,92711.02000000,4221.82713000
2026-01-19T01:00:00+00:00,92711.02000000,92875.68000000,92247.97000000,92586.65000000,910.87085000
2026-01-19T02:00:00+00:00,92586.65000000,92672.00000000,92383.94000000,92566.80000000,452.44264000
2026-01-19T03:00:00+00:00,92566.80000000,92776.83000000,92500.00000000,92690.09000000,556.40187000
2026-01-19T04:00:00+00:00,92690.08000000,92748.32000000,92502.58000000,92665.00000000,506.12587000
2026-01-19T05:00:00+00:00,92665.00000000,92811.11000000,92504.24000000,92511.77000000,357.86057000
2026-01-19T06:00:00+00:00,92511.77000000,92629.26000000,92385.07000000,92583.27000000,427.02868000
2026-01-19T07:00:00+00:00,92583.27000000,92861.41000000,92562.00000000,92841.62000000,421.22196000
2026-01-19T08:00:00+00:00,92841.62000000,93368.44000000,92702.56000000,93259.09000000,865.57873000
2026-01-19T09:00:00+00:00,93259.09000000,93268.12000000,92950.00000000,93060.06000000,474.82948000
2026-01-19T10:00:00+00:00,93060.06000000,93081.30000000,92900.00000000,93064.88000000,263.24721000
2026-01-19T11:00:00+00:00,93064.88000000,93317.29000000,92969.94000000,93191.96000000,305.33086000
2026-01-19T12:00:00+00:00,93191.96000000,93226.44000000,92979.48000000,93070.60000000,586.84126000
2026-01-19T13:00:00+00:00,93070.60000000,93151.37000000,92807.34000000,93031.86000000,326.88604000
2026-01-19T14:00:00+00:00,93031.85000000,93039.60000000,92700.00000000,92812.43000000,417.89495000
2026-01-19T15:00:00+00:00,92812.43000000,93081.00000000,92812.43000000,93068.62000000,467.20202000
2026-01-19T16:00:00+00:00,93068.62000000,93420.00000000,92994.00000000,93301.86000000,380.00206000
2026-01-19T17:00:00+00:00,93301.85000000,93389.45000000,93150.00000000,93242.99000000,357.60248000
2026-01-19T18:00:00+00:00,93242.99000000,93259.39000000,92930.00000000,93065.84000000,235.78814000
2026-01-19T19:00:00+00:00,93065.83000000,93154.32000000,93000.00000000,93105.85000000,179.79114000
2026-01-19T20:00:00+00:00,93105.85000000,93274.82000000,93084.15000000,93141.94000000,178.48795000
2026-01-19T21:00:00+00:00,93141.95000000,93342.36000000,93000.03000000,93003.42000000,240.63302000
2026-01-19T22:00:00+00:00,93003.41000000,93060.00000000,92565.78000000,92565.78000000,374.00927000
2026-01-19T23:00:00+00:00,92565.78000000,92750.00000000,92158.48000000,92631.00000000,787.62329000
2026-01-20T00:00:00+00:00,92630.99000000,92870.00000000,92370.25000000,92717.90000000,325.00059000
2026-01-20T01:00:00+00:00,92717.90000000,92867.28000000,92525.80000000,92716.48000000,251.70499000
2026-01-20T02:00:00+00:00,92716.47000000,92729.94000000,92370.68000000,92552.16000000,354.36518000
2026-01-20T03:00:00+00:00,92552.15000000,92650.00000000,92264.70000000,92434.92000000,329.07012000
2026-01-20T04:00:00+00:00,92434.93000000,92470.37000000,92000.01000000,92062.61000000,363.95619000
2026-01-20T05:00:00+00:00,92062.62000000,92084.80000000,91294.11000000,91624.18000000,1546.22756000
2026-01-20T06:00:00+00:00,91624.19000000,91625.31000000,90771.78000000,90929.98000000,1830.88581000
2026-01-20T07:00:00+00:00,90929.98000000,91319.05000000,90862.83000000,91177.98000000,907.06352000
2026-01-20T08:00:00+00:00,91177.99000000,91255.70000000,90693.00000000,91116.00000000,1083.79650000
2026-01-20T09:00:00+00:00,91116.00000000,91116.00000000,90899.00000000,91036.25000000,381.95269000
2026-01-20T10:00:00+00:00,91036.25000000,91294.11000000,90998.08000000,91269.58000000,415.15786000
2026-01-20T11:00:00+00:00,91269.57000000,91442.88000000,91214.36000000,91218.99000000,373.22315000
2026-01-20T12:00:00+00:00,91218.99000000,91318.94000000,91027.74000000,91280.31000000,528.83740000
2026-01-20T13:00:00+00:00,91280.31000000,91289.64000000,90777.00000000,90958.88000000,722.76892000
2026-01-20T14:00:00+00:00,90958.89000000,91371.11000000,90272.53000000,90531.15000000,1809.16854000
2026-01-20T15:00:00+00:00,90531.15000000,90808.04000000,89859.06000000,90684.95000000,1977.53179000
2026-01-20T16:00:00+00:00,90684.95000000,90974.49000000,90023.99000000,90165.51000000,895.41274000
2026-01-20T17:00:00+00:00,90165.50000000,90505.68000000,89431.10000000,89775.46000000,1552.70440000
2026-01-20T18:00:00+00:00,89775.47000000,89958.00000000,89395.07000000,89501.00000000,885.28879000
2026-01-20T19:00:00+00:00,89501.00000000,89795.45000000,89292.48000000,89725.76000000,781.35230000
2026-01-20T20:00:00+00:00,89725.77000000,89854.20000000,89400.00000000,89733.99000000,735.02193000
2026-01-20T21:00:00+00:00,89734.00000000,89829.11000000,89428.00000000,89476.01000000,445.56945000
2026-01-20T22:00:00+00:00,89476.01000000,89645.56000000,87900.00000000,88509.18000000,2094.09769000
2026-01-20T23:00:00+00:00,88509.18000000,88534.21000000,87895.98000000,88427.66000000,1417.16799000
2026-01-21T00:00:00+00:00,88427.66000000,88982.00000000,88250.00000000,88936.01000000,1052.93124000
2026-01-21T01:00:00+00:00,88936.01000000,89165.20000000,88850.00000000,89020.91000000,502.12138000
2026-01-21T02:00:00+00:00,89020.91000000,89381.86000000,89000.00000000,89048.57000000,884.94036000
2026-01-21T03:00:00+00:00,89048.56000000,89598.80000000,89046.00000000,89432.33000000,540.55763000
2026-01-21T04:00:00+00:00,89432.33000000,89630.00000000,89354.72000000,89448.89000000,300.28776000
2026-01-21T05:00:00+00:00,89448.89000000,90120.44000000,89437.25000000,89950.04000000,554.58380000
2026-01-21T06:00:00+00:00,89950.03000000,89950.04000000,89491.96000000,89649.62000000,369.00614000
2026-01-21T07:00:00+00:00,89649.63000000,89767.29000000,89093.28000000,89213.95000000,825.75082000
2026-01-21T08:00:00+00:00,89213.96000000,89385.40000000,89000.00000000,89197.35000000,723.12982000
2026-01-21T09:00:00+00:00,89197.36000000,89493.46000000,89080.00000000,89112.30000000,307.89975000
2026-01-21T10:00:00+00:00,89112.30000000,89395.08000000,89080.00000000,89248.99000000,328.36365000
2026-01-21T11:00:00+00:00,89248.99000000,89382.00000000,88700.00000000,88789.99000000,651.53578000
2026-01-21T12:00:00+00:00,88789.99000000,88849.39000000,88196.72000000,88736.31000000,1271.35096000
2026-01-21T13:00:00+00:00,88736.31000000,89020.32000000,88558.67000000,88672.64000000,735.83253000
2026-01-21T14:00:00+00:00,88672.64000000,89993.88000000,88611.15000000,89805.43000000,1602.75733000
2026-01-21T15:00:00+00:00,89805.43000000,90574.00000000,89759.59000000,90288.04000000,1074.26054000
2026-01-21T16:00:00+00:00,90288.04000000,90360.00000000,87590.00000000,87602.40000000,2075.92566000
2026-01-21T17:00:00+00:00,87602.39000000,88156.47000000,87263.53000000,87932.38000000,1818.07575000
2026-01-21T18:00:00+00:00,87932.37000000,88657.23000000,87585.05000000,88485.43000000,743.38561000
2026-01-21T19:00:00+00:00,88485.43000000,90450.00000000,88280.55000000,90355.56000000,1787.81485000
2026-01-21T20:00:00+00:00,90355.56000000,90377.00000000,89392.00000000,90214.01000000,1099.33527000
2026-01-21T21:00:00+00:00,90214.02000000,90339.58000000,89950.36000000,90249.18000000,428.70398000
2026-01-21T22:00:00+00:00,90249.18000000,90377.00000000,89752.38000000,89763.51000000,414.26891000
2026-01-21T23:00:00+00:00,89763.51000000,90212.89000000,89344.98000000,89454.73000000,524.68420000
2026-01-22T00:00:00+00:00,89454.73000000,90032.50000000,89454.72000000,89908.49000000,394.22125000
2026-01-22T01:00:00+00:00,89908.50000000,90198.51000000,89826.38000000,90113.19000000,341.32729000
2026-01-22T02:00:00+00:00,90113.20000000,90359.99000000,89851.03000000,89938.30000000,436.55946000
2026-01-22T03:00:00+00:00,89938.30000000,90166.67000000,89702.84000000,89899.51000000,389.70123000
2026-01-22T04:00:00+00:00,89899.51000000,90076.77000000,89826.67000000,89998.91000000,327.01022000
2026-01-22T05:00:00+00:00,89998.91000000,90075.80000000,89928.09000000,90026.30000000,201.60447000
2026-01-22T06:00:00+00:00,90026.30000000,90215.79000000,89900.00000000,90172.11000000,274.11012000
2026-01-22T07:00:00+00:00,90172.12000000,90196.99000000,89802.00000000,89818.79000000,410.94787000
2026-01-22T08:00:00+00:00,89818.79000000,89968.28000000,89760.00000000,89920.16000000,241.50947000
2026-01-22T09:00:00+00:00,89920.16000000,90113.43000000,89883.80000000,90033.02000000,235.39671000
2026-01-22T10:00:00+00:00,90033.02000000,90101.83000000,89960.00000000,90078.77000000,307.75831000
2026-01-22T11:00:00+00:00,90078.76000000,90150.00000000,89897.87000000,89941.26000000,341.24190000
2026-01-22T12:00:00+00:00,89941.26000000,90099.99000000,89873.09000000,90021.09000000,250.41912000
2026-01-22T13:00:00+00:00,90021.09000000,90340.00000000,89478.92000000,89619.81000000,800.98427000
2026-01-22T14:00:00+00:00,89619.81000000,89742.67000000,89039.78000000,89088.59000000,1132.03645000
2026-01-22T15:00:00+00:00,89088.60000000,89445.24000000,88515.37000000,89000.01000000,1328.81681000
2026-01-22T16:00:00+00:00,89000.00000000,89270.00000000,88676.95000000,89054.06000000,820.87315000
2026-01-22T17:00:00+00:00,89054.07000000,89616.04000000,89024.55000000,89550.01000000,536.51415000
2026-01-22T18:00:00+00:00,89550.00000000,89797.50000000,89301.90000000,89333.94000000,457.15553000
2026-01-22T19:00:00+00:00,89333.93000000,89924.46000000,89114.48000000,89777.90000000,489.86443000
2026-01-22T20:00:00+00:00,89777.89000000,89946.13000000,89398.87000000,89409.72000000,338.82702000
2026-01-22T21:00:00+00:00,89409.73000000,89669.21000000,89238.32000000,89268.66000000,272.77807000
2026-01-22T22:00:00+00:00,89268.66000000,89566.00000000,89140.13000000,89346.99000000,294.98276000
2026-01-22T23:00:00+00:00,89346.99000000,89583.62000000,89170.74000000,89559.67000000,200.86486000
2026-01-23T00:00:00+00:00,89559.68000000,89638.84000000,89450.48000000,89520.01000000,225.79843000
2026-01-23T01:00:00+00:00,89520.01000000,89939.39000000,89520.01000000,89939.38000000,281.57226000
2026-01-23T02:00:00+00:00,89939.39000000,89979.97000000,89655.41000000,89663.48000000,375.68609000
2026-01-23T03:00:00+00:00,89663.47000000,89924.78000000,89646.18000000,89924.78000000,261.08428000
2026-01-23T04:00:00+00:00,89924.78000000,90088.94000000,89871.73000000,89965.42000000,430.92263000
2026-01-23T05:00:00+00:00,89965.43000000,89969.02000000,89473.99000000,89616.03000000,360.88730000
2026-01-23T06:00:00+00:00,89616.04000000,89799.36000000,89400.00000000,89509.59000000,450.16637000
2026-01-23T07:00:00+00:00,89509.59000000,89686.40000000,89447.52000000,89549.45000000,487.74127000
2026-01-23T08:00:00+00:00,89549.45000000,89632.18000000,89133.35000000,89221.46000000,544.19233000
2026-01-23T09:00:00+00:00,89221.46000000,89388.71000000,88897.81000000,88977.72000000,632.36708000
2026-01-23T10:00:00+00:00,88977.72000000,89160.74000000,88860.44000000,89046.49000000,334.46792000
2026-01-23T11:00:00+00:00,89046.49000000,89355.51000000,89000.00000000,89202.48000000,481.66038000
2026-01-23T12:00:00+00:00,89202.47000000,89383.09000000,89099.20000000,89267.83000000,219.71914000
2026-01-23T13:00:00+00:00,89267.83000000,89450.18000000,89237.65000000,89350.81000000,297.76310000
2026-01-23T14:00:00+00:00,89350.80000000,89733.71000000,88663.65000000,89017.85000000,1240.76676000
2026-01-23T15:00:00+00:00,89017.85000000,89865.53000000,88578.36000000,89761.61000000,1078.68425000
2026-01-23T16:00:00+00:00,89761.61000000,90490.06000000,89489.00000000,90124.85000000,1266.72506000
2026-01-23T17:00:00+00:00,90124.86000000,91224.99000000,89978.40000000,90600.00000000,1346.59832000
2026-01-23T18:00:00+00:00,90600.00000000,91039.75000000,90449.42000000,90530.45000000,698.45416000
2026-01-23T19:00:00+00:00,90530.44000000,90534.59000000,89612.01000000,89982.79000000,1118.99851000
2026-01-23T20:00:00+00:00,89982.79000000,90156.06000000,89200.68000000,89503.68000000,917.72716000
2026-01-23T21:00:00+00:00,89503.67000000,89691.18000000,89317.00000000,89349.99000000,308.43710000
2026-01-23T22:00:00+00:00,89349.99000000,89752.45000000,89335.35000000,89624.61000000,406.19522000
2026-01-23T23:00:00+00:00,89624.60000000,89631.00000000,89472.13000000,89600.26000000,151.87407000
2026-01-24T00:00:00+00:00,89600.26000000,89625.41000000,89424.39000000,89452.83000000,130.78736000
2026-01-24T01:00:00+00:00,89452.83000000,89588.72000000,89450.58000000,89550.24000000,118.84415000
2026-01-24T02:00:00+00:00,89550.24000000,89722.57000000,89550.24000000,89702.85000000,142.98732000
2026-01-24T03:00:00+00:00,89702.85000000,89957.39000000,89670.88000000,89770.02000000,368.35777000
2026-01-24T04:00:00+00:00,89770.03000000,89853.38000000,89709.08000000,89829.35000000,167.98668000
2026-01-24T05:00:00+00:00,89829.36000000,89849.78000000,89751.21000000,89775.20000000,112.02746000
2026-01-24T06:00:00+00:00,89775.20000000,89784.88000000,89602.22000000,89649.32000000,420.23986000
2026-01-24T07:00:00+00:00,89649.33000000,89692.31000000,89572.81000000,89620.10000000,254.69309000
2026-01-24T08:00:00+00:00,89620.11000000,89686.43000000,89583.02000000,89660.88000000,190.29089000
2026-01-24T09:00:00+00:00,89660.88000000,89660.88000000,89600.00000000,89600.00000000,126.61337000
2026-01-24T10:00:00+00:00,89600.01000000,89654.79000000,89577.97000000,89626.80000000,82.58886000
2026-01-24T11:00:00+00:00,89626.79000000,89676.26000000,89595.40000000,89595.40000000,114.10267000
2026-01-24T12:00:00+00:00,89595.41000000,89595.41000000,89486.87000000,89537.82000000,179.07545000
2026-01-24T13:00:00+00:00,89537.82000000,89540.44000000,89368.21000000,89368.22000000,156.70890000
2026-01-24T14:00:00+00:00,89368.22000000,89512.05000000,89171.75000000,89450.03000000,346.65964000
2026-01-24T15:00:00+00:00,89450.03000000,89492.14000000,89263.64000000,89275.77000000,334.47117000
2026-01-24T16:00:00+00:00,89275.77000000,89369.79000000,89162.08000000,89290.01000000,235.06029000
2026-01-24T17:00:00+00:00,89290.01000000,89414.38000000,89252.93000000,89406.50000000,135.14408000
2026-01-24T18:00:00+00:00,89406.50000000,89461.40000000,89382.05000000,89395.23000000,84.40453000
2026-01-24T19:00:00+00:00,89395.22000000,89395.23000000,89276.58000000,89331.36000000,105.47816000
2026-01-24T20:00:00+00:00,89331.36000000,89399.99000000,89331.35000000,89380.01000000,46.43346000
2026-01-24T21:00:00+00:00,89380.00000000,89386.61000000,89270.00000000,89386.61000000,99.49846000
2026-01-24T22:00:00+00:00,89386.61000000,89489.84000000,89304.85000000,89430.00000000,137.03504000
2026-01-24T23:00:00+00:00,89429.99000000,89474.65000000,89215.59000000,89225.34000000,137.07871000
2026-01-25T00:00:00+00:00,89225.34000000,89315.18000000,89183.49000000,89315.18000000,121.64277000
2026-01-25T01:00:00+00:00,89315.18000000,89319.13000000,89102.58000000,89176.31000000,180.68432000
2026-01-25T02:00:00+00:00,89176.31000000,89268.36000000,89129.62000000,89139.04000000,174.65440000
2026-01-25T03:00:00+00:00,89139.04000000,89176.72000000,88838.72000000,88960.35000000,472.84604000
2026-01-25T04:00:00+00:00,88960.36000000,89090.13000000,88941.03000000,89006.96000000,349.85772000
2026-01-25T05:00:00+00:00,89006.97000000,89045.44000000,88870.45000000,88990.90000000,204.95163000
2026-01-25T06:00:00+00:00,88990.89000000,88990.90000000,88649.98000000,88831.36000000,567.42395000
2026-01-25T07:00:00+00:00,88831.36000000,88831.36000000,88635.84000000,88659.99000000,242.80483000
2026-01-25T08:00:00+00:00,88659.99000000,88760.00000000,88136.00000000,88300.01000000,461.92857000
2026-01-25T09:00:00+00:00,88300.00000000,88488.00000000,88238.50000000,88398.38000000,288.59867000
2026-01-25T10:00:00+00:00,88398.38000000,88671.27000000,88398.37000000,88659.51000000,354.58647000
2026-01-25T11:00:00+00:00,88659.52000000,88710.00000000,88536.11000000,88570.17000000,171.64836000
2026-01-25T12:00:00+00:00,88570.17000000,88800.00000000,88450.00000000,88791.99000000,329.09813000
2026-01-25T13:00:00+00:00,88791.98000000,88971.89000000,88650.98000000,88921.00000000,278.06000000
2026-01-25T14:00:00+00:00,88920.99000000,88938.94000000,88624.55000000,88710.10000000,293.57615000
2026-01-25T15:00:00+00:00,88710.10000000,88760.35000000,88340.75000000,88446.50000000,370.52290000
2026-01-25T16:00:00+00:00,88446.51000000,88448.85000000,87560.00000000,88077.26000000,1878.84709000
2026-01-25T17:00:00+00:00,88077.25000000,88108.24000000,87767.18000000,87892.17000000,467.38462000
2026-01-25T18:00:00+00:00,87892.16000000,87983.29000000,86827.10000000,87420.01000000,1893.52035000
2026-01-25T19:00:00+00:00,87420.01000000,87508.15000000,86194.85000000,86495.16000000,1925.07483000
2026-01-25T20:00:00+00:00,86495.17000000,86718.75000000,86222.02000000,86654.61000000,753.55910000
2026-01-25T21:00:00+00:00,86654.60000000,87013.79000000,86400.00000000,86568.50000000,666.32154000
2026-01-25T22:00:00+00:00,86568.51000000,86694.78000000,86217.32000000,86521.39000000,849.36578000
2026-01-25T23:00:00+00:00,86521.39000000,86791.91000000,86074.72000000,86670.36000000,1129.26197000
2026-01-26T00:00:00+00:00,86670.36000000,87167.84000000,86509.63000000,86854.86000000,788.16762000
2026-01-26T01:00:00+00:00,86854.86000000,87809.99000000,86815.37000000,87698.73000000,1118.10870000
2026-01-26T02:00:00+00:00,87698.74000000,87973.11000000,87435.18000000,87563.38000000,1015.63506000
2026-01-26T03:00:00+00:00,87563.39000000,87691.41000000,87062.76000000,87282.05000000,1083.65608000
2026-01-26T04:00:00+00:00,87282.04000000,87953.00000000,87244.27000000,87737.06000000,1109.49828000
2026-01-26T05:00:00+00:00,87737.06000000,87956.27000000,87673.12000000,87826.01000000,765.12364000
2026-01-26T06:00:00+00:00,87826.01000000,88031.73000000,87764.00000000,87937.44000000,915.62979000
2026-01-26T07:00:00+00:00,87937.45000000,88074.48000000,87701.72000000,88000.64000000,768.40988000
2026-01-26T08:00:00+00:00,88000.64000000,88424.45000000,87846.89000000,87975.39000000,790.54723000
2026-01-26T09:00:00+00:00,87975.39000000,88000.00000000,87600.69000000,87663.12000000,543.28474000
2026-01-26T10:00:00+00:00,87663.12000000,87950.00000000,87660.00000000,87897.55000000,242.48130000
2026-01-26T11:00:00+00:00,87897.55000000,87980.00000000,87765.99000000,87855.00000000,244.05793000
2026-01-26T12:00:00+00:00,87855.01000000,87971.99000000,87735.38000000,87799.45000000,288.85651000
2026-01-26T13:00:00+00:00,87799.44000000,88048.00000000,87681.40000000,87960.01000000,556.52991000
2026-01-26T14:00:00+00:00,87960.01000000,88508.41000000,87450.08000000,88178.10000000,1822.59356000
2026-01-26T15:00:00+00:00,88178.09000000,88860.00000000,87325.03000000,87641.41000000,1769.32177000
2026-01-26T16:00:00+00:00,87641.41000000,87964.60000000,87206.00000000,87606.99000000,686.77865000
2026-01-26T17:00:00+00:00,87607.00000000,87789.47000000,87035.51000000,87700.62000000,580.63374000
2026-01-26T18:00:00+00:00,87700.61000000,88403.73000000,87639.26000000,88403.72000000,550.84106000
2026-01-26T19:00:00+00:00,88403.73000000,88537.95000000,87950.00000000,88013.19000000,515.97407000
2026-01-26T20:00:00+00:00,88013.19000000,88118.00000000,87542.05000000,87629.22000000,428.95260000
2026-01-26T21:00:00+00:00,87629.23000000,88238.29000000,87573.35000000,88064.69000000,392.85938000
2026-01-26T22:00:00+00:00,88064.69000000,88270.29000000,88001.75000000,88140.01000000,324.81747000
2026-01-26T23:00:00+00:00,88140.01000000,88659.09000000,88021.86000000,88347.08000000,463.75556000
2026-01-27T00:00:00+00:00,88347.08000000,88457.30000000,88200.00000000,88353.97000000,302.20293000
2026-01-27T01:00:00+00:00,88353.97000000,88700.00000000,88194.82000000,88550.61000000,340.87375000
2026-01-27T02:00:00+00:00,88550.61000000,88858.96000000,88550.61000000,88831.60000000,479.89810000
2026-01-27T03:00:00+00:00,88831.59000000,88898.00000000,88582.57000000,88788.00000000,526.26275000
2026-01-27T04:00:00+00:00,88787.99000000,89010.00000000,88511.88000000,88579.58000000,508.81601000
2026-01-27T05:00:00+00:00,88579.58000000,88586.26000000,88399.99000000,88456.30000000,306.33125000
2026-01-27T06:00:00+00:00,88456.31000000,88522.86000000,88278.03000000,88332.67000000,277.06987000
2026-01-27T07:00:00+00:00,88332.68000000,88555.14000000,88312.60000000,88320.41000000,356.10224000
2026-01-27T08:00:00+00:00,88320.41000000,88397.85000000,88120.04000000,88170.82000000,305.95946000
2026-01-27T09:00:00+00:00,88170.83000000,88170.83000000,87868.00000000,87886.82000000,501.60080000
2026-01-27T10:00:00+00:00,87886.82000000,88055.75000000,87743.84000000,87786.53000000,315.39119000
2026-01-27T11:00:00+00:00,87786.53000000,88093.19000000,87743.52000000,87992.74000000,339.68763000
2026-01-27T12:00:00+00:00,87992.74000000,88165.24000000,87955.98000000,87986.96000000,497.99816000
2026-01-27T13:00:00+00:00,87986.96000000,88076.82000000,87799.20000000,87982.15000000,400.06912000
2026-01-27T14:00:00+00:00,87982.15000000,88474.23000000,87659.23000000,87745.02000000,762.91064000
2026-01-27T15:00:00+00:00,87745.02000000,88189.44000000,87578.67000000,88047.46000000,838.96558000
2026-01-27T16:00:00+00:00,88047.46000000,88819.89000000,88002.57000000,88641.44000000,1128.77578000
2026-01-27T17:00:00+00:00,88641.43000000,88699.45000000,87304.33000000,87546.58000000,1183.80567000
2026-01-27T18:00:00+00:00,87546.58000000,88510.15000000,87450.00000000,88285.05000000,865.62099000
2026-01-27T19:00:00+00:00,88285.05000000,88549.32000000,88049.89000000,88408.77000000,469.70931000
2026-01-27T20:00:00+00:00,88408.78000000,89497.19000000,88373.49000000,89396.16000000,1024.56489000
2026-01-27T21:00:00+00:00,89396.03000000,89523.16000000,89008.75000000,89081.46000000,689.88066000
2026-01-27T22:00:00+00:00,89081.47000000,89421.91000000,89021.61000000,89243.63000000,281.54432000
2026-01-27T23:00:00+00:00,89243.63000000,89515.78000000,89143.92000000,89250.00000000,421.36315000
2026-01-28T00:00:00+00:00,89249.99000000,89468.01000000,89154.80000000,89467.72000000,258.84583000
2026-01-28T01:00:00+00:00,89467.73000000,89497.96000000,89196.87000000,89404.57000000,267.52883000
2026-01-28T02:00:00+00:00,89404.57000000,89453.89000000,89100.01000000,89285.77000000,214.15071000
2026-01-28T03:00:00+00:00,89285.78000000,89311.87000000,88985.00000000,89126.67000000,353.86100000
2026-01-28T04:00:00+00:00,89126.68000000,89160.00000000,88840.00000000,88975.04000000,312.10964000
2026-01-28T05:00:00+00:00,88975.03000000,89105.56000000,88849.00000000,89084.10000000,326.80822000
2026-01-28T06:00:00+00:00,89084.10000000,89400.00000000,89084.10000000,89317.47000000,340.81001000
2026-01-28T07:00:00+00:00,89317.47000000,89358.51000000,89099.81000000,89134.35000000,370.19520000
2026-01-28T08:00:00+00:00,89134.35000000,89258.02000000,88833.65000000,88925.47000000,515.45435000
2026-01-28T09:00:00+00:00,88925.47000000,89567.26000000,88849.99000000,89567.25000000,490.95043000
2026-01-28T10:00:00+00:00,89567.25000000,89703.87000000,89330.22000000,89403.77000000,688.45427000
2026-01-28T11:00:00+00:00,89403.76000000,90156.72000000,89313.13000000,90080.00000000,1092.21486000
2026-01-28T12:00:00+00:00,90079.99000000,90176.88000000,89790.00000000,89998.69000000,946.78783000
2026-01-28T13:00:00+00:00,89998.69000000,90488.00000000,89969.42000000,90257.91000000,1485.47795000
2026-01-28T14:00:00+00:00,90257.91000000,90276.78000000,89460.01000000,89617.27000000,997.73721000
2026-01-28T15:00:00+00:00,89617.27000000,89849.75000000,88904.61000000,89479.66000000,998.88376000
2026-01-28T16:00:00+00:00,89479.66000000,89830.00000000,89248.61000000,89629.66000000,744.86311000
2026-01-28T17:00:00+00:00,89629.66000000,90600.00000000,89277.21000000,90169.88000000,923.32635000
2026-01-28T18:00:00+00:00,90169.89000000,90178.91000000,89312.88000000,89546.24000000,748.51147000
2026-01-28T19:00:00+00:00,89544.00000000,89719.58000000,89006.36000000,89402.58000000,893.38320000
2026-01-28T20:00:00+00:00,89402.57000000,89896.00000000,89010.00000000,89130.63000000,590.94624000
2026-01-28T21:00:00+00:00,89130.63000000,89490.24000000,88878.01000000,89412.17000000,381.49994000
2026-01-28T22:00:00+00:00,89412.18000000,89479.04000000,89138.00000000,89396.15000000,156.23518000
2026-01-28T23:00:00+00:00,89396.15000000,89471.41000000,89209.48000000,89299.99000000,233.14943000
2026-01-29T00:00:00+00:00,89300.00000000,89348.00000000,88900.00000000,89143.91000000,431.21285000
2026-01-29T01:00:00+00:00,89143.92000000,89159.99000000,88548.87000000,88603.56000000,624.81108000
2026-01-29T02:00:00+00:00,88603.56000000,88754.64000000,87704.00000000,87907.06000000,1097.35161000
2026-01-29T03:00:00+00:00,87907.05000000,88265.39000000,87771.30000000,88053.71000000,769.73434000
2026-01-29T04:00:00+00:00,88053.71000000,88345.66000000,87901.23000000,88315.20000000,311.34380000
2026-01-29T05:00:00+00:00,88315.20000000,88408.08000000,88142.66000000,88186.54000000,354.31355000
2026-01-29T06:00:00+00:00,88186.53000000,88338.67000000,88168.90000000,88319.35000000,284.51762000
2026-01-29T07:00:00+00:00,88319.35000000,88430.05000000,88250.00000000,88352.97000000,526.73614000
2026-01-29T08:00:00+00:00,88352.96000000,88500.00000000,87907.80000000,88064.16000000,823.67262000
2026-01-29T09:00:00+00:00,88064.16000000,88160.00000000,87892.00000000,87892.01000000,372.84765000
2026-01-29T10:00:00+00:00,87892.00000000,88046.59000000,87832.18000000,87946.46000000,575.41561000
2026-01-29T11:00:00+00:00,87946.47000000,88066.94000000,87750.01000000,87846.50000000,527.10516000
2026-01-29T12:00:00+00:00,87846.50000000,88121.29000000,87817.97000000,88121.21000000,516.69113000
2026-01-29T13:00:00+00:00,88121.21000000,88182.29000000,87951.67000000,88052.88000000,283.13252000
2026-01-29T14:00:00+00:00,88052.87000000,88075.23000000,87008.00000000,87014.40000000,1065.77381000
2026-01-29T15:00:00+00:00,87014.40000000,87039.51000000,84366.56000000,84934.02000000,8241.95640000
2026-01-29T16:00:00+00:00,84934.02000000,85392.20000000,84268.17000000,85270.00000000,4076.75879000
2026-01-29T17:00:00+00:00,85270.01000000,85638.30000000,84012.78000000,84261.66000000,2652.67947000
2026-01-29T18:00:00+00:00,84261.66000000,84630.55000000,83415.00000000,83477.02000000,2305.76692000
2026-01-29T19:00:00+00:00,83477.02000000,84334.97000000,83383.33000000,84012.11000000,1752.68525000
2026-01-29T20:00:00+00:00,84012.11000000,84398.36000000,83824.90000000,84216.91000000,1089.07114000
2026-01-29T21:00:00+00:00,84216.91000000,84706.32000000,84200.00000000,84526.57000000,780.67473000
2026-01-29T22:00:00+00:00,84526.57000000,84615.74000000,84306.24000000,84570.05000000,335.13893000
2026-01-29T23:00:00+00:00,84570.04000000,84737.69000000,84445.70000000,84650.16000000,631.99089000
2026-01-30T00:00:00+00:00,84650.16000000,84735.75000000,84100.00000000,84192.00000000,730.18491000
2026-01-30T01:00:00+00:00,84192.00000000,84192.01000000,81118.00000000,82468.02000000,6080.28823000
2026-01-30T02:00:00+00:00,82468.01000000,82535.89000000,81154.00000000,82164.88000000,3963.98084000
2026-01-30T03:00:00+00:00,82164.88000000,82738.89000000,82036.35000000,82676.43000000,1470.66915000
2026-01-30T04:00:00+00:00,82676.42000000,83332.20000000,82676.42000000,82938.92000000,1147.37787000
2026-01-30T05:00:00+00:00,82938.92000000,83329.36000000,82903.23000000,82914.19000000,818.20759000
2026-01-30T06:00:00+00:00,82914.20000000,82919.21000000,82056.08000000,82602.81000000,1199.37024000
2026-01-30T07:00:00+00:00,82602.81000000,83100.00000000,82483.27000000,82816.98000000,1624.46252000
2026-01-30T08:00:00+00:00,82816.98000000,82995.41000000,82438.80000000,82671.70000000,959.74241000
2026-01-30T09:00:00+00:00,82671.70000000,82834.19000000,82160.00000000,82363.72000000,1026.26025000
2026-01-30T10:00:00+00:00,82363.71000000,82897.41000000,82172.02000000,82833.92000000,661.39040000
2026-01-30T11:00:00+00:00,82833.92000000,83314.85000000,82682.15000000,83151.36000000,607.68303000
2026-01-30T12:00:00+00:00,83151.36000000,83329.35000000,82650.00000000,82800.50000000,693.01620000
2026-01-30T13:00:00+00:00,82800.49000000,83087.34000000,82421.64000000,82740.92000000,760.57185000
2026-01-30T14:00:00+00:00,82740.93000000,83797.99000000,82738.68000000,83098.00000000,1785.40114000
2026-01-30T15:00:00+00:00,83098.00000000,83616.46000000,82382.01000000,82883.94000000,1512.89136000
2026-01-30T16:00:00+00:00,82882.84000000,83493.60000000,82549.35000000,83149.00000000,956.54558000
2026-01-30T17:00:00+00:00,83149.00000000,83475.80000000,82641.60000000,82943.23000000,1094.09504000
2026-01-30T18:00:00+00:00,82943.23000000,84160.00000000,81871.37000000,83931.13000000,2213.77003000
2026-01-30T19:00:00+00:00,83931.13000000,84621.16000000,83917.36000000,84242.99000000,1851.84536000
2026-01-30T20:00:00+00:00,84243.00000000,84299.99000000,83539.20000000,83906.34000000,2390.62988000
2026-01-30T21:00:00+00:00,83906.34000000,84523.11000000,83790.44000000,84273.70000000,835.94444000
2026-01-30T22:00:00+00:00,84273.71000000,84327.06000000,83918.42000000,84219.99000000,454.50219000
2026-01-30T23:00:00+00:00,84220.00000000,84298.96000000,83933.82000000,84260.49000000,357.01742000
2026-01-31T00:00:00+00:00,84260.50000000,84270.02000000,84014.01000000,84067.83000000,380.99765000
2026-01-31T01:00:00+00:00,84067.83000000,84266.22000000,83908.00000000,83999.99000000,474.79523000
2026-01-31T02:00:00+00:00,84000.00000000,84183.42000000,83815.02000000,84130.01000000,514.80351000
2026-01-31T03:00:00+00:00,84130.01000000,84232.00000000,84022.69000000,84022.69000000,356.74317000
2026-01-31T04:00:00+00:00,84022.70000000,84146.22000000,83941.43000000,83992.45000000,214.26773000
2026-01-31T05:00:00+00:00,83992.44000000,84097.37000000,83903.70000000,84000.01000000,249.62585000
2026-01-31T06:00:00+00:00,84000.01000000,84050.51000000,83638.40000000,83786.09000000,407.33324000
2026-01-31T07:00:00+00:00,83786.09000000,83805.02000000,83404.67000000,83546.81000000,478.71890000
2026-01-31T08:00:00+00:00,83546.82000000,83629.08000000,82560.75000000,83074.07000000,1142.87539000
2026-01-31T09:00:00+00:00,83074.08000000,83300.00000000,82894.00000000,83109.10000000,471.08907000
2026-01-31T10:00:00+00:00,83109.10000000,83203.26000000,82917.32000000,83160.00000000,515.13254000
2026-01-31T11:00:00+00:00,83160.00000000,83160.00000000,82851.97000000,83020.00000000,279.69189000
2026-01-31T12:00:00+00:00,83020.00000000,83140.00000000,82720.00000000,82762.00000000,537.57574000
2026-01-31T13:00:00+00:00,82761.99000000,82919.29000000,82478.59000000,82767.99000000,539.85854000
2026-01-31T14:00:00+00:00,82768.00000000,82928.20000000,80825.76000000,81479.99000000,4166.24097000
2026-01-31T15:00:00+00:00,81480.00000000,81789.68000000,81088.00000000,81302.15000000,1568.15407000
2026-01-31T16:00:00+00:00,81302.16000000,82200.00000000,80098.01000000,80365.04000000,5113.56418000
2026-01-31T17:00:00+00:00,80365.05000000,80550.74000000,78159.90000000,78893.92000000,6669.26832000
2026-01-31T18:00:00+00:00,78893.92000000,79143.64000000,75719.90000000,78038.38000000,7783.32311000
2026-01-31T19:00:00+00:00,78038.39000000,78576.30000000,77194.00000000,77750.01000000,2463.45994000
2026-01-31T20:00:00+00:00,77750.01000000,78141.95000000,77092.34000000,77999.03000000,1378.50317000
2026-01-31T21:00:00+00:00,77999.02000000,78365.02000000,77372.69000000,78292.00000000,1330.56660000
2026-01-31T22:00:00+00:00,78292.00000000,78499.94000000,78000.00000000,78155.17000000,902.43744000
2026-01-31T23:00:00+00:00,78155.16000000,79240.00000000,78078.67000000,78741.09000000,1552.86508000
2026-02-01T00:00:00+00:00,78741.10000000,79424.00000000,78644.09000000,78902.31000000,1738.02598000
2026-02-01T01:00:00+00:00,78902.31000000,78943.62000000,78284.00000000,78532.17000000,1163.10084000
2026-02-01T02:00:00+00:00,78532.32000000,79060.44000000,78378.00000000,78900.01000000,762.94469000
2026-02-01T03:00:00+00:00,78900.01000000,79008.36000000,78666.73000000,78868.28000000,594.31033000
2026-02-01T04:00:00+00:00,78868.29000000,79119.30000000,78720.97000000,78971.75000000,441.04188000
2026-02-01T05:00:00+00:00,78973.22000000,79006.00000000,78527.13000000,78620.91000000,744.74280000
2026-02-01T06:00:00+00:00,78620.90000000,78824.10000000,78266.63000000,78300.00000000,568.62406000
2026-02-01T07:00:00+00:00,78300.01000000,78724.01000000,77967.69000000,78343.00000000,808.74546000
2026-02-01T08:00:00+00:00,78343.00000000,78863.00000000,78252.64000000,78604.02000000,567.72389000
2026-02-01T09:00:00+00:00,78604.02000000,79136.10000000,78551.15000000,79034.45000000,479.76229000
2026-02-01T10:00:00+00:00,79034.45000000,79220.72000000,78148.10000000,78279.73000000,863.43565000
2026-02-01T11:00:00+00:00,78279.73000000,78877.89000000,78279.72000000,78743.56000000,539.38656000
2026-02-01T12:00:00+00:00,78743.57000000,78760.00000000,78244.00000000,78459.67000000,620.90729000
2026-02-01T13:00:00+00:00,78459.68000000,78768.68000000,78203.21000000,78317.51000000,482.47432000
2026-02-01T14:00:00+00:00,78317.51000000,78520.00000000,77236.68000000,78211.12000000,1658.37078000
2026-02-01T15:00:00+00:00,78211.12000000,78254.20000000,76761.98000000,77593.40000000,2045.87767000
2026-02-01T16:00:00+00:00,77593.40000000,77838.48000000,77087.76000000,77494.77000000,1084.57336000
2026-02-01T17:00:00+00:00,77494.77000000,77748.00000000,77300.00000000,77745.32000000,549.82327000
2026-02-01T18:00:00+00:00,77745.33000000,78443.10000000,77727.27000000,78029.28000000,791.63632000
2026-02-01T19:00:00+00:00,78029.29000000,78106.10000000,77000.01000000,77174.78000000,457.49789000
2026-02-01T20:00:00+00:00,77174.77000000,77740.91000000,76606.00000000,77103.04000000,1125.71882000
2026-02-01T21:00:00+00:00,77103.04000000,77161.26000000,76359.87000000,76526.03000000,1221.60590000
2026-02-01T22:00:00+00:00,76526.03000000,77779.63000000,76456.78000000,77249.31000000,1235.13318000
2026-02-01T23:00:00+00:00,77249.31000000,77610.72000000,75700.00000000,76968.21000000,4850.01845000
2026-02-02T00:00:00+00:00,76968.22000000,78231.26000000,76606.39000000,77672.61000000,1960.16053000
2026-02-02T01:00:00+00:00,77672.61000000,77942.28000000,76619.69000000,77518.87000000,1238.02224000
2026-02-02T02:00:00+00:00,77518.87000000,77555.62000000,76449.84000000,76491.17000000,1406.18164000
2026-02-02T03:00:00+00:00,76491.18000000,76575.93000000,74604.00000000,76292.98000000,6845.40126000
2026-02-02T04:00:00+00:00,76292.98000000,76621.28000000,75335.90000000,75894.15000000,2387.03559000
2026-02-02T05:00:00+00:00,75894.15000000,75999.99000000,74911.14000000,75502.10000000,2327.56014000
2026-02-02T06:00:00+00:00,75502.10000000,76834.71000000,74957.51000000,76549.32000000,3207.27225000
2026-02-02T07:00:00+00:00,76549.32000000,76958.00000000,76327.90000000,76660.79000000,1646.53051000
2026-02-02T08:00:00+00:00,76660.78000000,77191.15000000,76628.28000000,76881.28000000,1422.14452000
2026-02-02T09:00:00+00:00,76881.28000000,77815.00000000,76652.00000000,77725.33000000,2196.40917000
2026-02-02T10:00:00+00:00,77725.33000000,77876.69000000,77474.85000000,77504.54000000,1049.86427000
2026-02-02T11:00:00+00:00,77504.54000000,77970.62000000,77451.11000000,77759.99000000,983.08962000
2026-02-02T12:00:00+00:00,77760.00000000,78434.00000000,77706.00000000,77988.51000000,1103.97039000
2026-02-02T13:00:00+00:00,77988.50000000,78458.00000000,77800.00000000,78224.79000000,960.76337000
2026-02-02T14:00:00+00:00,78224.80000000,78885.00000000,77626.44000000,77844.79000000,2220.07608000
2026-02-02T15:00:00+00:00,77844.78000000,79360.00000000,77564.62000000,78850.06000000,3238.00821000
2026-02-02T16:00:00+00:00,78850.06000000,79288.28000000,78584.00000000,78634.76000000,1987.74899000
2026-02-02T17:00:00+00:00,78634.75000000,79213.99000000,78603.93000000,78988.64000000,1407.01094000
2026-02-02T18:00:00+00:00,78988.65000000,78988.65000000,78369.13000000,78569.84000000,992.65857000
2026-02-02T19:00:00+00:00,78569.83000000,78697.99000000,78283.27000000,78341.50000000,1074.65868000
2026-02-02T20:00:00+00:00,78341.50000000,78667.38000000,77888.00000000,78008.59000000,902.54602000
2026-02-02T21:00:00+00:00,78008.59000000,78552.76000000,77922.00000000,78532.06000000,507.24426000
2026-02-02T22:00:00+00:00,78532.07000000,78853.35000000,78528.21000000,78795.20000000,488.24484000
2026-02-02T23:00:00+00:00,78795.20000000,78962.78000000,78560.00000000,78738.61000000,720.98807000
2026-02-03T00:00:00+00:00,78738.60000000,79099.99000000,78408.05000000,79065.24000000,994.28607000
2026-02-03T01:00:00+00:00,79065.24000000,79186.81000000,78716.79000000,79017.63000000,990.18740000
2026-02-03T02:00:00+00:00,79017.64000000,79017.64000000,77800.00000000,77808.01000000,959.76758000
2026-02-03T03:00:00+00:00,77808.02000000,78907.18000000,77644.09000000,78753.32000000,1068.28743000
2026-02-03T04:00:00+00:00,78753.32000000,78999.99000000,78488.00000000,78798.39000000,719.00577000
2026-02-03T05:00:00+00:00,78798.38000000,78809.78000000,78218.98000000,78240.45000000,581.74505000
2026-02-03T06:00:00+00:00,78240.45000000,78665.91000000,77950.00000000,78594.17000000,881.03721000
2026-02-03T07:00:00+00:00,78594.01000000,78923.93000000,78488.01000000,78794.67000000,705.05984000
2026-02-03T08:00:00+00:00,78794.67000000,79084.29000000,78464.60000000,78747.96000000,840.32530000
2026-02-03T09:00:00+00:00,78747.96000000,78841.35000000,77950.00000000,78400.01000000,972.94350000
2026-02-03T10:00:00+00:00,78400.01000000,78560.00000000,78070.00000000,78120.36000000,505.87116000
2026-02-03T11:00:00+00:00,78120.36000000,78349.24000000,78004.08000000,78079.50000000,475.83471000
2026-02-03T12:00:00+00:00,78079.50000000,78416.90000000,78000.00000000,78330.26000000,933.62710000
2026-02-03T13:00:00+00:00,78330.26000000,78458.89000000,78187.91000000,78307.65000000,529.49211000
2026-02-03T14:00:00+00:00,78307.65000000,78434.61000000,77156.24000000,77201.22000000,2011.41490000
2026-02-03T15:00:00+00:00,77201.21000000,78196.83000000,77055.54000000,78132.33000000,2069.08407000
2026-02-03T16:00:00+00:00,78132.34000000,78134.53000000,76400.00000000,76488.08000000,3199.23624000
2026-02-03T17:00:00+00:00,76488.08000000,76525.44000000,74882.28000000,74915.79000000,3210.53566000
2026-02-03T18:00:00+00:00,74915.79000000,75302.76000000,73137.66000000,73139.13000000,8932.04301000
2026-02-03T19:00:00+00:00,73139.12000000,75291.10000000,72945.50000000,74935.00000000,3497.82279000
2026-02-03T20:00:00+00:00,74935.00000000,76721.25000000,74586.54000000,76475.52000000,2122.86901000
2026-02-03T21:00:00+00:00,76475.53000000,76960.00000000,76124.05000000,76239.43000000,1110.97152000
2026-02-03T22:00:00+00:00,76239.43000000,76299.19000000,75406.79000000,75708.83000000,1013.97922000
2026-02-03T23:00:00+00:00,75708.82000000,76000.00000000,75428.16000000,75770.21000000,794.68224000
2026-02-04T00:00:00+00:00,75770.21000000,76264.00000000,75467.22000000,75910.88000000,730.62893000
2026-02-04T01:00:00+00:00,75910.88000000,76798.12000000,75910.88000000,76423.73000000,952.72942000
2026-02-04T02:00:00+00:00,76423.73000000,76610.04000000,75707.41000000,75963.35000000,853.38888000
2026-02-04T03:00:00+00:00,75963.35000000,76971.52000000,75906.05000000,76698.17000000,1036.93598000
2026-02-04T04:00:00+00:00,76698.17000000,76830.69000000,76413.64000000,76479.75000000,577.39018000
2026-02-04T05:00:00+00:00,76479.75000000,76526.80000000,76105.30000000,76279.99000000,1056.73491000
2026-02-04T06:00:00+00:00,76280.00000000,76780.00000000,76259.90000000,76652.68000000,609.34015000
2026-02-04T07:00:00+00:00,76652.68000000,76657.31000000,76335.46000000,76514.30000000,593.58526000
2026-02-04T08:00:00+00:00,76514.30000000,76600.00000000,76068.69000000,76587.26000000,736.19473000
2026-02-04T09:00:00+00:00,76587.26000000,76607.69000000,75967.10000000,76119.00000000,632.82215000
2026-02-04T10:00:00+00:00,76119.00000000,76338.65000000,76069.00000000,76302.10000000,440.91077000
2026-02-04T11:00:00+00:00,76302.10000000,76302.10000000,75666.00000000,76017.25000000,1102.73317000
2026-02-04T12:00:00+00:00,76017.25000000,76260.85000000,76000.00000000,76180.85000000,942.91713000
2026-02-04T13:00:00+00:00,76180.84000000,76186.98000000,74867.00000000,74867.00000000,1563.62436000
2026-02-04T14:00:00+00:00,74867.00000000,75769.23000000,74256.00000000,74359.53000000,2801.90282000
2026-02-04T15:00:00+00:00,74359.53000000,75328.28000000,73794.11000000,74136.36000000,3644.50098000
2026-02-04T16:00:00+00:00,74136.48000000,74249.83000000,73076.92000000,73636.01000000,3089.62892000
2026-02-04T17:00:00+00:00,73635.63000000,73863.92000000,72169.00000000,72576.08000000,5764.80542000
2026-02-04T18:00:00+00:00,72576.08000000,74140.00000000,72273.68000000,73425.96000000,3480.01439000
2026-02-04T19:00:00+00:00,73425.97000000,74007.28000000,73041.41000000,73923.29000000,1609.77508000
2026-02-04T20:00:00+00:00,73923.30000000,74144.00000000,73425.56000000,73516.30000000,1052.61663000
2026-02-04T21:00:00+00:00,73516.30000000,73654.00000000,72210.00000000,72799.99000000,1379.23839000
2026-02-04T22:00:00+00:00,72800.00000000,73680.00000000,71888.00000000,72543.38000000,2426.62344000
2026-02-04T23:00:00+00:00,72543.38000000,73520.59000000,72468.12000000,73165.83000000,1296.31791000
2026-02-05T00:00:00+00:00,73165.84000000,73325.60000000,72754.21000000,72868.02000000,1031.56586000
2026-02-05T01:00:00+00:00,72868.02000000,73341.18000000,71995.09000000,72421.26000000,1796.49365000
2026-02-05T02:00:00+00:00,72421.26000000,72854.39000000,71305.55000000,71454.44000000,2979.51665000
2026-02-05T03:00:00+00:00,71454.44000000,71884.47000000,71152.78000000,71223.25000000,2548.86017000
2026-02-05T04:00:00+00:00,71223.25000000,71437.68000000,70701.00000000,70888.08000000,4293.99043000
2026-02-05T05:00:00+00:00,70888.09000000,71150.16000000,70140.00000000,70732.72000000,4302.51294000
2026-02-05T06:00:00+00:00,70732.73000000,70984.62000000,70434.05000000,70951.51000000,2020.09726000
2026-02-05T07:00:00+00:00,70951.51000000,71622.82000000,70644.73000000,70756.85000000,2612.40429000
2026-02-05T08:00:00+00:00,70756.86000000,71550.00000000,70683.58000000,71054.99000000,1815.06036000
2026-02-05T09:00:00+00:00,71054.99000000,71978.58000000,71049.35000000,71550.00000000,1842.40706000
2026-02-05T10:00:00+00:00,71549.99000000,71726.79000000,70656.59000000,70858.13000000,1618.18196000
2026-02-05T11:00:00+00:00,70858.13000000,71063.94000000,69922.00000000,70318.35000000,4107.09256000
2026-02-05T12:00:00+00:00,70318.35000000,70603.49000000,69163.00000000,69563.57000000,5331.37678000
2026-02-05T13:00:00+00:00,69563.56000000,69831.85000000,69261.11000000,69688.94000000,2587.65964000
2026-02-05T14:00:00+00:00,69688.94000000,70872.04000000,69285.71000000,69404.76000000,3459.24538000
2026-02-05T15:00:00+00:00,69404.75000000,69616.29000000,66720.15000000,67489.07000000,13836.57347000
2026-02-05T16:00:00+00:00,67489.08000000,68681.81000000,66955.34000000,68295.15000000,5860.78146000
2026-02-05T17:00:00+00:00,68295.15000000,68374.79000000,66152.00000000,66181.69000000,6127.22850000
2026-02-05T18:00:00+00:00,66181.68000000,66542.87000000,65385.00000000,66347.00000000,5703.68497000
2026-02-05T19:00:00+00:00,66347.01000000,66637.46000000,65200.00000000,65265.65000000,3605.53717000
2026-02-05T20:00:00+00:00,65265.66000000,65700.00000000,62345.00000000,63775.67000000,13269.97533000
2026-02-05T21:00:00+00:00,63775.66000000,64775.00000000,62888.34000000,63213.34000000,6727.66673000
2026-02-05T22:00:00+00:00,63213.34000000,64615.88000000,62690.90000000,63907.86000000,4776.16051000
2026-02-05T23:00:00+00:00,63907.86000000,64908.00000000,62717.48000000,62909.86000000,4044.75586000
2026-02-06T00:00:00+00:00,62909.87000000,63861.87000000,60000.00000000,63509.39000000,15965.67588000
2026-02-06T01:00:00+00:00,63509.40000000,65760.00000000,63509.39000000,65714.96000000,6085.05108000
2026-02-06T02:00:00+00:00,65714.96000000,66010.00000000,64201.28000000,64990.10000000,4172.05950000
2026-02-06T03:00:00+00:00,64990.11000000,65172.13000000,63770.17000000,64168.33000000,2757.61679000
2026-02-06T04:00:00+00:00,64168.33000000,65000.00000000,63914.62000000,64905.84000000,2678.77331000
2026-02-06T05:00:00+00:00,64905.54000000,66826.50000000,64800.01000000,66408.11000000,3077.34633000
2026-02-06T06:00:00+00:00,66408.11000000,66800.00000000,64856.88000000,64988.26000000,3562.00258000
2026-02-06T07:00:00+00:00,64988.26000000,65543.79000000,64654.11000000,64856.00000000,3886.24107000
2026-02-06T08:00:00+00:00,64856.00000000,65206.11000000,64500.00000000,64895.05000000,2403.94942000
2026-02-06T09:00:00+00:00,64895.04000000,66163.00000000,64764.70000000,65799.55000000,2736.04998000
2026-02-06T10:00:00+00:00,65799.55000000,66220.00000000,65550.00000000,65967.51000000,2067.37547000
2026-02-06T11:00:00+00:00,65967.51000000,66755.13000000,65772.17000000,66631.32000000,2445.47098000
2026-02-06T12:00:00+00:00,66631.32000000,66631.32000000,66114.49000000,66557.93000000,1895.66919000
2026-02-06T13:00:00+00:00,66557.93000000,67690.70000000,66480.82000000,67316.82000000,4063.76595000
2026-02-06T14:00:00+00:00,67316.82000000,68647.45000000,66629.36000000,68194.89000000,5594.57909000
2026-02-06T15:00:00+00:00,68194.90000000,69192.00000000,67772.00000000,68626.00000000,6052.81042000
2026-02-06T16:00:00+00:00,68625.99000000,70224.62000000,68428.19000000,69954.01000000,6892.60997000
2026-02-06T17:00:00+00:00,69954.01000000,71500.00000000,69593.43000000,70753.53000000,5224.54006000
2026-02-06T18:00:00+00:00,70753.53000000,70816.00000000,69340.91000000,69776.68000000,3217.47319000
2026-02-06T19:00:00+00:00,69776.68000000,70952.00000000,69662.22000000,70731.46000000,1949.07605000
2026-02-06T20:00:00+00:00,70731.45000000,70996.77000000,70000.12000000,70000.13000000,1842.94729000
2026-02-06T21:00:00+00:00,70000.14000000,70508.75000000,69837.35000000,70358.43000000,1079.99332000
2026-02-06T22:00:00+00:00,70358.44000000,71577.09000000,70279.09000000,71354.46000000,1439.41821000
2026-02-06T23:00:00+00:00,71354.46000000,71751.33000000,70505.00000000,70580.26000000,1448.72018000
2026-02-07T00:00:00+00:00,70580.26000000,70600.00000000,69718.00000000,69958.00000000,1684.48527000
2026-02-07T01:00:00+00:00,69958.00000000,70680.54000000,69741.87000000,70471.49000000,1257.48702000
2026-02-07T02:00:00+00:00,70471.48000000,70624.49000000,70151.51000000,70361.37000000,828.17189000
2026-02-07T03:00:00+00:00,70361.36000000,70928.75000000,70270.00000000,70918.99000000,917.62946000
2026-02-07T04:00:00+00:00,70918.99000000,71690.07000000,70604.55000000,70768.13000000,1760.77139000
2026-02-07T05:00:00+00:00,70768.00000000,71191.88000000,69800.00000000,70161.50000000,1954.17044000
2026-02-07T06:00:00+00:00,70161.51000000,70310.00000000,68757.68000000,68769.65000000,3067.81307000
2026-02-07T07:00:00+00:00,68769.66000000,69084.55000000,67300.00000000,68087.14000000,6488.56676000
2026-02-07T08:00:00+00:00,68087.13000000,68790.00000000,67747.65000000,68495.01000000,2785.44241000
2026-02-07T09:00:00+00:00,68495.01000000,68763.28000000,67885.86000000,68138.20000000,2704.83478000
2026-02-07T10:00:00+00:00,68138.19000000,68299.30000000,67582.48000000,67987.00000000,2026.15669000
2026-02-07T11:00:00+00:00,67986.99000000,68157.21000000,67700.00000000,67972.65000000,1172.58170000
2026-02-07T12:00:00+00:00,67972.65000000,69999.99000000,67901.89000000,69024.98000000,3372.78032000
2026-02-07T13:00:00+00:00,69024.98000000,69364.50000000,68821.64000000,69093.98000000,1462.50623000
2026-02-07T14:00:00+00:00,69093.98000000,69187.27000000,68358.75000000,68645.99000000,1780.47515000
2026-02-07T15:00:00+00:00,68646.00000000,69762.46000000,68556.00000000,69151.50000000,2675.07885000
2026-02-07T16:00:00+00:00,69151.50000000,69898.00000000,68822.51000000,68957.16000000,3767.46183000
2026-02-07T17:00:00+00:00,68957.16000000,69408.00000000,68531.50000000,69188.81000000,1260.95907000
2026-02-07T18:00:00+00:00,69188.81000000,69690.89000000,69009.09000000,69514.11000000,815.22684000
2026-02-07T19:00:00+00:00,69514.11000000,69577.43000000,69266.66000000,69373.61000000,549.67003000
2026-02-07T20:00:00+00:00,69373.61000000,69728.83000000,69252.72000000,69631.18000000,431.20720000
2026-02-07T21:00:00+00:00,69631.18000000,69699.16000000,69356.16000000,69497.99000000,322.93251000
2026-02-07T22:00:00+00:00,69497.99000000,69727.86000000,69325.67000000,69399.34000000,469.65551000
2026-02-07T23:00:00+00:00,69399.34000000,69462.42000000,68787.34000000,69289.38000000,699.41594000
2026-02-08T00:00:00+00:00,69289.37000000,69432.00000000,68888.00000000,69133.79000000,682.62238000
2026-02-08T01:00:00+00:00,69133.80000000,69500.00000000,69095.17000000,69379.57000000,433.38727000
2026-02-08T02:00:00+00:00,69379.57000000,69696.57000000,69167.42000000,69370.70000000,452.71707000
2026-02-08T03:00:00+00:00,69370.69000000,69443.90000000,69069.65000000,69099.99000000,457.68257000
2026-02-08T04:00:00+00:00,69100.00000000,69372.06000000,68952.01000000,69340.16000000,390.41434000
2026-02-08T05:00:00+00:00,69340.15000000,69422.43000000,69146.47000000,69220.52000000,386.01063000
2026-02-08T06:00:00+00:00,69220.53000000,69518.56000000,69090.00000000,69361.18000000,1121.01748000
2026-02-08T07:00:00+00:00,69361.18000000,69719.07000000,69215.69000000,69710.69000000,980.72904000
2026-02-08T08:00:00+00:00,69710.69000000,70796.99000000,69514.15000000,70665.59000000,1875.57890000
2026-02-08T09:00:00+00:00,70665.59000000,70712.71000000,70094.71000000,70107.19000000,1028.89501000
2026-02-08T10:00:00+00:00,70107.20000000,70449.99000000,69890.52000000,70266.41000000,1062.51700000
2026-02-08T11:00:00+00:00,70266.41000000,71220.00000000,70210.26000000,70999.98000000,1342.32428000
2026-02-08T12:00:00+00:00,70999.99000000,71281.74000000,70707.39000000,71249.95000000,791.13826000
2026-02-08T13:00:00+00:00,71249.65000000,71517.27000000,70956.00000000,71514.77000000,1080.90623000
2026-02-08T14:00:00+00:00,71514.77000000,71554.95000000,71105.00000000,71262.19000000,872.42876000
2026-02-08T15:00:00+00:00,71262.18000000,71465.93000000,70786.18000000,71188.99000000,914.74435000
2026-02-08T16:00:00+00:00,71188.99000000,71256.97000000,70251.33000000,70416.00000000,1094.49116000
2026-02-08T17:00:00+00:00,70415.99000000,70871.66000000,70407.42000000,70785.99000000,515.39696000
2026-02-08T18:00:00+00:00,70786.00000000,71418.00000000,70750.00000000,71147.25000000,643.64182000
2026-02-08T19:00:00+00:00,71147.24000000,71538.05000000,71142.77000000,71422.97000000,466.64362000
2026-02-08T20:00:00+00:00,71422.96000000,71427.73000000,70700.03000000,70835.17000000,803.14197000
2026-02-08T21:00:00+00:00,70835.17000000,71136.03000000,70524.14000000,70700.00000000,621.70092000
2026-02-08T22:00:00+00:00,70700.01000000,71100.04000000,70652.11000000,71066.09000000,568.07657000
2026-02-08T23:00:00+00:00,71066.09000000,72271.41000000,70000.00000000,70330.38000000,2834.32509000
2026-02-09T00:00:00+00:00,70330.38000000,70774.40000000,70123.02000000,70502.38000000,961.77536000
2026-02-09T01:00:00+00:00,70502.37000000,70926.40000000,70068.18000000,70369.53000000,1060.82602000
2026-02-09T02:00:00+00:00,70369.53000000,71000.00000000,70220.12000000,70629.99000000,832.82995000
2026-02-09T03:00:00+00:00,70629.99000000,71453.53000000,70614.07000000,71307.56000000,1165.88308000
2026-02-09T04:00:00+00:00,71307.56000000,71359.37000000,70924.13000000,71005.01000000,663.12266000
2026-02-09T05:00:00+00:00,71005.01000000,71112.00000000,70805.00000000,71044.51000000,554.37782000
2026-02-09T06:00:00+00:00,71044.51000000,71044.52000000,70311.70000000,70667.95000000,697.30320000
2026-02-09T07:00:00+00:00,70667.96000000,70902.51000000,70331.57000000,70422.59000000,1015.80172000
2026-02-09T08:00:00+00:00,70422.59000000,70608.83000000,69393.97000000,69873.99000000,1595.15551000
2026-02-09T09:00:00+00:00,69873.45000000,70116.00000000,69478.63000000,69630.35000000,1112.26419000
2026-02-09T10:00:00+00:00,69630.35000000,69730.38000000,68420.58000000,68727.88000000,2052.69575000
2026-02-09T11:00:00+00:00,68727.88000000,69022.89000000,68573.31000000,68928.72000000,1348.78221000
2026-02-09T12:00:00+00:00,68928.71000000,69262.91000000,68857.97000000,69147.01000000,1009.44887000
2026-02-09T13:00:00+00:00,69147.02000000,69299.99000000,68586.48000000,68594.57000000,1029.85836000
2026-02-09T14:00:00+00:00,68594.56000000,69755.59000000,68308.00000000,69272.00000000,2516.24849000
2026-02-09T15:00:00+00:00,69271.99000000,69884.82000000,68780.00000000,69563.37000000,2308.23216000
2026-02-09T16:00:00+00:00,69563.37000000,70428.48000000,69100.00000000,70093.01000000,1734.77412000
2026-02-09T17:00:00+00:00,70093.00000000,71000.00000000,69870.65000000,70612.29000000,2206.43168000
2026-02-09T18:00:00+00:00,70612.29000000,71012.00000000,70088.88000000,70418.68000000,1419.63320000
2026-02-09T19:00:00+00:00,70418.67000000,71075.31000000,70260.00000000,70957.01000000,878.36448000
2026-02-09T20:00:00+00:00,70957.01000000,71126.00000000,70500.00000000,70738.71000000,948.93614000
2026-02-09T21:00:00+00:00,70738.71000000,70807.75000000,69823.52000000,70400.00000000,1102.83201000
2026-02-09T22:00:00+00:00,70400.01000000,70719.70000000,70271.13000000,70372.96000000,530.94981000
2026-02-09T23:00:00+00:00,70372.96000000,70572.84000000,70083.45000000,70138.00000000,406.20163000
2026-02-10T00:00:00+00:00,70138.00000000,70255.36000000,69743.80000000,69827.33000000,569.13678000
2026-02-10T01:00:00+00:00,69827.34000000,70527.59000000,69827.34000000,70486.82000000,544.68673000
2026-02-10T02:00:00+00:00,70486.82000000,70486.82000000,69982.27000000,70102.89000000,444.00707000
2026-02-10T03:00:00+00:00,70102.90000000,70166.22000000,69208.61000000,69511.83000000,911.79715000
2026-02-10T04:00:00+00:00,69511.83000000,69906.50000000,69469.58000000,69831.62000000,489.42781000
2026-02-10T05:00:00+00:00,69831.62000000,69864.00000000,69210.76000000,69447.64000000,565.92441000
2026-02-10T06:00:00+00:00,69447.63000000,69499.90000000,68682.00000000,68921.35000000,1241.02042000
2026-02-10T07:00:00+00:00,68921.36000000,69218.64000000,68852.43000000,68919.66000000,837.11514000
2026-02-10T08:00:00+00:00,68919.66000000,69226.16000000,68725.81000000,69142.00000000,730.03493000
2026-02-10T09:00:00+00:00,69141.99000000,69417.70000000,68950.00000000,69151.50000000,1044.98180000
2026-02-10T10:00:00+00:00,69151.50000000,69258.52000000,68921.64000000,68921.68000000,686.30742000
2026-02-10T11:00:00+00:00,68921.68000000,69085.79000000,68459.89000000,68535.01000000,1128.13956000
2026-02-10T12:00:00+00:00,68535.02000000,68855.35000000,68434.00000000,68610.12000000,821.53118000
2026-02-10T13:00:00+00:00,68610.11000000,69143.60000000,68370.23000000,69027.95000000,992.44284000
2026-02-10T14:00:00+00:00,69027.94000000,69591.20000000,67800.00000000,68460.40000000,2352.75100000
2026-02-10T15:00:00+00:00,68460.40000000,69519.72000000,68300.90000000,69293.37000000,1676.38862000
2026-02-10T16:00:00+00:00,69293.37000000,69810.35000000,68945.23000000,69517.71000000,1394.08093000
2026-02-10T17:00:00+00:00,69517.71000000,69993.65000000,69309.35000000,69925.31000000,899.78430000
2026-02-10T18:00:00+00:00,69925.31000000,69943.44000000,68604.63000000,68894.36000000,897.73226000
2026-02-10T19:00:00+00:00,68894.36000000,69303.99000000,68690.32000000,69062.01000000,805.90106000
2026-02-10T20:00:00+00:00,69062.00000000,69136.91000000,68629.47000000,68753.70000000,425.90627000
2026-02-10T21:00:00+00:00,68753.69000000,69005.45000000,68362.00000000,68656.21000000,402.88764000
2026-02-10T22:00:00+00:00,68656.22000000,68860.40000000,68566.80000000,68707.18000000,289.48213000
2026-02-10T23:00:00+00:00,68707.18000000,68860.09000000,68506.20000000,68841.29000000,222.30327000
2026-02-11T00:00:00+00:00,68841.28000000,69244.45000000,68784.47000000,69201.14000000,437.64105000
2026-02-11T01:00:00+00:00,69201.14000000,69292.88000000,68914.73000000,68982.00000000,303.52695000
2026-02-11T02:00:00+00:00,68982.00000000,69168.52000000,68603.40000000,68677.33000000,398.35346000
2026-02-11T03:00:00+00:00,68677.34000000,68751.91000000,68011.11000000,68187.99000000,778.71298000
2026-02-11T04:00:00+00:00,68188.00000000,68325.00000000,67368.00000000,67584.46000000,1295.18481000
2026-02-11T05:00:00+00:00,67584.47000000,67810.00000000,67397.86000000,67404.28000000,744.08532000
2026-02-11T06:00:00+00:00,67404.28000000,67491.84000000,66557.99000000,66820.32000000,1841.79675000
2026-02-11T07:00:00+00:00,66819.84000000,67254.60000000,66652.27000000,67032.72000000,1293.95919000
2026-02-11T08:00:00+00:00,67032.71000000,67134.42000000,66793.93000000,66981.07000000,871.78483000
2026-02-11T09:00:00+00:00,66981.08000000,67110.04000000,66716.02000000,66872.03000000,712.97040000
2026-02-11T10:00:00+00:00,66872.03000000,66891.64000000,66369.49000000,66531.99000000,1318.02907000
2026-02-11T11:00:00+00:00,66531.99000000,67110.77000000,66500.84000000,67053.03000000,1011.30301000
2026-02-11T12:00:00+00:00,67053.03000000,67424.24000000,66959.67000000,67133.50000000,1251.20611000
2026-02-11T13:00:00+00:00,67133.51000000,67674.30000000,66799.58000000,67454.49000000,1973.91228000
2026-02-11T14:00:00+00:00,67454.49000000,68834.34000000,66435.62000000,66584.60000000,3127.14059000
2026-02-11T15:00:00+00:00,66584.61000000,66818.18000000,65756.00000000,66519.73000000,2796.32516000
2026-02-11T16:00:00+00:00,66519.72000000,67250.00000000,65952.00000000,66039.09000000,1746.45856000
2026-02-11T17:00:00+00:00,66039.08000000,66921.12000000,65876.00000000,66518.26000000,1110.21085000
2026-02-11T18:00:00+00:00,66518.26000000,67305.28000000,66150.66000000,67275.34000000,935.25515000
2026-02-11T19:00:00+00:00,67275.34000000,67860.44000000,67105.79000000,67586.67000000,1212.94694000
2026-02-11T20:00:00+00:00,67586.66000000,67757.70000000,67190.00000000,67555.98000000,514.27060000
2026-02-11T21:00:00+00:00,67555.98000000,68369.77000000,67417.04000000,67811.17000000,1823.53852000
2026-02-11T22:00:00+00:00,67810.20000000,67872.68000000,67387.24000000,67433.14000000,541.63723000
2026-02-11T23:00:00+00:00,67433.54000000,67563.77000000,66787.70000000,67082.52000000,677.99621000
2026-02-12T00:00:00+00:00,67082.52000000,67700.00000000,67055.53000000,67460.75000000,581.76040000
2026-02-12T01:00:00+00:00,67460.75000000,68047.48000000,67460.75000000,67699.01000000,549.26066000
2026-02-12T02:00:00+00:00,67699.01000000,67800.00000000,67418.00000000,67439.14000000,554.16819000
2026-02-12T03:00:00+00:00,67439.14000000,67596.00000000,67306.61000000,67580.99000000,415.78114000
2026-02-12T04:00:00+00:00,67581.00000000,67682.69000000,67000.00000000,67018.40000000,588.37890000
2026-02-12T05:00:00+00:00,67018.40000000,67209.99000000,66670.45000000,67141.93000000,683.92376000
2026-02-12T06:00:00+00:00,67141.92000000,67355.93000000,67014.00000000,67125.57000000,830.74950000
2026-02-12T07:00:00+00:00,67125.57000000,67330.00000000,66935.64000000,67217.72000000,607.54971000
2026-02-12T08:00:00+00:00,67217.71000000,67344.00000000,66891.60000000,67141.15000000,783.02638000
2026-02-12T09:00:00+00:00,67141.15000000,67699.10000000,67050.00000000,67550.47000000,644.02356000
2026-02-12T10:00:00+00:00,67550.46000000,68026.60000000,67404.02000000,68014.01000000,843.40689000
2026-02-12T11:00:00+00:00,68014.00000000,68299.00000000,67740.00000000,68076.01000000,1397.59947000
2026-02-12T12:00:00+00:00,68076.01000000,68162.02000000,67720.00000000,67865.31000000,829.25823000
2026-02-12T13:00:00+00:00,67865.32000000,68397.50000000,67680.82000000,68376.58000000,960.32991000
2026-02-12T14:00:00+00:00,68376.58000000,68410.52000000,67493.78000000,67577.02000000,1431.75163000
2026-02-12T15:00:00+00:00,67577.02000000,68000.00000000,67014.98000000,67134.74000000,1602.90239000
2026-02-12T16:00:00+00:00,67134.74000000,67232.04000000,65556.00000000,65863.37000000,3193.11571000
2026-02-12T17:00:00+00:00,65863.38000000,66265.06000000,65374.56000000,65413.99000000,2100.56023000
2026-02-12T18:00:00+00:00,65414.00000000,65800.00000000,65118.00000000,65590.95000000,1612.17039000
2026-02-12T19:00:00+00:00,65590.95000000,66117.51000000,65274.40000000,65788.36000000,1027.63649000
2026-02-12T20:00:00+00:00,65788.36000000,66042.24000000,65215.06000000,65428.56000000,894.16583000
2026-02-12T21:00:00+00:00,65428.24000000,65900.00000000,65428.24000000,65849.87000000,590.26423000
2026-02-12T22:00:00+00:00,65849.86000000,66399.94000000,65643.34000000,66288.00000000,642.82133000
2026-02-12T23:00:00+00:00,66288.01000000,66488.90000000,66156.47000000,66272.17000000,907.13790000
2026-02-13T00:00:00+00:00,66272.17000000,66527.09000000,65872.46000000,65918.60000000,765.38996000
2026-02-13T01:00:00+00:00,65918.61000000,66619.90000000,65918.61000000,66454.95000000,771.58544000
2026-02-13T02:00:00+00:00,66454.95000000,66759.61000000,66384.00000000,66663.08000000,476.45341000
2026-02-13T03:00:00+00:00,66663.08000000,66814.00000000,66462.40000000,66553.08000000,569.96335000
2026-02-13T04:00:00+00:00,66553.09000000,66671.62000000,66308.48000000,66329.22000000,462.15015000
2026-02-13T05:00:00+00:00,66329.22000000,66502.27000000,66175.79000000,66175.79000000,484.25050000
2026-02-13T06:00:00+00:00,66175.79000000,66397.86000000,66002.98000000,66359.28000000,613.96613000
2026-02-13T07:00:00+00:00,66359.28000000,66568.47000000,66050.21000000,66208.96000000,868.05316000
2026-02-13T08:00:00+00:00,66208.96000000,66747.38000000,66191.52000000,66699.96000000,603.02656000
2026-02-13T09:00:00+00:00,66699.96000000,67062.93000000,66612.86000000,66959.71000000,592.93469000
2026-02-13T10:00:00+00:00,66959.72000000,67116.00000000,66800.00000000,66977.66000000,516.91289000
2026-02-13T11:00:00+00:00,66977.66000000,67226.66000000,66783.38000000,67171.42000000,488.71065000
2026-02-13T12:00:00+00:00,67171.41000000,67212.28000000,66918.38000000,67084.00000000,405.35988000
2026-02-13T13:00:00+00:00,67084.01000000,67615.34000000,66938.00000000,67274.15000000,1624.06539000
2026-02-13T14:00:00+00:00,67274.14000000,68028.45000000,66867.47000000,67733.51000000,1724.03844000
2026-02-13T15:00:00+00:00,67733.51000000,69309.80000000,67692.00000000,68692.12000000,3133.08720000
2026-02-13T16:00:00+00:00,68692.12000000,69482.97000000,68540.83000000,68954.69000000,1775.68698000
2026-02-13T17:00:00+00:00,68954.69000000,69250.25000000,68636.36000000,69047.99000000,921.29676000
2026-02-13T18:00:00+00:00,69048.00000000,69411.44000000,68903.27000000,69129.99000000,1063.59333000
2026-02-13T19:00:00+00:00,69129.99000000,69236.33000000,68918.79000000,68938.91000000,560.04540000
2026-02-13T20:00:00+00:00,68938.91000000,68973.35000000,68683.32000000,68777.12000000,555.32850000
2026-02-13T21:00:00+00:00,68777.13000000,69079.40000000,68731.75000000,68902.48000000,463.41950000
2026-02-13T22:00:00+00:00,68902.48000000,69000.00000000,68726.40000000,68995.28000000,544.04056000
2026-02-13T23:00:00+00:00,68995.29000000,69000.00000000,68829.20000000,68853.96000000,261.19072000
2026-02-14T00:00:00+00:00,68853.97000000,69137.50000000,68768.56000000,69090.24000000,447.10398000
2026-02-14T01:00:00+00:00,69090.25000000,69108.80000000,68921.54000000,68964.51000000,344.69001000
2026-02-14T02:00:00+00:00,68964.51000000,69006.34000000,68845.60000000,68884.21000000,261.74234000
2026-02-14T03:00:00+00:00,68884.21000000,69027.14000000,68852.00000000,68981.99000000,238.39370000
2026-02-14T04:00:00+00:00,68982.00000000,68995.11000000,68789.59000000,68790.00000000,489.78591000
2026-02-14T05:00:00+00:00,68790.01000000,68910.00000000,68760.00000000,68773.42000000,308.26030000
2026-02-14T06:00:00+00:00,68773.41000000,68936.98000000,68730.13000000,68936.98000000,470.43757000
2026-02-14T07:00:00+00:00,68936.98000000,69343.00000000,68884.56000000,69219.26000000,919.89001000
2026-02-14T08:00:00+00:00,69219.27000000,69870.99000000,69218.71000000,69746.20000000,1347.80343000
2026-02-14T09:00:00+00:00,69746.20000000,69900.00000000,69566.78000000,69714.93000000,555.36385000
2026-02-14T10:00:00+00:00,69714.94000000,69714.94000000,69585.15000000,69671.86000000,257.25533000
2026-02-14T11:00:00+00:00,69671.86000000,70560.01000000,69671.86000000,70505.74000000,1370.55448000
2026-02-14T12:00:00+00:00,70505.74000000,70533.67000000,69600.00000000,69640.20000000,1278.19574000
2026-02-14T13:00:00+00:00,69640.20000000,69771.91000000,69064.60000000,69460.00000000,3393.75970000
2026-02-14T14:00:00+00:00,69460.00000000,69856.70000000,69208.09000000,69701.66000000,1680.01260000
2026-02-14T15:00:00+00:00,69701.66000000,70048.39000000,69560.00000000,69778.28000000,751.65320000
2026-02-14T16:00:00+00:00,69778.28000000,69815.00000000,69283.02000000,69755.10000000,1006.67903000
2026-02-14T17:00:00+00:00,69755.10000000,69930.90000000,69609.00000000,69739.38000000,685.87401000
2026-02-14T18:00:00+00:00,69739.38000000,69856.70000000,69672.55000000,69772.31000000,270.42048000
2026-02-14T19:00:00+00:00,69772.30000000,69920.60000000,69619.52000000,69873.99000000,332.30706000
2026-02-14T20:00:00+00:00,69873.99000000,70028.59000000,69732.75000000,70023.09000000,434.13483000
2026-02-14T21:00:00+00:00,70023.10000000,70250.46000000,69668.05000000,69935.86000000,640.89584000
2026-02-14T22:00:00+00:00,69935.86000000,70100.00000000,69781.00000000,69959.75000000,292.90739000
2026-02-14T23:00:00+00:00,69959.74000000,70020.00000000,69723.18000000,69822.95000000,336.66314000
2026-02-15T00:00:00+00:00,69822.94000000,69864.74000000,69600.00000000,69777.07000000,292.27775000
2026-02-15T01:00:00+00:00,69777.06000000,69902.70000000,69350.00000000,69717.65000000,400.20039000
2026-02-15T02:00:00+00:00,69717.65000000,69753.90000000,69341.27000000,69480.01000000,375.21945000
2026-02-15T03:00:00+00:00,69480.00000000,69990.02000000,69251.50000000,69954.50000000,697.24370000
2026-02-15T04:00:00+00:00,69954.50000000,70518.57000000,69459.35000000,70183.99000000,2275.16813000
2026-02-15T05:00:00+00:00,70184.00000000,70472.43000000,70132.54000000,70267.61000000,540.45783000
2026-02-15T06:00:00+00:00,70267.60000000,70540.99000000,70184.09000000,70405.12000000,505.71551000
2026-02-15T07:00:00+00:00,70405.12000000,70926.42000000,70307.11000000,70828.42000000,1425.80275000
2026-02-15T08:00:00+00:00,70828.43000000,70983.00000000,70182.31000000,70446.52000000,898.37828000
2026-02-15T09:00:00+00:00,70446.52000000,70668.00000000,70370.30000000,70419.11000000,334.99126000
2026-02-15T10:00:00+00:00,70419.12000000,70523.94000000,70208.16000000,70427.02000000,382.24903000
2026-02-15T11:00:00+00:00,70427.02000000,70543.14000000,70267.60000000,70295.22000000,457.63561000
2026-02-15T12:00:00+00:00,70295.22000000,70418.48000000,69309.87000000,69314.21000000,1027.34588000
2026-02-15T13:00:00+00:00,69314.22000000,69620.06000000,68772.20000000,68930.00000000,1749.29694000
2026-02-15T14:00:00+00:00,68930.00000000,69219.71000000,68845.72000000,69170.51000000,629.32577000
2026-02-15T15:00:00+00:00,69170.51000000,69255.60000000,68888.00000000,69099.99000000,446.59665000
2026-02-15T16:00:00+00:00,69100.00000000,69100.00000000,68658.00000000,69017.75000000,1442.09011000
2026-02-15T17:00:00+00:00,69017.76000000,69085.22000000,68203.60000000,68641.21000000,1194.71218000
2026-02-15T18:00:00+00:00,68641.21000000,68800.00000000,68274.31000000,68451.44000000,2695.36643000
2026-02-15T19:00:00+00:00,68451.45000000,68560.84000000,68000.00000000,68286.63000000,2807.35363000
2026-02-15T20:00:00+00:00,68286.64000000,68560.22000000,68120.00000000,68450.00000000,399.94279000
2026-02-15T21:00:00+00:00,68450.00000000,68950.16000000,68450.00000000,68852.01000000,407.55960000
2026-02-15T22:00:00+00:00,68852.01000000,69078.49000000,68801.06000000,68999.96000000,384.07496000
2026-02-15T23:00:00+00:00,68999.96000000,68999.96000000,68319.64000000,68832.58000000,521.04745000
2026-02-16T00:00:00+00:00,68832.59000000,69065.50000000,68700.00000000,68845.81000000,349.86984000
2026-02-16T01:00:00+00:00,68845.81000000,69041.97000000,68454.54000000,68630.81000000,270.08273000
2026-02-16T02:00:00+00:00,68630.81000000,68734.00000000,68243.68000000,68320.48000000,683.73400000
2026-02-16T03:00:00+00:00,68320.49000000,68463.96000000,68143.22000000,68424.82000000,453.41167000
2026-02-16T04:00:00+00:00,68424.82000000,68894.52000000,68417.17000000,68870.07000000,465.20741000
2026-02-16T05:00:00+00:00,68870.07000000,68900.00000000,68293.28000000,68385.29000000,353.88428000
2026-02-16T06:00:00+00:00,68385.29000000,68527.80000000,68228.76000000,68450.80000000,240.56615000
2026-02-16T07:00:00+00:00,68450.80000000,68672.59000000,68380.00000000,68587.90000000,362.20306000
2026-02-16T08:00:00+00:00,68587.89000000,68798.70000000,68542.63000000,68762.85000000,301.81895000
2026-02-16T09:00:00+00:00,68762.86000000,69060.77000000,68748.02000000,68992.71000000,453.08481000
2026-02-16T10:00:00+00:00,68992.70000000,68992.71000000,68690.85000000,68798.22000000,358.68374000
2026-02-16T11:00:00+00:00,68798.21000000,68918.22000000,68338.90000000,68812.83000000,495.50759000
2026-02-16T12:00:00+00:00,68812.84000000,69848.48000000,68807.54000000,69763.24000000,1602.28029000
2026-02-16T13:00:00+00:00,69763.24000000,70126.67000000,68225.00000000,68395.10000000,1720.62066000
2026-02-16T14:00:00+00:00,68395.11000000,68718.30000000,68260.39000000,68427.64000000,1092.60040000
2026-02-16T15:00:00+00:00,68427.64000000,68607.22000000,67294.11000000,67539.52000000,2148.07022000
2026-02-16T16:00:00+00:00,67539.53000000,67974.86000000,67513.94000000,67888.70000000,895.58119000
2026-02-16T17:00:00+00:00,67888.70000000,68074.12000000,67600.93000000,67951.86000000,501.76328000
2026-02-16T18:00:00+00:00,67951.85000000,68245.34000000,67830.82000000,67860.13000000,606.24788000
2026-02-16T19:00:00+00:00,67860.13000000,68130.00000000,67824.91000000,67913.43000000,262.97624000
2026-02-16T20:00:00+00:00,67913.44000000,68549.14000000,67827.11000000,68530.00000000,457.58536000
2026-02-16T21:00:00+00:00,68530.00000000,68933.85000000,68427.18000000,68862.88000000,534.27425000
2026-02-16T22:00:00+00:00,68862.89000000,68890.00000000,68509.07000000,68591.02000000,556.75779000
2026-02-16T23:00:00+00:00,68591.01000000,68978.88000000,68538.57000000,68892.43000000,348.95355000
2026-02-17T00:00:00+00:00,68892.43000000,69042.74000000,68704.36000000,68878.27000000,476.69143000
2026-02-17T01:00:00+00:00,68878.27000000,68996.67000000,68563.16000000,68618.11000000,499.89142000
2026-02-17T02:00:00+00:00,68618.12000000,69241.50000000,68387.20000000,68838.48000000,625.65656000
2026-02-17T03:00:00+00:00,68838.48000000,68860.68000000,68470.00000000,68474.90000000,367.85689000
2026-02-17T04:00:00+00:00,68474.90000000,68707.49000000,68288.00000000,68481.67000000,329.69022000
2026-02-17T05:00:00+00:00,68481.68000000,68510.76000000,67892.00000000,68245.71000000,633.07748000
2026-02-17T06:00:00+00:00,68245.71000000,68519.99000000,68242.49000000,68400.00000000,230.38739000
2026-02-17T07:00:00+00:00,68400.01000000,68480.00000000,68165.02000000,68388.12000000,314.74756000
2026-02-17T08:00:00+00:00,68388.12000000,68479.17000000,68130.78000000,68177.53000000,285.96667000
2026-02-17T09:00:00+00:00,68177.53000000,68308.37000000,67992.03000000,68126.28000000,404.18575000
2026-02-17T10:00:00+00:00,68126.29000000,68194.46000000,67704.96000000,67845.30000000,504.39951000
2026-02-17T11:00:00+00:00,67845.30000000,67935.73000000,67690.00000000,67854.60000000,507.67784000
2026-02-17T12:00:00+00:00,67854.60000000,68299.40000000,67827.52000000,67919.49000000,607.94036000
2026-02-17T13:00:00+00:00,67919.49000000,68360.50000000,67734.36000000,68136.34000000,716.87733000
2026-02-17T14:00:00+00:00,68136.35000000,68337.60000000,66734.30000000,66875.06000000,2328.63639000
2026-02-17T15:00:00+00:00,66875.06000000,67409.99000000,66621.06000000,67392.05000000,2309.04130000
2026-02-17T16:00:00+00:00,67392.06000000,68158.10000000,67317.60000000,67517.36000000,1448.76651000
2026-02-17T17:00:00+00:00,67517.36000000,67714.28000000,66881.08000000,67244.22000000,1144.38591000
2026-02-17T18:00:00+00:00,67244.22000000,68227.41000000,67127.86000000,68098.62000000,824.93415000
2026-02-17T19:00:00+00:00,68098.63000000,68235.39000000,67695.45000000,67793.32000000,785.88027000
2026-02-17T20:00:00+00:00,67793.32000000,67928.08000000,67484.16000000,67753.30000000,471.88623000
2026-02-17T21:00:00+00:00,67753.30000000,67926.29000000,67538.00000000,67680.54000000,253.25027000
2026-02-17T22:00:00+00:00,67680.55000000,67788.42000000,67513.42000000,67527.72000000,176.97341000
2026-02-17T23:00:00+00:00,67527.72000000,67617.46000000,67394.00000000,67503.52000000,240.26836000
2026-02-18T00:00:00+00:00,67503.52000000,67627.97000000,67290.30000000,67302.65000000,186.99827000
2026-02-18T01:00:00+00:00,67302.65000000,67378.26000000,66892.03000000,67165.20000000,545.68830000
2026-02-18T02:00:00+00:00,67165.21000000,67421.99000000,67153.36000000,67335.04000000,250.64041000
2026-02-18T03:00:00+00:00,67335.04000000,67705.65000000,67326.98000000,67629.11000000,243.56061000
2026-02-18T04:00:00+00:00,67629.10000000,67900.00000000,67500.10000000,67823.54000000,328.68469000
2026-02-18T05:00:00+00:00,67823.55000000,67938.00000000,67606.45000000,67654.80000000,311.88419000
2026-02-18T06:00:00+00:00,67654.81000000,67976.51000000,67614.91000000,67850.52000000,264.75627000
2026-02-18T07:00:00+00:00,67850.53000000,68219.81000000,67702.70000000,68106.44000000,528.49446000
2026-02-18T08:00:00+00:00,68106.44000000,68476.22000000,68071.58000000,68132.82000000,532.69792000
2026-02-18T09:00:00+00:00,68132.83000000,68276.00000000,68010.11000000,68157.79000000,339.37122000
2026-02-18T10:00:00+00:00,68157.80000000,68184.41000000,67731.95000000,67801.26000000,395.11187000
2026-02-18T11:00:00+00:00,67801.26000000,67805.08000000,67076.90000000,67369.75000000,654.97357000
2026-02-18T12:00:00+00:00,67369.75000000,67689.76000000,67345.00000000,67458.06000000,459.50762000
2026-02-18T13:00:00+00:00,67458.06000000,67599.70000000,67051.81000000,67236.88000000,549.44565000
2026-02-18T14:00:00+00:00,67236.89000000,67362.26000000,66717.30000000,67223.76000000,1553.71672000
2026-02-18T15:00:00+00:00,67223.77000000,68347.72000000,67192.25000000,67694.01000000,1767.46696000
2026-02-18T16:00:00+00:00,67694.01000000,67706.94000000,66994.23000000,67145.34000000,1029.31402000
2026-02-18T17:00:00+00:00,67145.35000000,67486.97000000,67057.13000000,67187.39000000,676.97648000
2026-02-18T18:00:00+00:00,67187.40000000,67229.76000000,66200.00000000,66359.99000000,1304.49131000
2026-02-18T19:00:00+00:00,66360.00000000,66619.00000000,65870.00000000,66177.14000000,1301.14212000
2026-02-18T20:00:00+00:00,66177.15000000,66550.00000000,66141.90000000,66268.39000000,682.91387000
2026-02-18T21:00:00+00:00,66268.40000000,66504.20000000,66053.60000000,66342.76000000,909.37392000
2026-02-18T22:00:00+00:00,66342.76000000,66477.70000000,66232.02000000,66408.82000000,352.09134000
2026-02-18T23:00:00+00:00,66408.83000000,66502.49000000,66275.71000000,66461.00000000,323.13660000
2026-02-19T00:00:00+00:00,66461.00000000,66597.03000000,66345.00000000,66446.49000000,297.42224000
2026-02-19T01:00:00+00:00,66446.49000000,66884.16000000,66446.48000000,66866.62000000,415.14671000
2026-02-19T02:00:00+00:00,66866.63000000,66958.90000000,66639.99000000,66835.20000000,362.58869000
2026-02-19T03:00:00+00:00,66835.20000000,66997.07000000,66727.27000000,66980.91000000,262.07528000
2026-02-19T04:00:00+00:00,66980.91000000,67070.56000000,66759.00000000,66802.75000000,389.01702000
2026-02-19T05:00:00+00:00,66802.74000000,66893.06000000,66679.76000000,66871.35000000,253.79395000
2026-02-19T06:00:00+00:00,66871.34000000,67290.40000000,66865.43000000,67150.12000000,468.59633000
2026-02-19T07:00:00+00:00,67150.12000000,67320.00000000,67028.70000000,67206.45000000,481.75258000
2026-02-19T08:00:00+00:00,67206.45000000,67206.45000000,66785.56000000,66966.12000000,559.76369000
2026-02-19T09:00:00+00:00,66966.12000000,67191.83000000,66754.23000000,66836.00000000,463.29328000
2026-02-19T10:00:00+00:00,66836.01000000,66958.40000000,66741.77000000,66843.08000000,368.25421000
2026-02-19T11:00:00+00:00,66843.08000000,66936.42000000,66478.02000000,66496.02000000,488.02461000
2026-02-19T12:00:00+00:00,66496.03000000,66680.70000000,66325.34000000,66516.67000000,484.41025000
2026-02-19T13:00:00+00:00,66516.67000000,66556.59000000,65763.00000000,65913.37000000,1377.50527000
2026-02-19T14:00:00+00:00,65913.38000000,66662.30000000,65631.83000000,66421.20000000,1506.37269000
2026-02-19T15:00:00+00:00,66421.20000000,66755.39000000,65966.00000000,66398.00000000,1083.30553000
2026-02-19T16:00:00+00:00,66398.01000000,66514.95000000,65899.25000000,66293.53000000,940.96239000
2026-02-19T17:00:00+00:00,66293.53000000,67049.99000000,66173.15000000,66369.42000000,899.04062000
2026-02-19T18:00:00+00:00,66369.42000000,67073.13000000,66228.49000000,67030.49000000,865.51701000
2026-02-19T19:00:00+00:00,67030.50000000,67198.10000000,66700.00000000,67050.00000000,706.47789000
2026-02-19T20:00:00+00:00,67050.00000000,67166.98000000,66823.03000000,67149.11000000,444.88336000
2026-02-19T21:00:00+00:00,67149.11000000,67168.86000000,66900.92000000,66916.51000000,265.40447000
2026-02-19T22:00:00+00:00,66916.51000000,67000.00000000,66652.34000000,66915.14000000,854.02212000
2026-02-19T23:00:00+00:00,66915.15000000,67023.61000000,66814.76000000,67003.73000000,304.63969000
2026-02-20T00:00:00+00:00,67003.73000000,67486.62000000,66949.41000000,67228.91000000,595.00262000
2026-02-20T01:00:00+00:00,67228.91000000,67355.79000000,67150.00000000,67279.90000000,313.31598000
2026-02-20T02:00:00+00:00,67279.91000000,67347.76000000,67181.28000000,67242.03000000,232.09759000
2026-02-20T03:00:00+00:00,67242.03000000,67488.67000000,67241.24000000,67366.25000000,332.50492000
2026-02-20T04:00:00+00:00,67366.25000000,67402.23000000,67115.38000000,67264.83000000,362.39174000
2026-02-20T05:00:00+00:00,67264.83000000,68006.00000000,67203.19000000,67790.10000000,1107.38598000
2026-02-20T06:00:00+00:00,67790.11000000,67894.20000000,67660.12000000,67847.47000000,482.66553000
2026-02-20T07:00:00+00:00,67847.47000000,67990.00000000,67767.40000000,67825.91000000,459.03505000
2026-02-20T08:00:00+00:00,67825.91000000,67950.85000000,67747.33000000,67879.99000000,290.00035000
2026-02-20T09:00:00+00:00,67879.99000000,68230.01000000,67879.99000000,68218.85000000,996.78790000
2026-02-20T10:00:00+00:00,68218.85000000,68318.39000000,67843.42000000,67948.99000000,638.74258000
2026-02-20T11:00:00+00:00,67948.99000000,67983.91000000,67280.60000000,67318.41000000,1489.10389000
2026-02-20T12:00:00+00:00,67318.41000000,67594.00000000,67276.41000000,67541.77000000,603.15784000
2026-02-20T13:00:00+00:00,67541.78000000,67541.78000000,66280.20000000,66801.62000000,7078.59491000
2026-02-20T14:00:00+00:00,66801.62000000,67317.50000000,66532.87000000,67069.65000000,5263.48808000
2026-02-20T15:00:00+00:00,67069.65000000,68083.98000000,66536.64000000,67582.95000000,3143.21056000
2026-02-20T16:00:00+00:00,67582.95000000,67921.70000000,67283.24000000,67795.47000000,1312.90303000
2026-02-20T17:00:00+00:00,67795.48000000,67795.48000000,66952.11000000,67613.37000000,6085.15550000
2026-02-20T18:00:00+00:00,67613.38000000,68000.00000000,67466.11000000,67924.21000000,1321.63260000
2026-02-20T19:00:00+00:00,67924.22000000,68000.00000000,67548.85000000,67646.03000000,854.45567000
2026-02-20T20:00:00+00:00,67646.03000000,67885.55000000,67520.30000000,67750.40000000,685.93834000
2026-02-20T21:00:00+00:00,67750.40000000,67840.00000000,67639.29000000,67825.87000000,451.92527000
2026-02-20T22:00:00+00:00,67825.87000000,68116.60000000,67639.31000000,68078.13000000,669.63597000
2026-02-20T23:00:00+00:00,68078.13000000,68233.99000000,67914.00000000,68020.01000000,582.73901000
2026-02-21T00:00:00+00:00,68020.00000000,68051.16000000,67787.19000000,67841.00000000,537.54494000
2026-02-21T01:00:00+00:00,67841.00000000,68005.99000000,67841.00000000,67951.24000000,250.62697000
2026-02-21T02:00:00+00:00,67951.25000000,68099.54000000,67913.30000000,68001.05000000,224.56497000
2026-02-21T03:00:00+00:00,68001.04000000,68001.04000000,67534.69000000,67667.77000000,569.35853000
2026-02-21T04:00:00+00:00,67667.77000000,67846.88000000,67593.99000000,67816.97000000,228.62441000
2026-02-21T05:00:00+00:00,67816.98000000,67888.40000000,67799.70000000,67851.93000000,141.24714000
2026-02-21T06:00:00+00:00,67851.93000000,67924.39000000,67750.96000000,67793.38000000,228.15051000
2026-02-21T07:00:00+00:00,67793.39000000,67884.74000000,67749.59000000,67856.01000000,118.21011000
2026-02-21T08:00:00+00:00,67856.01000000,68079.41000000,67807.30000000,68055.03000000,293.16321000
2026-02-21T09:00:00+00:00,68055.04000000,68314.54000000,67978.90000000,68147.53000000,599.79254000
2026-02-21T10:00:00+00:00,68147.54000000,68250.00000000,68139.65000000,68215.54000000,212.21766000
2026-02-21T11:00:00+00:00,68215.55000000,68283.34000000,68084.00000000,68092.45000000,279.32431000
2026-02-21T12:00:00+00:00,68092.45000000,68218.20000000,67915.00000000,68203.42000000,307.88407000
2026-02-21T13:00:00+00:00,68203.42000000,68260.00000000,68106.89000000,68259.99000000,202.25945000
2026-02-21T14:00:00+00:00,68259.99000000,68644.00000000,68180.53000000,68450.01000000,880.51744000
2026-02-21T15:00:00+00:00,68450.01000000,68698.70000000,68417.00000000,68615.00000000,427.64440000
2026-02-21T16:00:00+00:00,68615.01000000,68630.76000000,68101.78000000,68322.60000000,658.49920000
2026-02-21T17:00:00+00:00,68322.61000000,68474.01000000,68200.00000000,68437.45000000,212.23015000
2026-02-21T18:00:00+00:00,68437.45000000,68644.00000000,68383.08000000,68574.00000000,320.28262000
2026-02-21T19:00:00+00:00,68573.99000000,68658.50000000,68526.81000000,68543.51000000,219.15242000
2026-02-21T20:00:00+00:00,68543.51000000,68605.63000000,68190.00000000,68211.19000000,369.37236000
2026-02-21T21:00:00+00:00,68211.19000000,68390.93000000,68183.10000000,68379.95000000,170.62817000
2026-02-21T22:00:00+00:00,68379.95000000,68437.56000000,67900.00000000,67972.00000000,378.72918000
2026-02-21T23:00:00+00:00,67972.00000000,68124.54000000,67941.02000000,67975.93000000,202.81655000
2026-02-22T00:00:00+00:00,67975.93000000,68060.40000000,67809.78000000,67946.00000000,294.60551000
2026-02-22T01:00:00+00:00,67946.00000000,68171.46000000,67945.99000000,68159.31000000,265.09117000
2026-02-22T02:00:00+00:00,68159.32000000,68222.16000000,67872.76000000,67909.68000000,289.41881000
2026-02-22T03:00:00+00:00,67909.67000000,68062.03000000,67824.90000000,68041.43000000,265.36653000
2026-02-22T04:00:00+00:00,68041.42000000,68086.00000000,67966.52000000,67983.50000000,199.56269000
2026-02-22T05:00:00+00:00,67983.50000000,68011.75000000,67881.81000000,67977.52000000,154.76424000
2026-02-22T06:00:00+00:00,67977.52000000,68178.79000000,67972.89000000,68038.13000000,303.09242000
2026-02-22T07:00:00+00:00,68038.14000000,68095.57000000,67990.50000000,68005.30000000,266.37265000
2026-02-22T08:00:00+00:00,68005.30000000,68019.46000000,67912.02000000,67950.10000000,183.66090000
2026-02-22T09:00:00+00:00,67950.11000000,68101.46000000,67948.74000000,68053.32000000,173.06503000
2026-02-22T10:00:00+00:00,68053.33000000,68153.20000000,68012.78000000,68129.56000000,204.92643000
2026-02-22T11:00:00+00:00,68129.57000000,68245.00000000,68129.56000000,68219.97000000,171.48901000
2026-02-22T12:00:00+00:00,68219.97000000,68232.40000000,67871.59000000,67928.22000000,372.42816000
2026-02-22T13:00:00+00:00,67928.23000000,68040.80000000,67571.08000000,67652.38000000,679.59468000
2026-02-22T14:00:00+00:00,67652.38000000,67682.47000000,67353.75000000,67443.89000000,825.57077000
2026-02-22T15:00:00+00:00,67443.89000000,67813.20000000,67303.50000000,67684.14000000,653.63970000
2026-02-22T16:00:00+00:00,67684.15000000,67718.13000000,67513.83000000,67632.76000000,299.27720000
2026-02-22T17:00:00+00:00,67632.76000000,67635.22000000,67190.00000000,67384.49000000,691.10182000
2026-02-22T18:00:00+00:00,67384.48000000,67461.41000000,67313.54000000,67422.62000000,362.52705000
2026-02-22T19:00:00+00:00,67422.63000000,67488.70000000,67403.37000000,67428.32000000,222.75597000
2026-02-22T20:00:00+00:00,67428.32000000,67491.96000000,67350.00000000,67401.74000000,272.50364000
2026-02-22T21:00:00+00:00,67401.74000000,67643.94000000,67401.74000000,67612.66000000,235.86316000
2026-02-22T22:00:00+00:00,67612.66000000,67751.44000000,67485.34000000,67666.16000000,369.66378000
2026-02-22T23:00:00+00:00,67666.16000000,67730.98000000,67469.58000000,67643.40000000,418.79352000
2026-02-23T00:00:00+00:00,67643.39000000,67684.86000000,66715.01000000,66740.47000000,765.22691000
2026-02-23T01:00:00+00:00,66740.47000000,66740.47000000,64290.71000000,64427.65000000,7324.06208000
2026-02-23T02:00:00+00:00,64427.64000000,64916.85000000,64325.98000000,64783.56000000,1843.25690000
2026-02-23T03:00:00+00:00,64783.56000000,65079.79000000,64700.00000000,64934.17000000,1090.11911000
2026-02-23T04:00:00+00:00,64934.18000000,65040.29000000,64685.64000000,64808.31000000,792.86138000
2026-02-23T05:00:00+00:00,64808.31000000,65294.80000000,64796.85000000,65070.90000000,1215.18940000
2026-02-23T06:00:00+00:00,65070.90000000,65802.09000000,65033.90000000,65757.32000000,1085.08146000
2026-02-23T07:00:00+00:00,65757.33000000,66015.22000000,65641.55000000,65958.94000000,1026.69503000
2026-02-23T08:00:00+00:00,65958.94000000,65958.94000000,65565.78000000,65676.44000000,895.54696000
2026-02-23T09:00:00+00:00,65676.44000000,66456.50000000,65672.76000000,66404.91000000,974.96031000
2026-02-23T10:00:00+00:00,66404.92000000,66600.00000000,66220.00000000,66319.69000000,789.04200000
2026-02-23T11:00:00+00:00,66319.69000000,66487.37000000,66114.22000000,66207.23000000,534.45165000
2026-02-23T12:00:00+00:00,66207.23000000,66511.51000000,65886.51000000,66280.40000000,754.07687000
2026-02-23T13:00:00+00:00,66280.40000000,66430.52000000,66103.35000000,66132.66000000,807.41354000
2026-02-23T14:00:00+00:00,66132.65000000,66264.95000000,65529.73000000,65923.53000000,971.74614000
2026-02-23T15:00:00+00:00,65923.52000000,66250.00000000,65579.53000000,65660.10000000,1263.10354000
2026-02-23T16:00:00+00:00,65660.10000000,65724.28000000,65178.83000000,65364.65000000,1502.46383000
2026-02-23T17:00:00+00:00,65364.66000000,65451.01000000,64152.04000000,64813.26000000,2524.78940000
2026-02-23T18:00:00+00:00,64813.27000000,65194.51000000,64586.00000000,64635.49000000,994.68933000
2026-02-23T19:00:00+00:00,64635.49000000,64855.18000000,64048.71000000,64295.10000000,2158.00321000
2026-02-23T20:00:00+00:00,64295.11000000,64487.94000000,63888.79000000,64473.14000000,1313.21455000
2026-02-23T21:00:00+00:00,64473.14000000,64783.54000000,64459.44000000,64580.66000000,593.24685000
2026-02-23T22:00:00+00:00,64580.66000000,65035.98000000,64555.59000000,64725.56000000,1451.85665000
2026-02-23T23:00:00+00:00,64725.56000000,64900.63000000,64538.90000000,64656.02000000,404.81213000
2026-02-24T00:00:00+00:00,64656.01000000,65026.75000000,64656.01000000,64941.43000000,437.59997000
2026-02-24T01:00:00+00:00,64941.42000000,64941.42000000,63433.84000000,64160.27000000,2402.75927000
2026-02-24T02:00:00+00:00,64160.26000000,64500.00000000,64000.00000000,64109.81000000,599.63527000
2026-02-24T03:00:00+00:00,64109.80000000,64109.80000000,63342.90000000,63595.51000000,1312.76931000
2026-02-24T04:00:00+00:00,63595.51000000,63628.52000000,62868.69000000,63378.84000000,2096.91050000
2026-02-24T05:00:00+00:00,63378.84000000,63551.58000000,62700.80000000,63104.79000000,1274.07037000
2026-02-24T06:00:00+00:00,63104.79000000,63322.28000000,62900.00000000,63082.79000000,677.94768000
2026-02-24T07:00:00+00:00,63082.79000000,63367.20000000,62866.42000000,63192.96000000,890.96125000
2026-02-24T08:00:00+00:00,63192.79000000,63444.66000000,63009.92000000,63392.15000000,669.14656000
2026-02-24T09:00:00+00:00,63392.15000000,63411.80000000,62908.92000000,63249.99000000,657.17066000
2026-02-24T10:00:00+00:00,63250.00000000,63369.71000000,63112.70000000,63284.50000000,447.19211000
2026-02-24T11:00:00+00:00,63284.51000000,63317.95000000,63063.63000000,63227.10000000,461.08382000
2026-02-24T12:00:00+00:00,63227.11000000,63343.59000000,62965.21000000,62969.05000000,642.15852000
2026-02-24T13:00:00+00:00,62969.04000000,63100.00000000,62510.28000000,62900.00000000,2362.19948000
2026-02-24T14:00:00+00:00,62900.01000000,63834.21000000,62762.03000000,63453.99000000,1408.18955000
2026-02-24T15:00:00+00:00,63454.00000000,64031.76000000,63300.00000000,63973.97000000,1127.10688000
2026-02-24T16:00:00+00:00,63973.98000000,64428.90000000,63689.54000000,64265.52000000,1423.20973000
2026-02-24T17:00:00+00:00,64265.53000000,64520.00000000,64042.80000000,64219.71000000,1017.32505000
2026-02-24T18:00:00+00:00,64219.70000000,64500.00000000,63872.72000000,64435.06000000,809.89318000
2026-02-24T19:00:00+00:00,64435.05000000,64743.11000000,64250.52000000,64435.03000000,722.29463000
2026-02-24T20:00:00+00:00,64435.03000000,64591.99000000,64318.03000000,64472.90000000,409.22444000
2026-02-24T21:00:00+00:00,64472.90000000,64472.90000000,63820.50000000,64042.66000000,576.40912000
2026-02-24T22:00:00+00:00,64042.66000000,64227.81000000,63973.79000000,64120.95000000,288.16182000
2026-02-24T23:00:00+00:00,64120.96000000,64248.65000000,63853.99000000,64058.15000000,389.41705000
2026-02-25T00:00:00+00:00,64058.15000000,64319.29000000,63913.27000000,64224.30000000,292.38037000
2026-02-25T01:00:00+00:00,64224.29000000,66300.00000000,64145.20000000,65896.75000000,2840.08056000
2026-02-25T02:00:00+00:00,65896.74000000,66310.00000000,65866.66000000,65884.83000000,1252.91602000
2026-02-25T03:00:00+00:00,65884.84000000,65955.87000000,65350.28000000,65391.73000000,801.79518000
2026-02-25T04:00:00+00:00,65391.74000000,65650.00000000,65116.65000000,65457.99000000,723.49717000
2026-02-25T05:00:00+00:00,65458.00000000,65511.21000000,64755.26000000,64882.76000000,831.61343000
2026-02-25T06:00:00+00:00,64882.77000000,65124.04000000,64865.78000000,64898.22000000,394.76962000
2026-02-25T07:00:00+00:00,64898.22000000,65193.25000000,64781.18000000,65028.30000000,682.59011000
2026-02-25T08:00:00+00:00,65028.30000000,65586.87000000,64955.79000000,65530.49000000,694.36389000
2026-02-25T09:00:00+00:00,65530.48000000,65692.62000000,65396.47000000,65558.71000000,545.80832000
2026-02-25T10:00:00+00:00,65558.71000000,65648.74000000,65345.00000000,65400.87000000,315.12553000
2026-02-25T11:00:00+00:00,65400.87000000,65485.91000000,65200.80000000,65430.04000000,442.60010000
2026-02-25T12:00:00+00:00,65430.04000000,66240.00000000,65324.62000000,66068.94000000,1316.71816000
2026-02-25T13:00:00+00:00,66068.94000000,66684.10000000,66025.39000000,66248.62000000,1860.04287000
2026-02-25T14:00:00+00:00,66248.63000000,67009.78000000,66202.66000000,66973.20000000,2180.16784000
2026-02-25T15:00:00+00:00,66973.19000000,67578.00000000,66715.13000000,67412.33000000,2522.90832000
2026-02-25T16:00:00+00:00,67412.32000000,68332.00000000,67404.00000000,68297.35000000,2059.42933000
2026-02-25T17:00:00+00:00,68297.35000000,68879.96000000,68016.53000000,68674.20000000,2463.18666000
2026-02-25T18:00:00+00:00,68674.20000000,69550.00000000,68373.33000000,69328.07000000,2105.00773000
2026-02-25T19:00:00+00:00,69328.06000000,69406.93000000,68764.94000000,69038.26000000,1672.83962000
2026-02-25T20:00:00+00:00,69038.26000000,69374.95000000,68619.22000000,69148.69000000,1076.93003000
2026-02-25T21:00:00+00:00,69148.69000000,69988.83000000,68773.83000000,68919.72000000,1562.11950000
2026-02-25T22:00:00+00:00,68919.72000000,69176.00000000,68055.91000000,68432.13000000,1092.88431000
2026-02-25T23:00:00+00:00,68432.13000000,68696.97000000,67600.00000000,67988.04000000,1020.21792000
2026-02-26T00:00:00+00:00,67988.04000000,68539.17000000,67727.52000000,68335.99000000,1134.56842000
2026-02-26T01:00:00+00:00,68335.99000000,68700.00000000,68210.35000000,68248.30000000,619.19035000
2026-02-26T02:00:00+00:00,68248.30000000,68351.00000000,67779.93000000,68257.45000000,833.19410000
2026-02-26T03:00:00+00:00,68257.46000000,68379.59000000,68044.18000000,68216.86000000,408.51743000
2026-02-26T04:00:00+00:00,68216.87000000,68860.00000000,68179.62000000,68571.36000000,587.55874000
2026-02-26T05:00:00+00:00,68571.36000000,68571.37000000,68127.58000000,68443.81000000,486.81983000
2026-02-26T06:00:00+00:00,68443.82000000,68522.00000000,68042.90000000,68176.75000000,618.63359000
2026-02-26T07:00:00+00:00,68176.75000000,68290.18000000,67817.87000000,67825.04000000,840.14406000
2026-02-26T08:00:00+00:00,67825.05000000,68236.00000000,67792.00000000,67954.01000000,761.69108000
2026-02-26T09:00:00+00:00,67954.00000000,68644.59000000,67933.25000000,68589.41000000,1095.31619000
2026-02-26T10:00:00+00:00,68589.41000000,68722.64000000,68257.64000000,68301.62000000,688.66072000
2026-02-26T11:00:00+00:00,68301.61000000,68404.25000000,67965.46000000,68051.31000000,722.94931000
2026-02-26T12:00:00+00:00,68051.30000000,68303.83000000,68009.88000000,68171.56000000,642.07881000
2026-02-26T13:00:00+00:00,68171.55000000,68213.98000000,67848.69000000,67905.35000000,698.96783000
2026-02-26T14:00:00+00:00,67905.34000000,68272.21000000,67264.22000000,67697.74000000,1769.26733000
2026-02-26T15:00:00+00:00,67696.89000000,67743.36000000,66761.16000000,67382.00000000,2095.88140000
2026-02-26T16:00:00+00:00,67382.00000000,67566.85000000,66500.00000000,66643.55000000,2050.20093000
2026-02-26T17:00:00+00:00,66643.56000000,67044.10000000,66600.46000000,66826.80000000,885.82755000
2026-02-26T18:00:00+00:00,66826.80000000,67373.90000000,66575.73000000,67310.53000000,1058.47196000
2026-02-26T19:00:00+00:00,67310.53000000,67903.12000000,67285.99000000,67589.22000000,1235.95013000
2026-02-26T20:00:00+00:00,67589.21000000,67831.11000000,67269.42000000,67414.07000000,597.88987000
2026-02-26T21:00:00+00:00,67414.07000000,67575.97000000,67150.14000000,67463.65000000,299.84732000
2026-02-26T22:00:00+00:00,67463.65000000,67630.22000000,67301.75000000,67572.30000000,291.63360000
2026-02-26T23:00:00+00:00,67572.30000000,67656.11000000,67390.65000000,67485.18000000,314.51737000
2026-02-27T00:00:00+00:00,67485.19000000,67537.84000000,67000.00000000,67226.50000000,462.91030000
2026-02-27T01:00:00+00:00,67226.50000000,67398.86000000,66885.00000000,67352.26000000,818.15438000
2026-02-27T02:00:00+00:00,67352.26000000,67546.15000000,67263.56000000,67266.58000000,463.09611000
2026-02-27T03:00:00+00:00,67266.58000000,67712.16000000,67099.71000000,67600.84000000,415.67371000
2026-02-27T04:00:00+00:00,67600.84000000,68216.80000000,67578.67000000,67747.49000000,1318.53811000
2026-02-27T05:00:00+00:00,67747.49000000,67924.00000000,67683.30000000,67724.99000000,411.56603000
2026-02-27T06:00:00+00:00,67725.00000000,67823.90000000,67525.46000000,67658.14000000,398.60368000
2026-02-27T07:00:00+00:00,67658.14000000,67774.48000000,67459.30000000,67690.60000000,896.56486000
2026-02-27T08:00:00+00:00,67690.60000000,68079.83000000,67655.86000000,67926.24000000,712.98047000
2026-02-27T09:00:00+00:00,67926.25000000,68149.93000000,67284.22000000,67355.73000000,1377.29020000
2026-02-27T10:00:00+00:00,67355.72000000,67416.78000000,66574.00000000,66604.91000000,1414.83211000
2026-02-27T11:00:00+00:00,66604.90000000,66778.68000000,65960.01000000,66126.99000000,1399.59256000
2026-02-27T12:00:00+00:00,66126.99000000,66217.42000000,65734.71000000,65928.01000000,1855.03329000
2026-02-27T13:00:00+00:00,65928.01000000,66344.90000000,65649.34000000,66270.55000000,1278.55317000
2026-02-27T14:00:00+00:00,66270.55000000,66334.87000000,65686.64000000,65887.59000000,1404.23206000
2026-02-27T15:00:00+00:00,65887.59000000,66311.11000000,65845.18000000,66095.40000000,957.11978000
2026-02-27T16:00:00+00:00,66095.40000000,66121.03000000,65462.93000000,65475.21000000,1135.56487000
2026-02-27T17:00:00+00:00,65475.21000000,65765.06000000,65113.72000000,65703.19000000,1265.39709000
2026-02-27T18:00:00+00:00,65703.18000000,65788.07000000,65228.33000000,65314.76000000,623.00837000
2026-02-27T19:00:00+00:00,65314.76000000,65457.35000000,65172.60000000,65392.18000000,851.95591000
2026-02-27T20:00:00+00:00,65392.18000000,65666.66000000,65392.18000000,65594.67000000,444.86468000
2026-02-27T21:00:00+00:00,65594.67000000,65749.94000000,65400.00000000,65527.59000000,282.65640000
2026-02-27T22:00:00+00:00,65527.59000000,65673.33000000,64914.46000000,65637.99000000,713.53490000
2026-02-27T23:00:00+00:00,65638.00000000,65953.20000000,65551.67000000,65872.10000000,326.86120000
2026-02-28T00:00:00+00:00,65872.09000000,66025.52000000,65721.13000000,65942.00000000,334.42449000
2026-02-28T01:00:00+00:00,65942.01000000,65971.93000000,65743.71000000,65770.36000000,267.81274000
2026-02-28T02:00:00+00:00,65770.36000000,66018.85000000,65761.94000000,65961.13000000,204.09288000
2026-02-28T03:00:00+00:00,65961.13000000,65982.34000000,65745.39000000,65797.42000000,239.41397000
2026-02-28T04:00:00+00:00,65797.42000000,65818.44000000,65488.00000000,65663.20000000,311.53682000
2026-02-28T05:00:00+00:00,65663.21000000,65729.65000000,65500.00000000,65591.03000000,300.20395000
2026-02-28T06:00:00+00:00,65591.03000000,65591.04000000,63030.00000000,63216.01000000,3175.19445000
2026-02-28T07:00:00+00:00,63216.01000000,64327.22000000,63038.00000000,63826.00000000,2127.97927000
2026-02-28T08:00:00+00:00,63825.99000000,63877.09000000,63411.39000000,63473.28000000,1118.13838000
2026-02-28T09:00:00+00:00,63473.27000000,64005.35000000,63372.10000000,63658.54000000,737.11739000
2026-02-28T10:00:00+00:00,63658.55000000,64053.93000000,63452.64000000,64010.39000000,1633.42712000
2026-02-28T11:00:00+00:00,64010.38000000,64307.44000000,63791.25000000,63844.20000000,1245.63976000
2026-02-28T12:00:00+00:00,63844.20000000,64082.66000000,63827.20000000,64017.19000000,474.84169000
2026-02-28T13:00:00+00:00,64017.18000000,65216.97000000,63888.89000000,65106.44000000,1748.13055000
2026-02-28T14:00:00+00:00,65106.45000000,65360.51000000,64278.50000000,64435.61000000,1331.97244000
2026-02-28T15:00:00+00:00,64435.62000000,65020.75000000,64200.00000000,64841.18000000,731.53889000
2026-02-28T16:00:00+00:00,64841.17000000,65206.25000000,64681.81000000,65094.30000000,500.23365000
2026-02-28T17:00:00+00:00,65094.29000000,65555.00000000,64828.03000000,65442.62000000,595.58409000
2026-02-28T18:00:00+00:00,65442.61000000,66157.61000000,65185.70000000,65911.84000000,830.58148000
2026-02-28T19:00:00+00:00,65911.83000000,66666.65000000,65602.65000000,66362.01000000,1072.73124000
2026-02-28T20:00:00+00:00,66362.01000000,67151.68000000,66190.61000000,66959.62000000,840.13263000
2026-02-28T21:00:00+00:00,66959.63000000,67055.56000000,66368.42000000,66723.22000000,934.75984000
2026-02-28T22:00:00+00:00,66723.23000000,67760.00000000,66608.82000000,67103.64000000,1310.09118000
2026-02-28T23:00:00+00:00,67103.63000000,67210.00000000,66733.73000000,66973.26000000,483.13759000
2026-03-01T00:00:00+00:00,66973.26000000,67121.80000000,66620.50000000,66791.29000000,560.35194000
2026-03-01T01:00:00+00:00,66791.29000000,67703.32000000,66042.72000000,67339.36000000,1630.19028000
2026-03-01T02:00:00+00:00,67339.36000000,68199.99000000,67339.36000000,67620.65000000,1861.82270000
2026-03-01T03:00:00+00:00,67620.65000000,67813.33000000,67400.00000000,67502.16000000,637.99716000
2026-03-01T04:00:00+00:00,67502.16000000,67612.14000000,67079.36000000,67346.50000000,631.60541000
2026-03-01T05:00:00+00:00,67346.50000000,67574.65000000,67200.00000000,67292.09000000,437.89406000
2026-03-01T06:00:00+00:00,67292.08000000,67345.80000000,66749.35000000,66926.68000000,1159.96329000
2026-03-01T07:00:00+00:00,66926.69000000,67235.72000000,66784.58000000,67141.39000000,937.93278000
2026-03-01T08:00:00+00:00,67141.40000000,67292.30000000,66389.33000000,66560.14000000,1475.81311000
2026-03-01T09:00:00+00:00,66560.14000000,66771.10000000,66246.95000000,66410.08000000,815.73368000
2026-03-01T10:00:00+00:00,66410.09000000,66731.47000000,66215.71000000,66467.06000000,621.17753000
2026-03-01T11:00:00+00:00,66467.07000000,66661.61000000,66372.27000000,66468.03000000,338.19615000
2026-03-01T12:00:00+00:00,66468.04000000,66550.00000000,66241.97000000,66296.48000000,388.82935000
2026-03-01T13:00:00+00:00,66296.48000000,67360.57000000,66132.27000000,66934.79000000,1311.02111000
2026-03-01T14:00:00+00:00,66934.80000000,67320.19000000,66752.58000000,66847.80000000,911.62631000
2026-03-01T15:00:00+00:00,66847.80000000,67243.69000000,66828.60000000,66842.42000000,1028.55576000
2026-03-01T16:00:00+00:00,66842.42000000,67112.37000000,65730.28000000,66135.45000000,1500.74296000
2026-03-01T17:00:00+00:00,66135.45000000,66219.77000000,65699.98000000,65979.61000000,952.19730000
2026-03-01T18:00:00+00:00,65979.61000000,66657.44000000,65979.61000000,66316.83000000,906.08265000
2026-03-01T19:00:00+00:00,66316.84000000,66345.95000000,65772.29000000,65962.17000000,541.15631000
2026-03-01T20:00:00+00:00,65962.16000000,65962.16000000,65084.02000000,65300.00000000,961.21349000
2026-03-01T21:00:00+00:00,65300.01000000,65756.50000000,65281.83000000,65666.20000000,996.50526000
2026-03-01T22:00:00+00:00,65666.19000000,66491.43000000,65056.00000000,65268.71000000,1763.29476000
2026-03-01T23:00:00+00:00,65268.71000000,66080.00000000,65125.67000000,65776.47000000,831.95524000
2026-03-02T00:00:00+00:00,65776.48000000,66796.44000000,65761.04000000,66501.52000000,990.08260000
2026-03-02T01:00:00+00:00,66501.52000000,67079.00000000,66358.45000000,66532.02000000,886.93071000
2026-03-02T02:00:00+00:00,66532.02000000,66609.94000000,65890.50000000,66276.77000000,554.16265000
2026-03-02T03:00:00+00:00,66276.77000000,67037.22000000,66101.07000000,66820.03000000,509.41240000
2026-03-02T04:00:00+00:00,66820.03000000,66975.74000000,66633.13000000,66862.12000000,750.65203000
2026-03-02T05:00:00+00:00,66862.11000000,66995.64000000,66547.81000000,66730.78000000,887.19458000
2026-03-02T06:00:00+00:00,66730.78000000,66739.45000000,66062.83000000,66204.90000000,677.75967000
2026-03-02T07:00:00+00:00,66204.90000000,66209.46000000,65542.60000000,66007.52000000,1294.85905000
2026-03-02T08:00:00+00:00,66007.80000000,66306.00000000,65654.54000000,66282.00000000,1104.41132000
2026-03-02T09:00:00+00:00,66281.99000000,66720.84000000,66164.96000000,66168.62000000,1786.28426000
2026-03-02T10:00:00+00:00,66168.61000000,66381.74000000,66079.24000000,66316.40000000,436.29038000
2026-03-02T11:00:00+00:00,66316.39000000,66462.40000000,66003.59000000,66359.68000000,1034.77975000
2026-03-02T12:00:00+00:00,66359.67000000,66391.38000000,65874.92000000,65963.43000000,763.09374000
2026-03-02T13:00:00+00:00,65963.43000000,66157.28000000,65350.00000000,65440.01000000,1576.81345000
2026-03-02T14:00:00+00:00,65440.01000000,67220.81000000,65259.21000000,67177.06000000,3015.13713000
2026-03-02T15:00:00+00:00,67177.05000000,69617.74000000,66975.29000000,69130.20000000,5476.56874000
2026-03-02T16:00:00+00:00,69130.20000000,70096.00000000,68933.69000000,69428.62000000,3440.03188000
2026-03-02T17:00:00+00:00,69428.62000000,69578.00000000,68793.88000000,69198.00000000,1445.44150000
2026-03-02T18:00:00+00:00,69198.00000000,69268.15000000,68727.83000000,68877.67000000,1055.74310000
2026-03-02T19:00:00+00:00,68877.67000000,69049.32000000,68576.18000000,68966.53000000,886.89114000
2026-03-02T20:00:00+00:00,68966.52000000,69505.00000000,68584.90000000,69106.58000000,1028.13825000
2026-03-02T21:00:00+00:00,69106.58000000,69539.77000000,69000.71000000,69413.82000000,441.38382000
2026-03-02T22:00:00+00:00,69413.82000000,69501.62000000,69136.36000000,69440.49000000,1330.59238000
2026-03-02T23:00:00+00:00,69440.48000000,69479.58000000,68740.00000000,68830.06000000,637.72978000
2026-03-03T00:00:00+00:00,68830.06000000,69166.61000000,68644.38000000,69092.88000000,602.91075000
2026-03-03T01:00:00+00:00,69092.89000000,69258.08000000,68755.00000000,68760.01000000,452.46998000
2026-03-03T02:00:00+00:00,68760.01000000,68774.13000000,68210.71000000,68512.17000000,848.26905000
2026-03-03T03:00:00+00:00,68512.17000000,68550.00000000,68231.47000000,68377.94000000,458.44735000
2026-03-03T04:00:00+00:00,68377.94000000,68454.63000000,68050.11000000,68123.20000000,436.46143000
2026-03-03T05:00:00+00:00,68123.19000000,68617.42000000,67845.84000000,67947.75000000,913.85345000
2026-03-03T06:00:00+00:00,67947.75000000,68250.24000000,67800.00000000,68106.73000000,821.19287000
2026-03-03T07:00:00+00:00,68106.73000000,68275.20000000,67951.24000000,68172.80000000,1165.60519000
2026-03-03T08:00:00+00:00,68172.79000000,68311.83000000,66905.00000000,67003.30000000,1883.45220000
2026-03-03T09:00:00+00:00,67003.30000000,67184.71000000,66340.14000000,66647.98000000,1767.88336000
2026-03-03T10:00:00+00:00,66647.98000000,67030.75000000,66440.46000000,66860.30000000,1159.50732000
2026-03-03T11:00:00+00:00,66860.30000000,67166.50000000,66779.37000000,67026.61000000,1271.91624000
2026-03-03T12:00:00+00:00,67026.60000000,67973.20000000,67025.93000000,67399.85000000,1323.51079000
2026-03-03T13:00:00+00:00,67399.85000000,67435.00000000,66635.30000000,66931.31000000,709.75818000
2026-03-03T14:00:00+00:00,66931.32000000,67603.94000000,66158.00000000,66568.95000000,1714.82463000
2026-03-03T15:00:00+00:00,66568.95000000,67834.93000000,66471.79000000,67725.81000000,1695.19520000
2026-03-03T16:00:00+00:00,67725.82000000,68999.00000000,67473.09000000,68175.90000000,2581.91143000
2026-03-03T17:00:00+00:00,68175.89000000,68400.00000000,67626.53000000,68318.66000000,982.14848000
2026-03-03T18:00:00+00:00,68318.66000000,68914.01000000,67976.47000000,68628.49000000,974.13002000
2026-03-03T19:00:00+00:00,68628.50000000,68888.88000000,68312.83000000,68435.00000000,946.51026000
2026-03-03T20:00:00+00:00,68435.00000000,68591.24000000,68092.10000000,68266.00000000,592.99873000
2026-03-03T21:00:00+00:00,68265.99000000,68265.99000000,67832.30000000,68024.62000000,519.92364000
2026-03-03T22:00:00+00:00,68024.63000000,68524.54000000,68024.62000000,68327.20000000,573.87256000
2026-03-03T23:00:00+00:00,68327.20000000,68860.00000000,68245.64000000,68338.00000000,575.48869000
2026-03-04T00:00:00+00:00,68338.01000000,68413.90000000,67857.61000000,68093.19000000,767.61923000
2026-03-04T01:00:00+00:00,68093.20000000,68909.34000000,67963.28000000,68405.00000000,1294.62328000
2026-03-04T02:00:00+00:00,68405.00000000,68447.72000000,67984.56000000,68323.33000000,798.11328000
2026-03-04T03:00:00+00:00,68323.33000000,68383.63000000,67400.00000000,67732.20000000,954.50771000
2026-03-04T04:00:00+00:00,67732.19000000,67954.89000000,67467.60000000,67786.00000000,1066.38980000
2026-03-04T05:00:00+00:00,67786.00000000,68397.84000000,67682.64000000,68206.59000000,666.28769000
2026-03-04T06:00:00+00:00,68206.58000000,68678.76000000,68048.63000000,68508.02000000,1288.48108000
2026-03-04T07:00:00+00:00,68508.02000000,69668.00000000,68349.49000000,69493.13000000,2067.68212000
2026-03-04T08:00:00+00:00,69493.14000000,71163.00000000,69098.91000000,71011.40000000,4675.35650000
2026-03-04T09:00:00+00:00,71011.40000000,71893.00000000,70724.26000000,71520.76000000,4196.19004000
2026-03-04T10:00:00+00:00,71520.76000000,71878.17000000,71200.00000000,71348.92000000,2079.39146000
2026-03-04T11:00:00+00:00,71348.92000000,71499.75000000,70928.25000000,71111.40000000,1195.15977000
2026-03-04T12:00:00+00:00,71111.40000000,71364.14000000,70588.00000000,71339.71000000,1486.53558000
2026-03-04T13:00:00+00:00,71339.72000000,71624.99000000,71214.40000000,71477.17000000,1568.26840000
2026-03-04T14:00:00+00:00,71477.17000000,72633.00000000,71300.10000000,71621.04000000,4139.07950000
2026-03-04T15:00:00+00:00,71621.03000000,73479.75000000,71580.62000000,73396.88000000,4184.35996000
2026-03-04T16:00:00+00:00,73396.87000000,73500.00000000,72541.69000000,73294.84000000,2627.55973000
2026-03-04T17:00:00+00:00,73294.84000000,73759.99000000,72932.80000000,73218.92000000,2258.87830000
2026-03-04T18:00:00+00:00,73218.93000000,73700.00000000,72912.11000000,73693.50000000,1121.53690000
2026-03-04T19:00:00+00:00,73693.50000000,74050.00000000,73516.00000000,73611.10000000,2657.03129000
2026-03-04T20:00:00+00:00,73611.67000000,73716.00000000,73001.05000000,73019.68000000,904.52712000
2026-03-04T21:00:00+00:00,73019.69000000,73322.93000000,72878.00000000,73309.72000000,836.52696000
2026-03-04T22:00:00+00:00,73309.73000000,73523.31000000,72638.29000000,72705.86000000,894.79856000
2026-03-04T23:00:00+00:00,72705.86000000,72880.88000000,72313.04000000,72666.77000000,1190.17184000
2026-03-05T00:00:00+00:00,72666.77000000,73000.00000000,72553.65000000,72760.00000000,1004.77646000
2026-03-05T01:00:00+00:00,72759.99000000,73306.82000000,72409.10000000,72538.72000000,821.18852000
2026-03-05T02:00:00+00:00,72538.72000000,72916.50000000,72336.76000000,72506.19000000,628.62779000
2026-03-05T03:00:00+00:00,72506.18000000,72750.00000000,72344.51000000,72497.89000000,668.37206000
2026-03-05T04:00:00+00:00,72497.89000000,73081.08000000,72447.96000000,72815.70000000,750.00710000
2026-03-05T05:00:00+00:00,72815.70000000,72912.82000000,72260.74000000,72412.15000000,1085.89796000
2026-03-05T06:00:00+00:00,72412.15000000,72655.23000000,72037.56000000,72553.62000000,1063.10490000
2026-03-05T07:00:00+00:00,72553.63000000,72675.07000000,71759.95000000,72055.50000000,1447.01462000
2026-03-05T08:00:00+00:00,72055.50000000,72370.21000000,71757.17000000,72333.70000000,1421.17898000
2026-03-05T09:00:00+00:00,72333.70000000,72875.85000000,72298.83000000,72591.59000000,1160.78148000
2026-03-05T10:00:00+00:00,72591.59000000,73558.15000000,72517.06000000,73388.92000000,1589.26780000
2026-03-05T11:00:00+00:00,73388.91000000,73449.96000000,72766.75000000,72915.79000000,2091.15218000
2026-03-05T12:00:00+00:00,72915.80000000,73063.38000000,72666.93000000,72890.73000000,729.99152000
2026-03-05T13:00:00+00:00,72890.73000000,72935.30000000,72189.70000000,72467.79000000,1108.98859000
2026-03-05T14:00:00+00:00,72467.79000000,72835.73000000,71944.18000000,72609.29000000,1446.63499000
2026-03-05T15:00:00+00:00,72609.30000000,72770.00000000,71168.65000000,71652.77000000,2321.94313000
2026-03-05T16:00:00+00:00,71652.77000000,71654.65000000,70786.06000000,71305.92000000,1736.25108000
2026-03-05T17:00:00+00:00,71305.92000000,71572.00000000,70645.47000000,70704.41000000,1223.37093000
2026-03-05T18:00:00+00:00,70703.37000000,71090.32000000,70656.63000000,70990.65000000,720.55573000
2026-03-05T19:00:00+00:00,70990.66000000,71430.78000000,70870.00000000,70918.07000000,626.47744000
2026-03-05T20:00:00+00:00,70918.08000000,71394.45000000,70840.00000000,71236.51000000,496.74041000
2026-03-05T21:00:00+00:00,71236.51000000,71572.30000000,71023.52000000,71141.93000000,546.48691000
2026-03-05T22:00:00+00:00,71141.93000000,71364.45000000,71074.45000000,71208.54000000,834.62565000
2026-03-05T23:00:00+00:00,71208.54000000,71292.44000000,70777.00000000,70890.72000000,1067.07630000
2026-03-06T00:00:00+00:00,70891.02000000,71047.95000000,70784.00000000,70988.19000000,673.46080000
2026-03-06T01:00:00+00:00,70988.19000000,71301.74000000,70344.03000000,71257.20000000,1057.89391000
2026-03-06T02:00:00+00:00,71257.20000000,71419.98000000,71036.00000000,71252.43000000,752.48392000
2026-03-06T03:00:00+00:00,71252.43000000,71305.42000000,71000.00000000,71080.38000000,548.09403000
2026-03-06T04:00:00+00:00,71080.37000000,71120.17000000,70270.21000000,70613.61000000,667.82412000
2026-03-06T05:00:00+00:00,70613.61000000,70658.01000000,70143.19000000,70436.19000000,966.11543000
2026-03-06T06:00:00+00:00,70436.18000000,70853.37000000,70261.23000000,70597.23000000,672.31367000
2026-03-06T07:00:00+00:00,70597.23000000,71192.76000000,70468.97000000,71056.44000000,782.05786000
2026-03-06T08:00:00+00:00,71056.44000000,71067.58000000,70735.85000000,70789.49000000,569.42569000
2026-03-06T09:00:00+00:00,70789.49000000,70808.65000000,70300.00000000,70565.56000000,637.97560000
2026-03-06T10:00:00+00:00,70565.56000000,70800.00000000,70467.88000000,70527.93000000,469.81877000
2026-03-06T11:00:00+00:00,70527.93000000,70643.27000000,70184.01000000,70212.95000000,763.93539000
2026-03-06T12:00:00+00:00,70212.94000000,70224.84000000,69660.00000000,69907.00000000,1907.43626000
2026-03-06T13:00:00+00:00,69907.00000000,70341.76000000,69208.00000000,69208.00000000,2069.72961000
2026-03-06T14:00:00+00:00,69213.18000000,69273.87000000,68176.47000000,68409.89000000,3148.50679000
2026-03-06T15:00:00+00:00,68409.89000000,69100.00000000,68306.00000000,68504.71000000,1428.68549000
2026-03-06T16:00:00+00:00,68504.71000000,68795.44000000,68222.00000000,68446.52000000,955.00949000
2026-03-06T17:00:00+00:00,68446.52000000,68642.69000000,67744.78000000,67955.10000000,1236.78923000
2026-03-06T18:00:00+00:00,67955.10000000,68476.47000000,67955.10000000,68181.20000000,514.98068000
2026-03-06T19:00:00+00:00,68181.20000000,68485.01000000,68004.15000000,68131.79000000,617.63492000
2026-03-06T20:00:00+00:00,68131.79000000,68285.71000000,67777.00000000,68111.03000000,668.61830000
2026-03-06T21:00:00+00:00,68111.03000000,68333.33000000,67919.72000000,68289.10000000,604.80896000
2026-03-06T22:00:00+00:00,68289.11000000,68440.92000000,68221.38000000,68319.89000000,304.91261000
2026-03-06T23:00:00+00:00,68319.90000000,68371.24000000,68105.71000000,68114.02000000,611.37569000
2026-03-07T00:00:00+00:00,68114.02000000,68394.09000000,68105.73000000,68290.45000000,653.38105000
2026-03-07T01:00:00+00:00,68290.46000000,68369.11000000,68180.95000000,68262.01000000,316.06145000
2026-03-07T02:00:00+00:00,68262.01000000,68367.73000000,68060.60000000,68350.04000000,316.96409000
2026-03-07T03:00:00+00:00,68350.05000000,68551.04000000,68095.50000000,68095.50000000,450.32011000
2026-03-07T04:00:00+00:00,68095.50000000,68147.73000000,67817.00000000,68063.43000000,621.66509000
2026-03-07T05:00:00+00:00,68063.42000000,68140.49000000,67908.00000000,68018.26000000,493.88772000
2026-03-07T06:00:00+00:00,68018.27000000,68021.14000000,67612.21000000,67690.86000000,489.36583000
2026-03-07T07:00:00+00:00,67690.86000000,67865.23000000,67446.41000000,67842.67000000,768.74899000
2026-03-07T08:00:00+00:00,67842.67000000,68045.07000000,67720.98000000,67795.40000000,465.95331000
2026-03-07T09:00:00+00:00,67795.40000000,68074.97000000,67738.31000000,68000.00000000,332.46219000
2026-03-07T10:00:00+00:00,68000.00000000,68102.73000000,67870.43000000,67880.31000000,319.42039000
2026-03-07T11:00:00+00:00,67880.31000000,68232.27000000,67841.67000000,68010.01000000,372.24149000
2026-03-07T12:00:00+00:00,68010.00000000,68085.41000000,67900.01000000,67992.54000000,359.03867000
2026-03-07T13:00:00+00:00,67992.54000000,68081.16000000,67855.82000000,67931.06000000,318.23636000
2026-03-07T14:00:00+00:00,67931.06000000,68083.79000000,67609.44000000,68016.70000000,473.27443000
2026-03-07T15:00:00+00:00,68016.70000000,68034.67000000,67769.89000000,67877.45000000,577.84468000
2026-03-07T16:00:00+00:00,67877.45000000,67889.68000000,67702.20000000,67783.63000000,349.26910000
2026-03-07T17:00:00+00:00,67783.63000000,67935.01000000,67768.97000000,67788.41000000,217.68104000
2026-03-07T18:00:00+00:00,67788.40000000,67788.41000000,67480.00000000,67568.13000000,1180.24782000
2026-03-07T19:00:00+00:00,67568.13000000,67572.35000000,66915.26000000,67080.34000000,1312.23020000
2026-03-07T20:00:00+00:00,67080.33000000,67437.50000000,67068.01000000,67402.98000000,590.47118000
2026-03-07T21:00:00+00:00,67402.98000000,67483.05000000,67281.34000000,67452.98000000,638.99995000
2026-03-07T22:00:00+00:00,67452.97000000,67469.87000000,67101.31000000,67258.65000000,706.81324000
2026-03-07T23:00:00+00:00,67258.65000000,67403.85000000,67183.39000000,67262.91000000,394.96477000
2026-03-08T00:00:00+00:00,67262.91000000,67481.96000000,67181.04000000,67194.77000000,552.27054000
2026-03-08T01:00:00+00:00,67194.77000000,67353.57000000,67090.00000000,67297.27000000,565.85563000
2026-03-08T02:00:00+00:00,67297.27000000,67426.52000000,66833.58000000,66925.44000000,765.90711000
2026-03-08T03:00:00+00:00,66925.45000000,67083.10000000,66850.00000000,67000.26000000,999.40624000
2026-03-08T04:00:00+00:00,67000.26000000,67100.01000000,66547.15000000,66637.36000000,1206.88314000
2026-03-08T05:00:00+00:00,66637.35000000,67250.24000000,66617.76000000,67149.93000000,402.00353000
2026-03-08T06:00:00+00:00,67149.93000000,67231.86000000,67035.18000000,67161.52000000,246.63235000
2026-03-08T07:00:00+00:00,67161.52000000,67465.11000000,67154.91000000,67319.91000000,1010.57902000
2026-03-08T08:00:00+00:00,67319.90000000,67577.36000000,67156.93000000,67539.33000000,1008.62460000
2026-03-08T09:00:00+00:00,67539.34000000,67905.03000000,67474.00000000,67681.00000000,1111.87857000
2026-03-08T10:00:00+00:00,67681.00000000,68200.00000000,67680.99000000,67904.14000000,646.22527000
2026-03-08T11:00:00+00:00,67904.15000000,67904.15000000,67411.76000000,67515.00000000,536.67584000
2026-03-08T12:00:00+00:00,67515.00000000,67650.94000000,66888.00000000,67324.72000000,902.41572000
2026-03-08T13:00:00+00:00,67324.71000000,67431.81000000,66761.68000000,67234.86000000,1987.58970000
2026-03-08T14:00:00+00:00,67234.86000000,67426.69000000,67055.73000000,67339.76000000,695.31699000
2026-03-08T15:00:00+00:00,67339.75000000,67369.36000000,67080.00000000,67218.23000000,879.16155000
2026-03-08T16:00:00+00:00,67218.23000000,67268.44000000,66802.47000000,66872.15000000,538.75590000
2026-03-08T17:00:00+00:00,66872.15000000,67179.98000000,66800.01000000,67065.00000000,812.42846000
2026-03-08T18:00:00+00:00,67065.00000000,67076.00000000,66745.54000000,66804.00000000,487.97779000
2026-03-08T19:00:00+00:00,66803.99000000,67485.24000000,66779.82000000,67337.42000000,711.10669000
2026-03-08T20:00:00+00:00,67337.41000000,67609.08000000,67028.45000000,67238.80000000,1144.93227000
2026-03-08T21:00:00+00:00,67238.79000000,67266.00000000,66712.69000000,67020.01000000,959.03531000
2026-03-08T22:00:00+00:00,67020.01000000,67020.01000000,65618.49000000,66236.80000000,2742.02435000
2026-03-08T23:00:00+00:00,66236.80000000,66569.24000000,65930.30000000,65971.20000000,679.95244000
2026-03-09T00:00:00+00:00,65971.20000000,66773.00000000,65821.97000000,66370.01000000,951.35538000
2026-03-09T01:00:00+00:00,66370.01000000,66698.05000000,66131.25000000,66196.01000000,2263.78882000
2026-03-09T02:00:00+00:00,66196.01000000,66707.58000000,65959.00000000,66537.32000000,752.57114000
2026-03-09T03:00:00+00:00,66537.32000000,67668.64000000,66512.88000000,67205.05000000,1256.29482000
2026-03-09T04:00:00+00:00,67205.06000000,67610.00000000,67093.09000000,67130.14000000,848.47762000
2026-03-09T05:00:00+00:00,67131.10000000,68069.29000000,67113.02000000,67911.16000000,1145.71148000
2026-03-09T06:00:00+00:00,67911.15000000,67939.55000000,67236.78000000,67267.18000000,578.70307000
2026-03-09T07:00:00+00:00,67267.18000000,67575.81000000,66853.48000000,67555.13000000,1253.45589000
2026-03-09T08:00:00+00:00,67555.13000000,67929.19000000,67391.89000000,67814.69000000,1615.43129000
2026-03-09T09:00:00+00:00,67814.69000000,68460.09000000,67566.65000000,67981.02000000,1225.43841000
2026-03-09T10:00:00+00:00,67981.03000000,68088.92000000,67556.72000000,67608.13000000,687.12244000
2026-03-09T11:00:00+00:00,67608.13000000,67855.82000000,67344.45000000,67764.98000000,577.58612000
2026-03-09T12:00:00+00:00,67764.99000000,68348.26000000,67759.57000000,68151.93000000,970.32854000
2026-03-09T13:00:00+00:00,68151.93000000,69300.00000000,68133.93000000,68976.00000000,2460.13662000
2026-03-09T14:00:00+00:00,68975.80000000,69480.00000000,68696.28000000,69151.50000000,2377.05802000
2026-03-09T15:00:00+00:00,69151.50000000,69254.87000000,68717.86000000,68863.66000000,1995.45638000
2026-03-09T16:00:00+00:00,68863.67000000,69225.00000000,68614.47000000,68960.12000000,1086.01117000
2026-03-09T17:00:00+00:00,68960.12000000,69088.49000000,68270.34000000,68600.71000000,889.54053000
2026-03-09T18:00:00+00:00,68600.71000000,68705.76000000,68179.12000000,68356.37000000,1350.25926000
2026-03-09T19:00:00+00:00,68356.37000000,69516.65000000,68356.37000000,68991.93000000,1713.56623000
2026-03-09T20:00:00+00:00,68991.93000000,69145.28000000,68762.20000000,68961.71000000,507.40424000
2026-03-09T21:00:00+00:00,68961.15000000,69102.53000000,68660.94000000,68919.72000000,782.51759000
2026-03-09T22:00:00+00:00,68919.71000000,69030.56000000,68597.00000000,68635.88000000,943.05059000
2026-03-09T23:00:00+00:00,68635.88000000,68694.73000000,68384.69000000,68432.16000000,665.45565000
2026-03-10T00:00:00+00:00,68432.16000000,69290.42000000,68391.41000000,69157.37000000,1134.03591000
2026-03-10T01:00:00+00:00,69157.36000000,69389.06000000,68786.04000000,69260.01000000,1073.30020000
2026-03-10T02:00:00+00:00,69260.00000000,70578.29000000,69103.12000000,70272.01000000,2010.96480000
2026-03-10T03:00:00+00:00,70272.00000000,70370.86000000,69390.00000000,69429.85000000,1096.27179000
2026-03-10T04:00:00+00:00,69429.85000000,70132.27000000,69429.85000000,70072.94000000,1112.05227000
2026-03-10T05:00:00+00:00,70072.95000000,70355.06000000,69885.71000000,69971.34000000,874.03346000
2026-03-10T06:00:00+00:00,69971.34000000,70185.24000000,69750.62000000,69910.91000000,1140.99151000
2026-03-10T07:00:00+00:00,69910.91000000,70546.74000000,69805.70000000,70406.01000000,1780.20471000
2026-03-10T08:00:00+00:00,70406.01000000,71097.64000000,70369.00000000,70709.37000000,1852.19984000
2026-03-10T09:00:00+00:00,70709.37000000,71300.00000000,70653.24000000,71078.92000000,1664.83143000
2026-03-10T10:00:00+00:00,71078.92000000,71086.86000000,70660.89000000,70774.04000000,1808.06147000
2026-03-10T11:00:00+00:00,70774.04000000,70865.73000000,70540.40000000,70580.94000000,945.42456000
2026-03-10T12:00:00+00:00,70580.95000000,70628.19000000,70290.88000000,70519.86000000,702.95479000
2026-03-10T13:00:00+00:00,70519.86000000,70926.46000000,69723.25000000,69921.12000000,1644.54716000
2026-03-10T14:00:00+00:00,69921.12000000,71527.54000000,69266.06000000,71467.81000000,2553.72955000
2026-03-10T15:00:00+00:00,71467.81000000,71777.00000000,70900.05000000,71346.16000000,2098.87598000
2026-03-10T16:00:00+00:00,71346.17000000,71700.00000000,70943.31000000,71268.59000000,1291.34054000
2026-03-10T17:00:00+00:00,71268.58000000,71452.00000000,70512.64000000,70868.61000000,1383.62950000
2026-03-10T18:00:00+00:00,70868.62000000,70914.90000000,69901.00000000,70013.87000000,1837.40169000
2026-03-10T19:00:00+00:00,70013.87000000,70290.00000000,69739.00000000,70043.63000000,992.60769000
2026-03-10T20:00:00+00:00,70043.63000000,70350.00000000,70007.52000000,70235.60000000,671.88971000
2026-03-10T21:00:00+00:00,70236.34000000,70417.30000000,69541.91000000,69763.01000000,830.86870000
2026-03-10T22:00:00+00:00,69763.02000000,69869.90000000,69452.42000000,69721.58000000,937.20086000
2026-03-10T23:00:00+00:00,69721.58000000,69981.80000000,69698.46000000,69948.63000000,1165.15914000
2026-03-11T00:00:00+00:00,69948.64000000,70173.25000000,69759.63000000,70044.87000000,728.92961000
2026-03-11T01:00:00+00:00,70044.87000000,70144.00000000,69880.00000000,70071.26000000,947.24879000
2026-03-11T02:00:00+00:00,70071.26000000,70119.59000000,69614.00000000,69810.72000000,1612.87548000
2026-03-11T03:00:00+00:00,69810.73000000,69887.11000000,69488.70000000,69551.91000000,1113.41409000
2026-03-11T04:00:00+00:00,69551.91000000,70281.87000000,69501.55000000,70130.99000000,759.41600000
2026-03-11T05:00:00+00:00,70130.99000000,70200.96000000,69420.00000000,69510.36000000,757.81378000
2026-03-11T06:00:00+00:00,69510.37000000,69996.00000000,69500.01000000,69950.01000000,391.73761000
2026-03-11T07:00:00+00:00,69950.01000000,70018.49000000,69500.67000000,69648.29000000,1171.57725000
2026-03-11T08:00:00+00:00,69648.28000000,69786.32000000,69500.00000000,69662.24000000,672.55865000
2026-03-11T09:00:00+00:00,69662.24000000,69752.06000000,69384.50000000,69466.75000000,939.05652000
2026-03-11T10:00:00+00:00,69466.75000000,69726.45000000,69390.91000000,69604.90000000,1028.34397000
2026-03-11T11:00:00+00:00,69604.90000000,69755.10000000,69150.28000000,69173.00000000,898.77254000
2026-03-11T12:00:00+00:00,69172.99000000,69777.66000000,68977.91000000,69361.13000000,1045.64069000
2026-03-11T13:00:00+00:00,69361.13000000,71091.18000000,69331.04000000,70186.09000000,2647.32148000
2026-03-11T14:00:00+00:00,70186.08000000,70987.00000000,69906.77000000,70578.70000000,2251.77658000
2026-03-11T15:00:00+00:00,70578.70000000,70654.43000000,69702.25000000,70227.91000000,1844.69630000
2026-03-11T16:00:00+00:00,70227.92000000,70826.39000000,70161.78000000,70570.71000000,1837.92404000
2026-03-11T17:00:00+00:00,70570.71000000,71321.00000000,70512.01000000,70785.99000000,2122.20651000
2026-03-11T18:00:00+00:00,70785.99000000,70895.31000000,70415.27000000,70617.64000000,1134.13411000
2026-03-11T19:00:00+00:00,70617.63000000,70742.38000000,70375.68000000,70641.82000000,644.23151000
2026-03-11T20:00:00+00:00,70641.81000000,70700.00000000,70394.23000000,70634.96000000,383.34496000
2026-03-11T21:00:00+00:00,70634.96000000,70777.17000000,70499.94000000,70741.26000000,576.42683000
2026-03-11T22:00:00+00:00,70741.27000000,70950.00000000,70241.53000000,70373.01000000,1098.26512000
2026-03-11T23:00:00+00:00,70373.01000000,70505.00000000,70125.83000000,70191.86000000,641.56300000
2026-03-12T00:00:00+00:00,70191.86000000,70353.87000000,70130.23000000,70225.34000000,658.09363000
2026-03-12T01:00:00+00:00,70225.34000000,70226.94000000,69754.94000000,69841.31000000,760.55263000
2026-03-12T02:00:00+00:00,69841.30000000,69887.93000000,69226.52000000,69286.56000000,742.38929000
2026-03-12T03:00:00+00:00,69286.55000000,69628.25000000,69246.23000000,69446.61000000,415.13842000
2026-03-12T04:00:00+00:00,69446.61000000,69676.88000000,69296.43000000,69372.00000000,436.68208000
2026-03-12T05:00:00+00:00,69372.00000000,69539.61000000,69205.91000000,69480.54000000,734.74043000
2026-03-12T06:00:00+00:00,69480.54000000,69561.84000000,69315.63000000,69501.44000000,719.76894000
2026-03-12T07:00:00+00:00,69501.45000000,69865.98000000,69408.88000000,69826.19000000,830.78197000
2026-03-12T08:00:00+00:00,69826.19000000,70116.37000000,69698.33000000,69917.37000000,1246.32882000
2026-03-12T09:00:00+00:00,69917.36000000,70400.00000000,69580.00000000,69952.51000000,1284.31562000
2026-03-12T10:00:00+00:00,69952.51000000,70511.00000000,69856.00000000,70412.11000000,911.03902000
2026-03-12T11:00:00+00:00,70412.10000000,70800.00000000,70367.97000000,70427.91000000,1207.70061000
2026-03-12T12:00:00+00:00,70427.90000000,70617.66000000,70277.38000000,70381.80000000,847.51801000
2026-03-12T13:00:00+00:00,70381.80000000,70534.65000000,69645.00000000,69972.15000000,1340.77540000
2026-03-12T14:00:00+00:00,69972.20000000,70660.69000000,69355.34000000,69590.09000000,2130.67842000
2026-03-12T15:00:00+00:00,69590.09000000,70565.43000000,69476.14000000,70334.88000000,1778.50463000
2026-03-12T16:00:00+00:00,70334.89000000,70569.15000000,69905.71000000,70381.16000000,1271.41787000
2026-03-12T17:00:00+00:00,70381.15000000,70547.19000000,70076.16000000,70212.06000000,843.93551000
2026-03-12T18:00:00+00:00,70212.05000000,70303.51000000,69800.00000000,69819.64000000,742.85798000
2026-03-12T19:00:00+00:00,69819.64000000,70548.81000000,69770.85000000,70432.32000000,757.84664000
2026-03-12T20:00:00+00:00,70432.33000000,70555.20000000,70111.28000000,70164.49000000,618.18553000
2026-03-12T21:00:00+00:00,70164.50000000,70470.00000000,70164.50000000,70268.55000000,355.90233000
2026-03-12T22:00:00+00:00,70268.54000000,70305.26000000,70013.17000000,70175.64000000,467.42484000
2026-03-12T23:00:00+00:00,70175.64000000,70734.25000000,70159.35000000,70541.34000000,894.58188000
2026-03-13T00:00:00+00:00,70541.34000000,72000.00000000,70386.01000000,71475.61000000,2857.31114000
2026-03-13T01:00:00+00:00,71475.60000000,71759.95000000,71283.99000000,71672.39000000,975.74666000
2026-03-13T02:00:00+00:00,71672.38000000,71696.68000000,71045.52000000,71143.80000000,994.81538000
2026-03-13T03:00:00+00:00,71143.80000000,71508.87000000,70964.43000000,71405.75000000,927.82134000
2026-03-13T04:00:00+00:00,71405.76000000,71493.77000000,71214.01000000,71393.94000000,780.92498000
2026-03-13T05:00:00+00:00,71393.93000000,71637.54000000,71242.02000000,71546.29000000,1178.90406000
2026-03-13T06:00:00+00:00,71546.28000000,71593.22000000,71180.19000000,71342.00000000,1081.97604000
2026-03-13T07:00:00+00:00,71342.00000000,71672.76000000,71236.08000000,71612.22000000,1139.83190000
2026-03-13T08:00:00+00:00,71612.23000000,72142.85000000,71385.28000000,71821.02000000,1820.16796000
2026-03-13T09:00:00+00:00,71821.01000000,72100.37000000,71589.81000000,72006.57000000,925.21442000
2026-03-13T10:00:00+00:00,72006.56000000,72575.98000000,71995.53000000,72458.12000000,1635.35127000
2026-03-13T11:00:00+00:00,72458.11000000,72526.12000000,72207.41000000,72228.82000000,724.41705000
2026-03-13T12:00:00+00:00,72228.81000000,72884.68000000,72210.00000000,72784.73000000,1142.93241000
2026-03-13T13:00:00+00:00,72784.73000000,73585.27000000,72684.88000000,73379.18000000,3297.40201000
2026-03-13T14:00:00+00:00,73379.18000000,73913.74000000,72350.00000000,72382.72000000,4558.05031000
2026-03-13T15:00:00+00:00,72382.72000000,72829.12000000,71736.34000000,71831.46000000,3305.45471000
2026-03-13T16:00:00+00:00,71831.46000000,72100.00000000,71154.54000000,71885.57000000,2334.34610000
2026-03-13T17:00:00+00:00,71885.56000000,72249.99000000,70914.09000000,71037.93000000,1889.70074000
2026-03-13T18:00:00+00:00,71037.93000000,71350.94000000,70841.23000000,71055.45000000,738.18799000
2026-03-13T19:00:00+00:00,71055.45000000,71309.94000000,71006.19000000,71189.95000000,507.07823000
2026-03-13T20:00:00+00:00,71189.96000000,71469.53000000,71150.00000000,71346.84000000,554.47290000
2026-03-13T21:00:00+00:00,71346.84000000,71491.03000000,71058.25000000,71104.65000000,650.14338000
2026-03-13T22:00:00+00:00,71104.65000000,71189.26000000,70559.02000000,70814.00000000,863.33877000
2026-03-13T23:00:00+00:00,70814.00000000,71005.30000000,70688.45000000,70930.00000000,1113.02703000
2026-03-14T00:00:00+00:00,70930.01000000,70951.80000000,70555.00000000,70631.97000000,763.50434000
2026-03-14T01:00:00+00:00,70631.96000000,70941.05000000,70481.70000000,70831.70000000,791.55133000
2026-03-14T02:00:00+00:00,70831.70000000,70948.66000000,70735.21000000,70783.27000000,1013.67533000
2026-03-14T03:00:00+00:00,70783.27000000,71185.23000000,70783.26000000,71081.30000000,944.72261000
2026-03-14T04:00:00+00:00,71081.31000000,71307.92000000,71021.11000000,71039.58000000,707.08065000
2026-03-14T05:00:00+00:00,71039.57000000,71151.30000000,70916.96000000,71013.75000000,759.34070000
2026-03-14T06:00:00+00:00,71013.75000000,71013.75000000,70317.00000000,70622.08000000,712.17672000
2026-03-14T07:00:00+00:00,70622.09000000,70743.88000000,70489.03000000,70596.68000000,750.98425000
2026-03-14T08:00:00+00:00,70596.68000000,70710.76000000,70536.58000000,70585.63000000,461.44808000
2026-03-14T09:00:00+00:00,70585.64000000,70728.07000000,70400.00000000,70501.16000000,893.97396000
2026-03-14T10:00:00+00:00,70501.16000000,70575.10000000,70389.08000000,70570.44000000,624.35522000
2026-03-14T11:00:00+00:00,70570.44000000,70784.38000000,70562.66000000,70751.42000000,515.18098000
2026-03-14T12:00:00+00:00,70751.42000000,70835.48000000,70616.44000000,70780.59000000,472.56223000
2026-03-14T13:00:00+00:00,70780.59000000,70930.56000000,70711.54000000,70847.35000000,886.49950000
2026-03-14T14:00:00+00:00,70847.34000000,70941.17000000,70578.76000000,70599.22000000,329.16955000
2026-03-14T15:00:00+00:00,70599.23000000,70728.59000000,70501.00000000,70580.09000000,849.34654000
2026-03-14T16:00:00+00:00,70580.09000000,70709.40000000,70500.00000000,70672.53000000,379.28346000
2026-03-14T17:00:00+00:00,70672.52000000,70733.02000000,70590.00000000,70617.01000000,134.37087000
2026-03-14T18:00:00+00:00,70617.01000000,70708.88000000,70559.35000000,70668.23000000,95.80359000
2026-03-14T19:00:00+00:00,70668.23000000,70740.34000000,70595.14000000,70700.00000000,77.47303000
2026-03-14T20:00:00+00:00,70699.99000000,70856.40000000,70650.09000000,70805.71000000,114.01852000
2026-03-14T21:00:00+00:00,70805.71000000,70825.04000000,70661.06000000,70799.99000000,113.91325000
2026-03-14T22:00:00+00:00,70799.99000000,70805.15000000,70695.29000000,70710.91000000,89.24315000
2026-03-14T23:00:00+00:00,70710.90000000,71253.17000000,70710.90000000,71211.95000000,537.56951000
2026-03-15T00:00:00+00:00,71211.95000000,71220.74000000,70967.59000000,70985.28000000,576.24004000
2026-03-15T01:00:00+00:00,70985.29000000,71037.41000000,70858.82000000,70985.83000000,340.54476000
2026-03-15T02:00:00+00:00,70985.84000000,71634.08000000,70985.84000000,71450.53000000,895.09143000
2026-03-15T03:00:00+00:00,71450.54000000,71538.03000000,71240.68000000,71363.14000000,779.68802000
2026-03-15T04:00:00+00:00,71363.13000000,71661.55000000,71330.66000000,71606.32000000,779.77883000
2026-03-15T05:00:00+00:00,71606.31000000,71800.68000000,71476.00000000,71489.68000000,792.96245000
2026-03-15T06:00:00+00:00,71489.67000000,71595.43000000,71373.75000000,71458.41000000,528.89919000
2026-03-15T07:00:00+00:00,71458.41000000,71658.44000000,71411.88000000,71453.59000000,276.05348000
2026-03-15T08:00:00+00:00,71453.59000000,71736.72000000,71453.59000000,71717.50000000,551.40345000
2026-03-15T09:00:00+00:00,71717.50000000,71940.49000000,71713.90000000,71791.10000000,640.93656000
2026-03-15T10:00:00+00:00,71791.11000000,71919.19000000,71714.37000000,71783.09000000,525.01350000
2026-03-15T11:00:00+00:00,71783.10000000,71888.00000000,71659.71000000,71839.42000000,452.79199000
2026-03-15T12:00:00+00:00,71839.41000000,71839.42000000,71560.21000000,71610.33000000,324.76249000
2026-03-15T13:00:00+00:00,71610.33000000,71679.81000000,71263.99000000,71607.54000000,1108.48189000
2026-03-15T14:00:00+00:00,71607.54000000,71635.56000000,71341.68000000,71622.03000000,452.09243000
2026-03-15T15:00:00+00:00,71622.04000000,71626.00000000,71410.00000000,71481.24000000,210.01259000
2026-03-15T16:00:00+00:00,71481.24000000,71586.75000000,71320.08000000,71437.35000000,302.61771000
2026-03-15T17:00:00+00:00,71437.35000000,71989.93000000,71409.74000000,71819.95000000,365.80062000
2026-03-15T18:00:00+00:00,71819.96000000,71885.55000000,71321.87000000,71390.53000000,321.10675000
2026-03-15T19:00:00+00:00,71390.53000000,71582.83000000,71338.67000000,71549.94000000,251.59972000
2026-03-15T20:00:00+00:00,71549.94000000,71930.00000000,71433.75000000,71730.81000000,236.54566000
2026-03-15T21:00:00+00:00,71730.81000000,72222.00000000,71629.99000000,72109.58000000,459.80342000
2026-03-15T22:00:00+00:00,72109.59000000,73081.77000000,71725.74000000,72749.44000000,1471.44945000
2026-03-15T23:00:00+00:00,72749.45000000,73199.00000000,72420.44000000,72815.24000000,1393.63061000
2026-03-16T00:00:00+00:00,72815.25000000,73008.94000000,72452.26000000,72531.26000000,685.43450000
2026-03-16T01:00:00+00:00,72531.27000000,72852.28000000,72270.41000000,72752.90000000,715.87613000
2026-03-16T02:00:00+00:00,72752.90000000,72852.28000000,72368.08000000,72514.69000000,487.11967000
2026-03-16T03:00:00+00:00,72514.69000000,74330.34000000,72436.02000000,73573.32000000,3424.72669000
2026-03-16T04:00:00+00:00,73573.31000000,74451.03000000,73573.31000000,73835.62000000,1907.76761000
2026-03-16T05:00:00+00:00,73835.62000000,74258.07000000,73720.00000000,74207.49000000,1421.12171000
2026-03-16T06:00:00+00:00,74207.49000000,74207.50000000,73610.00000000,73714.36000000,1229.39836000
2026-03-16T07:00:00+00:00,73714.36000000,73924.83000000,73385.18000000,73456.68000000,958.93738000
2026-03-16T08:00:00+00:00,73456.69000000,73776.13000000,72888.80000000,73135.00000000,1562.06854000
2026-03-16T09:00:00+00:00,73135.00000000,73331.88000000,73057.25000000,73260.92000000,531.72090000
2026-03-16T10:00:00+00:00,73260.92000000,73783.42000000,73202.89000000,73783.42000000,1038.45265000
2026-03-16T11:00:00+00:00,73783.42000000,73838.76000000,73515.33000000,73552.77000000,680.69185000
2026-03-16T12:00:00+00:00,73552.78000000,74044.00000000,73465.46000000,73864.80000000,921.55759000
2026-03-16T13:00:00+00:00,73864.81000000,74509.52000000,73787.00000000,74109.55000000,1593.51066000
2026-03-16T14:00:00+00:00,74109.56000000,74460.19000000,72990.52000000,73565.54000000,2204.69587000
2026-03-16T15:00:00+00:00,73565.54000000,74030.00000000,73186.50000000,73274.76000000,1024.65577000
2026-03-16T16:00:00+00:00,73274.75000000,73901.95000000,73160.66000000,73760.63000000,1016.72181000
2026-03-16T17:00:00+00:00,73760.63000000,74065.70000000,73648.70000000,73943.18000000,906.04408000
2026-03-16T18:00:00+00:00,73943.17000000,74356.32000000,73860.00000000,73913.60000000,1086.95746000
2026-03-16T19:00:00+00:00,73913.60000000,74418.60000000,73781.54000000,73963.00000000,1122.08511000
2026-03-16T20:00:00+00:00,73963.00000000,74248.95000000,73863.20000000,74236.90000000,424.59345000
2026-03-16T21:00:00+00:00,74236.90000000,74799.00000000,74150.00000000,74401.36000000,1246.95221000
2026-03-16T22:00:00+00:00,74401.35000000,74899.99000000,74378.43000000,74772.66000000,1058.73068000
2026-03-16T23:00:00+00:00,74773.56000000,74909.08000000,74250.21000000,74884.67000000,1159.70951000
2026-03-17T00:00:00+00:00,74884.67000000,75520.23000000,74614.18000000,75318.48000000,2173.53670000
2026-03-17T01:00:00+00:00,75318.48000000,76000.00000000,75074.37000000,75623.91000000,1953.08873000
2026-03-17T02:00:00+00:00,75623.91000000,75677.66000000,75114.67000000,75198.02000000,1068.24779000
2026-03-17T03:00:00+00:00,75198.02000000,75326.15000000,74268.73000000,74463.98000000,1730.33731000
2026-03-17T04:00:00+00:00,74463.98000000,74712.89000000,73980.16000000,74252.01000000,2017.11887000
2026-03-17T05:00:00+00:00,74252.00000000,74459.99000000,73784.00000000,74036.74000000,1250.81696000
2026-03-17T06:00:00+00:00,74036.74000000,74276.66000000,73877.56000000,74085.45000000,879.74749000
2026-03-17T07:00:00+00:00,74085.46000000,74457.72000000,74066.40000000,74249.32000000,771.24200000
2026-03-17T08:00:00+00:00,74249.32000000,74452.97000000,74108.01000000,74188.38000000,461.65295000
2026-03-17T09:00:00+00:00,74188.38000000,74406.03000000,73841.62000000,73937.16000000,864.16263000
2026-03-17T10:00:00+00:00,73937.16000000,73960.74000000,73560.98000000,73729.45000000,1049.06910000
2026-03-17T11:00:00+00:00,73729.45000000,74224.16000000,73682.01000000,74033.11000000,647.95804000
2026-03-17T12:00:00+00:00,74033.10000000,74170.55000000,73672.25000000,73739.74000000,614.23436000
2026-03-17T13:00:00+00:00,73739.74000000,74167.39000000,73399.19000000,73615.48000000,1159.88444000
2026-03-17T14:00:00+00:00,73615.49000000,74425.31000000,73424.79000000,74381.70000000,1362.71508000
2026-03-17T15:00:00+00:00,74381.69000000,74893.94000000,73669.91000000,73914.39000000,1370.72331000
2026-03-17T16:00:00+00:00,73914.40000000,74350.00000000,73855.24000000,74155.69000000,747.87279000
2026-03-17T17:00:00+00:00,74155.68000000,74594.00000000,74006.58000000,74523.75000000,826.10844000
2026-03-17T18:00:00+00:00,74523.76000000,74769.17000000,74386.11000000,74683.04000000,707.46038000
2026-03-17T19:00:00+00:00,74683.04000000,74800.00000000,74427.25000000,74512.17000000,768.60522000
2026-03-17T20:00:00+00:00,74511.21000000,74685.50000000,74359.87000000,74506.75000000,466.76372000
2026-03-17T21:00:00+00:00,74506.75000000,74799.00000000,74450.01000000,74685.42000000,618.20101000
2026-03-17T22:00:00+00:00,74685.42000000,74772.14000000,73934.00000000,74307.08000000,488.30847000
2026-03-17T23:00:00+00:00,74307.08000000,74398.74000000,73871.74000000,73909.36000000,523.41057000
2026-03-18T00:00:00+00:00,73909.37000000,74063.22000000,73535.36000000,73867.88000000,673.31061000
2026-03-18T01:00:00+00:00,73867.88000000,74211.43000000,73820.69000000,74072.30000000,537.72886000
2026-03-18T02:00:00+00:00,74072.30000000,74476.00000000,74051.78000000,74338.93000000,549.53806000
2026-03-18T03:00:00+00:00,74338.93000000,74672.34000000,74250.27000000,74446.14000000,459.80928000
2026-03-18T04:00:00+00:00,74446.14000000,74486.30000000,74137.02000000,74175.49000000,472.35206000
2026-03-18T05:00:00+00:00,74175.48000000,74312.11000000,73830.76000000,73950.00000000,662.80056000
2026-03-18T06:00:00+00:00,73950.01000000,74225.82000000,73938.10000000,73954.03000000,652.79254000
2026-03-18T07:00:00+00:00,73954.03000000,73997.04000000,73700.01000000,73883.80000000,504.72370000
2026-03-18T08:00:00+00:00,73883.80000000,74130.02000000,73863.31000000,74044.89000000,735.50464000
2026-03-18T09:00:00+00:00,74044.90000000,74281.33000000,74042.85000000,74181.08000000,347.16358000
2026-03-18T10:00:00+00:00,74181.08000000,74267.77000000,73816.26000000,73946.35000000,478.90858000
2026-03-18T11:00:00+00:00,73946.35000000,74074.84000000,72800.00000000,72952.85000000,1877.69179000
2026-03-18T12:00:00+00:00,72952.85000000,72981.79000000,72271.11000000,72361.24000000,1819.95371000
2026-03-18T13:00:00+00:00,72361.13000000,72556.81000000,71980.00000000,72133.49000000,1607.02731000
2026-03-18T14:00:00+00:00,72133.48000000,72222.45000000,71100.00000000,71193.23000000,2385.98822000
2026-03-18T15:00:00+00:00,71193.23000000,71531.54000000,70857.21000000,71467.82000000,2560.23665000
2026-03-18T16:00:00+00:00,71467.82000000,71565.78000000,71037.34000000,71314.08000000,967.21409000
2026-03-18T17:00:00+00:00,71314.07000000,71750.00000000,71199.87000000,71595.21000000,1025.99840000
2026-03-18T18:00:00+00:00,71595.21000000,72000.50000000,70947.78000000,71096.74000000,1475.11719000
2026-03-18T19:00:00+00:00,71096.75000000,71486.14000000,70933.85000000,71072.38000000,867.91916000
2026-03-18T20:00:00+00:00,71072.38000000,71333.33000000,70500.00000000,71214.67000000,1180.62213000
2026-03-18T21:00:00+00:00,71214.67000000,71451.22000000,71167.15000000,71263.67000000,338.26453000
2026-03-18T22:00:00+00:00,71263.67000000,71269.02000000,70944.56000000,71153.66000000,520.94837000
2026-03-18T23:00:00+00:00,71153.67000000,71365.40000000,71069.69000000,71246.54000000,691.26691000
2026-03-19T00:00:00+00:00,71246.55000000,71321.81000000,70976.69000000,71002.17000000,887.95607000
2026-03-19T01:00:00+00:00,71002.18000000,71182.44000000,70951.93000000,71115.23000000,391.40796000
2026-03-19T02:00:00+00:00,71115.24000000,71252.83000000,70902.37000000,71055.44000000,554.97617000
2026-03-19T03:00:00+00:00,71055.44000000,71613.79000000,71053.33000000,71215.39000000,593.60943000
2026-03-19T04:00:00+00:00,71215.39000000,71215.39000000,70654.86000000,70822.07000000,702.86032000
2026-03-19T05:00:00+00:00,70822.06000000,70909.88000000,70661.56000000,70826.54000000,416.16191000
2026-03-19T06:00:00+00:00,70826.55000000,70979.99000000,70505.00000000,70583.22000000,619.85140000
2026-03-19T07:00:00+00:00,70583.22000000,70600.04000000,69478.51000000,70191.17000000,2753.95570000
2026-03-19T08:00:00+00:00,70191.16000000,70300.00000000,69900.00000000,69985.19000000,1015.64209000
2026-03-19T09:00:00+00:00,69985.19000000,70560.91000000,69971.99000000,70513.00000000,1262.65596000
2026-03-19T10:00:00+00:00,70513.00000000,70538.74000000,70117.00000000,70133.72000000,613.17552000
2026-03-19T11:00:00+00:00,70133.73000000,70259.37000000,69909.09000000,69952.75000000,542.70053000
2026-03-19T12:00:00+00:00,69952.75000000,69952.76000000,69105.49000000,69290.27000000,1452.42038000
2026-03-19T13:00:00+00:00,69290.28000000,70084.35000000,69081.51000000,69905.65000000,1720.19325000
2026-03-19T14:00:00+00:00,69905.65000000,70179.53000000,69096.16000000,69482.25000000,1636.49639000
2026-03-19T15:00:00+00:00,69482.24000000,69917.87000000,68793.35000000,69412.51000000,1898.28931000
2026-03-19T16:00:00+00:00,69412.52000000,69642.35000000,69177.19000000,69455.86000000,858.32753000
2026-03-19T17:00:00+00:00,69455.86000000,69954.18000000,69122.03000000,69854.16000000,759.67868000
2026-03-19T18:00:00+00:00,69854.15000000,69931.10000000,69581.55000000,69821.21000000,442.61763000
2026-03-19T19:00:00+00:00,69821.21000000,70596.42000000,69805.33000000,70271.99000000,1190.55299000
2026-03-19T20:00:00+00:00,70272.00000000,70676.00000000,70201.00000000,70483.03000000,488.71031000
2026-03-19T21:00:00+00:00,70483.03000000,70695.60000000,70371.19000000,70413.47000000,418.78383000
2026-03-19T22:00:00+00:00,70413.46000000,70501.89000000,69954.05000000,70183.99000000,551.74820000
2026-03-19T23:00:00+00:00,70184.00000000,70282.47000000,69718.23000000,69930.00000000,592.04663000
2026-03-20T00:00:00+00:00,69930.01000000,70311.12000000,69837.10000000,70181.00000000,871.72419000
2026-03-20T01:00:00+00:00,70181.00000000,70588.50000000,70181.00000000,70403.79000000,526.82154000
2026-03-20T02:00:00+00:00,70403.80000000,70516.16000000,70086.86000000,70415.47000000,312.91426000
2026-03-20T03:00:00+00:00,70415.48000000,70809.43000000,70388.00000000,70729.92000000,711.57589000
2026-03-20T04:00:00+00:00,70729.93000000,70969.71000000,70557.91000000,70783.69000000,546.53749000
2026-03-20T05:00:00+00:00,70783.70000000,70867.44000000,70521.73000000,70606.24000000,367.69531000
2026-03-20T06:00:00+00:00,70606.23000000,70646.93000000,70346.49000000,70502.90000000,758.81391000
2026-03-20T07:00:00+00:00,70502.91000000,70939.58000000,70160.06000000,70854.66000000,936.89906000
2026-03-20T08:00:00+00:00,70854.66000000,71367.00000000,70800.00000000,71042.23000000,1011.96314000
2026-03-20T09:00:00+00:00,71042.23000000,71042.23000000,70419.65000000,70583.80000000,885.49116000
2026-03-20T10:00:00+00:00,70583.81000000,70670.43000000,70218.68000000,70611.68000000,609.11713000
2026-03-20T11:00:00+00:00,70611.68000000,70810.81000000,70303.36000000,70478.71000000,605.56445000
2026-03-20T12:00:00+00:00,70478.71000000,70685.63000000,70251.00000000,70342.63000000,613.27107000
2026-03-20T13:00:00+00:00,70342.63000000,70613.75000000,69795.70000000,69863.84000000,1225.89394000
2026-03-20T14:00:00+00:00,69863.85000000,70268.66000000,69589.38000000,69731.21000000,1679.84994000
2026-03-20T15:00:00+00:00,69731.20000000,70002.68000000,69480.00000000,69860.09000000,1196.90076000
2026-03-20T16:00:00+00:00,69860.09000000,70100.00000000,69608.54000000,69829.26000000,922.25773000
2026-03-20T17:00:00+00:00,69829.27000000,70039.78000000,69388.00000000,70000.00000000,998.84797000
2026-03-20T18:00:00+00:00,69999.99000000,70071.81000000,69525.33000000,69770.00000000,630.47960000
2026-03-20T19:00:00+00:00,69770.01000000,70190.18000000,69673.76000000,70177.86000000,528.39593000
2026-03-20T20:00:00+00:00,70177.85000000,70259.28000000,69754.71000000,70057.66000000,435.39665000
2026-03-20T21:00:00+00:00,70057.66000000,70726.13000000,69946.65000000,70540.73000000,780.46042000
2026-03-20T22:00:00+00:00,70540.72000000,70923.75000000,70532.00000000,70767.85000000,591.69583000
2026-03-20T23:00:00+00:00,70767.85000000,70771.13000000,70430.00000000,70510.73000000,372.60008000
2026-03-21T00:00:00+00:00,70510.73000000,70826.00000000,70467.36000000,70682.19000000,274.67077000
2026-03-21T01:00:00+00:00,70682.20000000,70758.50000000,70445.36000000,70464.59000000,375.95226000
2026-03-21T02:00:00+00:00,70464.60000000,70785.90000000,70431.67000000,70737.60000000,316.88084000
2026-03-21T03:00:00+00:00,70737.60000000,70784.07000000,70632.39000000,70657.35000000,226.82019000
2026-03-21T04:00:00+00:00,70657.35000000,70819.00000000,70617.05000000,70642.13000000,487.10407000
2026-03-21T05:00:00+00:00,70642.14000000,70834.46000000,70635.10000000,70697.94000000,941.44912000
2026-03-21T06:00:00+00:00,70697.94000000,70831.14000000,70693.06000000,70774.65000000,857.26608000
2026-03-21T07:00:00+00:00,70773.55000000,70879.76000000,70677.44000000,70727.33000000,431.42703000
2026-03-21T08:00:00+00:00,70727.33000000,70753.79000000,70492.02000000,70594.43000000,956.10118000
2026-03-21T09:00:00+00:00,70594.42000000,70735.36000000,70570.40000000,70661.59000000,204.69969000
2026-03-21T10:00:00+00:00,70661.59000000,70695.32000000,70559.69000000,70605.64000000,524.32782000
2026-03-21T11:00:00+00:00,70605.64000000,70652.73000000,70567.79000000,70652.72000000,360.21459000
2026-03-21T12:00:00+00:00,70652.73000000,70800.00000000,70652.73000000,70722.61000000,199.41863000
2026-03-21T13:00:00+00:00,70722.61000000,70812.74000000,70707.12000000,70740.18000000,171.54370000
2026-03-21T14:00:00+00:00,70740.18000000,71100.94000000,70592.53000000,70629.10000000,873.72717000
2026-03-21T15:00:00+00:00,70629.09000000,70760.00000000,70453.09000000,70630.02000000,399.45062000
2026-03-21T16:00:00+00:00,70630.02000000,70652.64000000,70251.00000000,70301.66000000,435.70425000
2026-03-21T17:00:00+00:00,70301.66000000,70426.18000000,70210.00000000,70304.08000000,444.64800000
2026-03-21T18:00:00+00:00,70303.45000000,70534.38000000,70290.48000000,70389.19000000,200.58580000
2026-03-21T19:00:00+00:00,70389.18000000,70448.79000000,70324.70000000,70396.00000000,140.45698000
2026-03-21T20:00:00+00:00,70396.01000000,70508.11000000,70358.90000000,70462.28000000,697.39549000
2026-03-21T21:00:00+00:00,70462.27000000,70516.82000000,70268.06000000,70345.57000000,629.83259000
2026-03-21T22:00:00+00:00,70345.57000000,70384.95000000,70265.55000000,70277.22000000,737.88495000
2026-03-21T23:00:00+00:00,70277.21000000,70293.82000000,68571.42000000,68918.12000000,2509.60568000
2026-03-22T00:00:00+00:00,68918.12000000,69155.86000000,68228.50000000,68954.71000000,2161.16442000
2026-03-22T01:00:00+00:00,68954.70000000,69100.00000000,68762.31000000,68962.40000000,809.55651000
2026-03-22T02:00:00+00:00,68962.40000000,69411.10000000,68951.21000000,69278.12000000,506.62838000
2026-03-22T03:00:00+00:00,69278.12000000,69588.79000000,69123.13000000,69339.99000000,671.14040000
2026-03-22T04:00:00+00:00,69340.00000000,69526.85000000,69215.89000000,69358.00000000,626.75701000
2026-03-22T05:00:00+00:00,69358.00000000,69358.00000000,69150.00000000,69153.41000000,322.14134000
2026-03-22T06:00:00+00:00,69153.41000000,69245.79000000,69059.87000000,69164.06000000,378.08519000
2026-03-22T07:00:00+00:00,69164.06000000,69250.08000000,68892.93000000,68919.38000000,432.94301000
2026-03-22T08:00:00+00:00,68919.37000000,68990.67000000,68523.96000000,68804.77000000,1053.77702000
2026-03-22T09:00:00+00:00,68804.77000000,68901.65000000,68587.78000000,68826.20000000,383.82763000
2026-03-22T10:00:00+00:00,68826.21000000,68847.83000000,68584.27000000,68648.17000000,360.03346000
2026-03-22T11:00:00+00:00,68648.16000000,68691.03000000,68110.55000000,68217.95000000,784.43160000
2026-03-22T12:00:00+00:00,68217.94000000,68763.18000000,68199.04000000,68654.83000000,484.24300000
2026-03-22T13:00:00+00:00,68654.83000000,68957.24000000,68548.32000000,68700.02000000,548.07349000
2026-03-22T14:00:00+00:00,68700.02000000,68915.27000000,68542.10000000,68711.66000000,385.54476000
2026-03-22T15:00:00+00:00,68711.66000000,69005.71000000,68700.00000000,68847.96000000,391.17296000
2026-03-22T16:00:00+00:00,68847.97000000,68885.53000000,68665.62000000,68805.58000000,258.25035000
2026-03-22T17:00:00+00:00,68805.58000000,68848.32000000,68665.34000000,68673.02000000,252.16281000
2026-03-22T18:00:00+00:00,68672.85000000,68743.18000000,68344.57000000,68618.58000000,340.01718000
2026-03-22T19:00:00+00:00,68618.57000000,68626.07000000,68145.01000000,68199.93000000,472.99305000
2026-03-22T20:00:00+00:00,68199.93000000,68498.40000000,68080.00000000,68176.46000000,319.53245000
2026-03-22T21:00:00+00:00,68176.47000000,68228.71000000,67360.66000000,67899.97000000,1535.47353000
2026-03-22T22:00:00+00:00,67899.97000000,68396.94000000,67571.67000000,68339.37000000,856.56100000
2026-03-22T23:00:00+00:00,68339.38000000,68474.00000000,67839.99000000,67859.00000000,509.27627000
2026-03-23T00:00:00+00:00,67859.00000000,68161.41000000,67445.18000000,67669.99000000,823.69218000
2026-03-23T01:00:00+00:00,67670.00000000,68157.31000000,67536.01000000,67905.00000000,628.21786000
2026-03-23T02:00:00+00:00,67905.00000000,68400.00000000,67801.67000000,68320.72000000,627.90507000
2026-03-23T03:00:00+00:00,68320.72000000,68585.12000000,68059.88000000,68074.60000000,415.80047000
2026-03-23T04:00:00+00:00,68074.60000000,68550.00000000,68057.56000000,68541.00000000,486.61149000
2026-03-23T05:00:00+00:00,68541.00000000,68915.40000000,68541.00000000,68899.92000000,1162.54953000
2026-03-23T06:00:00+00:00,68899.92000000,68904.42000000,67698.86000000,67874.19000000,1218.88217000
2026-03-23T07:00:00+00:00,67874.20000000,68464.42000000,67502.48000000,68333.16000000,1946.35809000
2026-03-23T08:00:00+00:00,68333.16000000,68696.91000000,68328.55000000,68434.26000000,1238.43118000
2026-03-23T09:00:00+00:00,68434.27000000,68471.11000000,67916.14000000,68334.01000000,382.31585000
2026-03-23T10:00:00+00:00,68334.01000000,68714.28000000,68299.82000000,68551.02000000,494.85509000
2026-03-23T11:00:00+00:00,68551.02000000,71499.00000000,68544.15000000,70122.15000000,7050.35572000
2026-03-23T12:00:00+00:00,70122.15000000,70877.35000000,69671.95000000,70752.15000000,1915.66623000
2026-03-23T13:00:00+00:00,70752.14000000,71587.98000000,70600.00000000,71481.13000000,1712.52184000
2026-03-23T14:00:00+00:00,71481.13000000,71817.09000000,71127.14000000,71446.46000000,1663.17727000
2026-03-23T15:00:00+00:00,71446.46000000,71660.01000000,70103.21000000,70131.48000000,2051.70929000
2026-03-23T16:00:00+00:00,70131.48000000,70753.43000000,70131.47000000,70561.54000000,1367.86918000
2026-03-23T17:00:00+00:00,70561.54000000,71119.09000000,70363.63000000,71085.16000000,673.70407000
2026-03-23T18:00:00+00:00,71085.16000000,71195.21000000,70879.85000000,71076.22000000,593.89042000
2026-03-23T19:00:00+00:00,71076.22000000,71246.01000000,70649.40000000,70679.05000000,615.85820000
2026-03-23T20:00:00+00:00,70679.04000000,70983.33000000,70559.03000000,70915.59000000,394.04509000
2026-03-23T21:00:00+00:00,70915.59000000,70998.00000000,70827.66000000,70851.35000000,222.54858000
2026-03-23T22:00:00+00:00,70851.36000000,70896.76000000,70520.22000000,70780.22000000,279.98300000
2026-03-23T23:00:00+00:00,70780.22000000,70998.00000000,70404.39000000,70906.45000000,368.14332000
2026-03-24T00:00:00+00:00,70906.45000000,71099.96000000,70423.36000000,70679.20000000,735.82970000
2026-03-24T01:00:00+00:00,70679.20000000,70891.53000000,70278.46000000,70516.57000000,730.30371000
2026-03-24T02:00:00+00:00,70516.57000000,70698.00000000,70369.46000000,70453.37000000,431.98798000
2026-03-24T03:00:00+00:00,70453.38000000,70583.36000000,70404.54000000,70542.90000000,380.97532000
2026-03-24T04:00:00+00:00,70542.90000000,70741.64000000,70247.91000000,70372.44000000,474.91642000
2026-03-24T05:00:00+00:00,70372.45000000,70374.38000000,70119.06000000,70283.85000000,641.69358000
2026-03-24T06:00:00+00:00,70283.84000000,70572.83000000,70253.23000000,70541.38000000,850.05748000
2026-03-24T07:00:00+00:00,70541.39000000,71400.00000000,70488.00000000,71291.70000000,1722.67702000
2026-03-24T08:00:00+00:00,71291.70000000,71349.10000000,70850.11000000,70964.15000000,725.27631000
2026-03-24T09:00:00+00:00,70964.16000000,71368.61000000,70851.77000000,71316.97000000,511.50447000
2026-03-24T10:00:00+00:00,71316.98000000,71328.59000000,71078.09000000,71272.87000000,680.81546000
2026-03-24T11:00:00+00:00,71272.87000000,71327.26000000,70964.94000000,71157.77000000,560.33228000
2026-03-24T12:00:00+00:00,71157.77000000,71177.66000000,70860.18000000,70956.48000000,460.81810000
2026-03-24T13:00:00+00:00,70956.48000000,71059.59000000,69968.02000000,70100.46000000,1729.62355000
2026-03-24T14:00:00+00:00,70100.46000000,70462.91000000,69507.34000000,69869.93000000,1973.02189000
2026-03-24T15:00:00+00:00,69869.93000000,70255.37000000,69770.85000000,69873.04000000,1419.67177000
2026-03-24T16:00:00+00:00,69873.04000000,70001.92000000,69340.08000000,69476.87000000,889.76128000
2026-03-24T17:00:00+00:00,69476.88000000,69512.73000000,68923.07000000,69238.43000000,1294.24297000
2026-03-24T18:00:00+00:00,69238.44000000,69746.40000000,69168.64000000,69430.24000000,808.06583000
2026-03-24T19:00:00+00:00,69430.25000000,69700.00000000,69277.04000000,69377.33000000,547.42601000
2026-03-24T20:00:00+00:00,69377.33000000,70295.54000000,69296.15000000,70093.19000000,1018.45154000
2026-03-24T21:00:00+00:00,70093.19000000,70400.00000000,69901.39000000,70332.93000000,686.65263000
2026-03-24T22:00:00+00:00,70332.93000000,70586.86000000,70140.50000000,70316.96000000,686.91503000
2026-03-24T23:00:00+00:00,70316.96000000,70832.54000000,70270.00000000,70556.74000000,741.40211000
2026-03-25T00:00:00+00:00,70556.74000000,71100.28000000,70476.90000000,70840.75000000,784.33083000
2026-03-25T01:00:00+00:00,70840.75000000,70977.35000000,70629.72000000,70677.18000000,624.19197000
2026-03-25T02:00:00+00:00,70677.19000000,70781.39000000,70490.77000000,70531.09000000,582.86416000
2026-03-25T03:00:00+00:00,70531.10000000,70808.37000000,70408.00000000,70716.70000000,513.15296000
2026-03-25T04:00:00+00:00,70716.70000000,70977.49000000,70703.83000000,70968.64000000,623.46021000
2026-03-25T05:00:00+00:00,70968.64000000,71345.00000000,70940.00000000,71117.66000000,850.19172000
2026-03-25T06:00:00+00:00,71117.65000000,71260.00000000,70984.67000000,70991.83000000,934.75878000
2026-03-25T07:00:00+00:00,70991.82000000,71270.11000000,70891.31000000,70926.88000000,470.72474000
2026-03-25T08:00:00+00:00,70926.88000000,71503.94000000,70800.00000000,71248.39000000,1150.83138000
2026-03-25T09:00:00+00:00,71248.40000000,71415.12000000,71101.99000000,71345.91000000,598.42707000
2026-03-25T10:00:00+00:00,71345.91000000,71641.91000000,71291.69000000,71501.39000000,485.22161000
2026-03-25T11:00:00+00:00,71501.40000000,72026.09000000,71470.49000000,71678.97000000,1053.03231000
2026-03-25T12:00:00+00:00,71678.97000000,71955.17000000,71105.43000000,71715.24000000,1032.92186000
2026-03-25T13:00:00+00:00,71715.24000000,71963.71000000,71515.84000000,71581.42000000,982.27587000
2026-03-25T14:00:00+00:00,71581.42000000,71699.87000000,71230.51000000,71234.28000000,810.44092000
2026-03-25T15:00:00+00:00,71234.28000000,71301.37000000,70530.47000000,70832.99000000,1384.84596000
2026-03-25T16:00:00+00:00,70832.99000000,71752.88000000,70719.26000000,71324.01000000,1283.82328000
2026-03-25T17:00:00+00:00,71324.01000000,71389.14000000,70720.38000000,70779.00000000,662.98589000
2026-03-25T18:00:00+00:00,70778.99000000,71149.07000000,70681.07000000,70810.34000000,535.29926000
2026-03-25T19:00:00+00:00,70810.34000000,71093.37000000,70777.51000000,70883.31000000,513.05944000
2026-03-25T20:00:00+00:00,70883.32000000,71058.82000000,70646.34000000,71009.50000000,573.58151000
2026-03-25T21:00:00+00:00,71009.50000000,71175.00000000,70949.30000000,71035.24000000,379.86408000
2026-03-25T22:00:00+00:00,71035.25000000,71594.11000000,70947.61000000,71369.08000000,505.87572000
2026-03-25T23:00:00+00:00,71369.07000000,71511.83000000,71189.55000000,71336.53000000,383.33913000
2026-03-26T00:00:00+00:00,71336.53000000,71436.82000000,71142.38000000,71299.27000000,548.42613000
2026-03-26T01:00:00+00:00,71299.27000000,71377.04000000,71159.06000000,71252.11000000,522.16838000
2026-03-26T02:00:00+00:00,71252.11000000,71289.49000000,70672.37000000,70893.01000000,575.89477000
2026-03-26T03:00:00+00:00,70893.01000000,70968.66000000,70685.69000000,70921.47000000,510.54950000
2026-03-26T04:00:00+00:00,70921.47000000,70921.47000000,70721.46000000,70772.01000000,433.11432000
2026-03-26T05:00:00+00:00,70772.01000000,70796.32000000,69942.96000000,70016.98000000,1271.74189000
2026-03-26T06:00:00+00:00,70016.97000000,70152.63000000,69855.73000000,70097.18000000,1016.19011000
2026-03-26T07:00:00+00:00,70097.19000000,70167.60000000,69805.00000000,70087.44000000,713.03812000
2026-03-26T08:00:00+00:00,70087.44000000,70127.69000000,69806.39000000,70024.77000000,510.82818000
2026-03-26T09:00:00+00:00,70024.78000000,70144.44000000,69409.67000000,69562.41000000,1313.07806000
2026-03-26T10:00:00+00:00,69562.41000000,69719.96000000,69464.58000000,69517.68000000,694.15594000
2026-03-26T11:00:00+00:00,69517.68000000,69667.56000000,69192.96000000,69276.01000000,803.66639000
2026-03-26T12:00:00+00:00,69276.01000000,69461.28000000,69226.34000000,69436.42000000,589.82378000
2026-03-26T13:00:00+00:00,69436.42000000,69877.45000000,69218.00000000,69646.59000000,1361.59869000
2026-03-26T14:00:00+00:00,69646.59000000,69837.12000000,69259.25000000,69479.92000000,943.35709000
2026-03-26T15:00:00+00:00,69479.91000000,69497.73000000,68632.40000000,69082.64000000,1805.07582000
2026-03-26T16:00:00+00:00,69082.64000000,69142.94000000,68823.21000000,68932.52000000,949.52674000
2026-03-26T17:00:00+00:00,68932.53000000,69162.00000000,68377.83000000,68486.86000000,1130.52816000
2026-03-26T18:00:00+00:00,68486.86000000,68603.75000000,68153.00000000,68497.25000000,1402.56662000
2026-03-26T19:00:00+00:00,68497.25000000,68681.54000000,68358.80000000,68534.36000000,543.97259000
2026-03-26T20:00:00+00:00,68534.37000000,69478.42000000,68436.74000000,69005.21000000,1707.65634000
2026-03-26T21:00:00+00:00,69005.21000000,69205.43000000,68879.05000000,68921.10000000,598.68777000
2026-03-26T22:00:00+00:00,68921.10000000,69028.89000000,68603.24000000,68892.67000000,484.39394000
2026-03-26T23:00:00+00:00,68892.66000000,68994.16000000,68640.00000000,68820.31000000,390.41835000
2026-03-27T00:00:00+00:00,68820.31000000,68965.15000000,68531.37000000,68785.01000000,634.46014000
2026-03-27T01:00:00+00:00,68785.00000000,69066.51000000,68700.00000000,69051.27000000,555.05692000
2026-03-27T02:00:00+00:00,69051.27000000,69179.05000000,68862.00000000,68903.59000000,948.45642000
2026-03-27T03:00:00+00:00,68903.58000000,68924.00000000,68668.72000000,68767.51000000,576.98772000
2026-03-27T04:00:00+00:00,68767.50000000,68791.40000000,68304.14000000,68578.00000000,846.47748000
2026-03-27T05:00:00+00:00,68577.99000000,68865.88000000,68511.79000000,68630.77000000,773.74806000
2026-03-27T06:00:00+00:00,68630.76000000,68846.00000000,68567.62000000,68656.15000000,672.08820000
2026-03-27T07:00:00+00:00,68656.16000000,68955.53000000,68399.18000000,68540.48000000,1641.76445000
2026-03-27T08:00:00+00:00,68540.49000000,68635.07000000,67609.29000000,67920.50000000,1817.58289000
2026-03-27T09:00:00+00:00,67920.51000000,67960.32000000,67548.67000000,67695.81000000,812.25094000
2026-03-27T10:00:00+00:00,67695.81000000,67778.99000000,66326.38000000,66502.41000000,3012.92630000
2026-03-27T11:00:00+00:00,66502.41000000,66848.05000000,66231.96000000,66702.78000000,1683.20205000
2026-03-27T12:00:00+00:00,66702.78000000,66773.25000000,66432.19000000,66619.76000000,964.55681000
2026-03-27T13:00:00+00:00,66619.75000000,66757.30000000,66025.00000000,66188.32000000,2427.72498000
2026-03-27T14:00:00+00:00,66188.31000000,66404.00000000,65730.17000000,66205.06000000,2475.49917000
2026-03-27T15:00:00+00:00,66205.07000000,66638.25000000,65958.75000000,66112.82000000,2405.26081000
2026-03-27T16:00:00+00:00,66112.82000000,66177.99000000,65812.43000000,65979.29000000,1226.73521000
2026-03-27T17:00:00+00:00,65979.29000000,66290.00000000,65600.00000000,65632.92000000,1002.16119000
2026-03-27T18:00:00+00:00,65632.93000000,65951.96000000,65548.25000000,65836.69000000,915.82085000
2026-03-27T19:00:00+00:00,65836.69000000,66145.00000000,65700.00000000,66040.66000000,818.34010000
2026-03-27T20:00:00+00:00,66040.65000000,66152.51000000,65817.44000000,66020.76000000,511.09525000
2026-03-27T21:00:00+00:00,66020.77000000,66186.01000000,66013.00000000,66098.00000000,636.71362000
2026-03-27T22:00:00+00:00,66098.00000000,66098.01000000,65920.00000000,66020.79000000,739.86415000
2026-03-27T23:00:00+00:00,66020.79000000,66420.75000000,65970.25000000,66407.28000000,504.92186000
2026-03-28T00:00:00+00:00,66407.28000000,66520.46000000,66293.35000000,66431.55000000,499.89072000
2026-03-28T01:00:00+00:00,66431.54000000,66431.55000000,66056.09000000,66178.85000000,613.17173000
2026-03-28T02:00:00+00:00,66178.86000000,66251.67000000,65932.09000000,66053.20000000,490.39923000
2026-03-28T03:00:00+00:00,66053.20000000,66259.66000000,66053.19000000,66240.00000000,705.96536000
2026-03-28T04:00:00+00:00,66240.00000000,66304.72000000,66110.00000000,66285.01000000,452.84284000
2026-03-28T05:00:00+00:00,66285.01000000,66407.96000000,66202.01000000,66341.90000000,675.62625000
2026-03-28T06:00:00+00:00,66341.90000000,66500.00000000,66308.93000000,66382.00000000,485.97016000
2026-03-28T07:00:00+00:00,66382.00000000,66573.61000000,66379.80000000,66561.48000000,737.38217000
2026-03-28T08:00:00+00:00,66561.49000000,66570.09000000,66387.06000000,66409.33000000,708.34892000
2026-03-28T09:00:00+00:00,66409.34000000,66416.77000000,66243.01000000,66311.32000000,634.09125000
2026-03-28T10:00:00+00:00,66311.32000000,66411.79000000,66124.40000000,66221.38000000,306.12343000
2026-03-28T11:00:00+00:00,66221.37000000,66358.00000000,66201.91000000,66319.47000000,223.42305000
2026-03-28T12:00:00+00:00,66319.46000000,66527.01000000,66240.87000000,66455.09000000,344.10648000
2026-03-28T13:00:00+00:00,66455.10000000,67163.99000000,66407.65000000,66835.10000000,1040.57902000
2026-03-28T14:00:00+00:00,66835.10000000,66967.01000000,66666.66000000,66742.10000000,570.49869000
2026-03-28T15:00:00+00:00,66742.09000000,67288.94000000,66717.15000000,67014.91000000,771.68723000
2026-03-28T16:00:00+00:00,67014.92000000,67096.77000000,66855.24000000,66926.95000000,342.70522000
2026-03-28T17:00:00+00:00,66926.94000000,66996.61000000,66704.00000000,66846.21000000,310.89662000
2026-03-28T18:00:00+00:00,66846.20000000,66963.51000000,66834.87000000,66908.03000000,234.04169000
2026-03-28T19:00:00+00:00,66908.03000000,66954.00000000,66804.71000000,66916.52000000,202.96743000
2026-03-28T20:00:00+00:00,66916.52000000,67010.00000000,66906.00000000,66906.00000000,262.72665000
2026-03-28T21:00:00+00:00,66906.00000000,66926.31000000,66600.01000000,66685.53000000,291.07026000
2026-03-28T22:00:00+00:00,66685.53000000,66788.88000000,66588.22000000,66755.88000000,224.47432000
2026-03-28T23:00:00+00:00,66755.88000000,66755.88000000,66283.38000000,66377.03000000,333.40975000
2026-03-29T00:00:00+00:00,66377.04000000,66500.00000000,66281.40000000,66487.93000000,285.17232000
2026-03-29T01:00:00+00:00,66487.93000000,66620.00000000,66385.88000000,66569.22000000,295.19169000
2026-03-29T02:00:00+00:00,66569.22000000,66843.66000000,66540.96000000,66818.00000000,293.83335000
2026-03-29T03:00:00+00:00,66818.01000000,67130.50000000,66760.48000000,66912.00000000,660.94660000
2026-03-29T04:00:00+00:00,66912.00000000,66936.60000000,66717.51000000,66735.14000000,168.57240000
2026-03-29T05:00:00+00:00,66735.14000000,66828.05000000,66597.10000000,66771.94000000,418.44564000
2026-03-29T06:00:00+00:00,66771.94000000,66872.00000000,66636.00000000,66738.50000000,418.74617000
2026-03-29T07:00:00+00:00,66738.50000000,66752.61000000,66556.78000000,66671.00000000,346.10727000
2026-03-29T08:00:00+00:00,66671.00000000,66772.83000000,66600.00000000,66724.00000000,177.06023000
2026-03-29T09:00:00+00:00,66724.00000000,66773.02000000,66549.54000000,66634.01000000,225.04256000
2026-03-29T10:00:00+00:00,66634.01000000,66634.02000000,66418.00000000,66502.79000000,345.86500000
2026-03-29T11:00:00+00:00,66502.80000000,66988.01000000,66502.79000000,66816.28000000,336.66276000
2026-03-29T12:00:00+00:00,66816.29000000,66870.34000000,66703.07000000,66849.88000000,185.85649000
2026-03-29T13:00:00+00:00,66849.88000000,66875.24000000,66524.28000000,66580.36000000,359.56390000
2026-03-29T14:00:00+00:00,66580.36000000,66797.01000000,66461.00000000,66589.64000000,372.89659000
2026-03-29T15:00:00+00:00,66589.64000000,66730.60000000,66334.37000000,66523.00000000,518.27098000
2026-03-29T16:00:00+00:00,66523.01000000,66665.05000000,66435.75000000,66499.35000000,232.56305000
2026-03-29T17:00:00+00:00,66499.36000000,66546.00000000,66158.26000000,66385.84000000,329.15631000
2026-03-29T18:00:00+00:00,66385.84000000,66540.43000000,66321.66000000,66427.26000000,147.43013000
2026-03-29T19:00:00+00:00,66427.27000000,66477.81000000,66323.30000000,66348.62000000,285.67371000
2026-03-29T20:00:00+00:00,66348.61000000,66793.83000000,66348.61000000,66614.05000000,280.05501000
2026-03-29T21:00:00+00:00,66614.04000000,66756.51000000,66509.41000000,66710.12000000,220.10647000
2026-03-29T22:00:00+00:00,66710.12000000,66710.12000000,65000.00000000,65860.31000000,2219.11979000
2026-03-29T23:00:00+00:00,65860.31000000,66382.98000000,65859.91000000,66010.93000000,930.51742000
2026-03-30T00:00:00+00:00,66010.93000000,67059.66000000,65800.59000000,66280.25000000,1328.87485000
2026-03-30T01:00:00+00:00,66280.24000000,66834.79000000,66280.24000000,66653.74000000,685.87133000
2026-03-30T02:00:00+00:00,66653.74000000,67450.00000000,66580.01000000,67121.01000000,1220.60217000
2026-03-30T03:00:00+00:00,67121.01000000,67319.33000000,66977.62000000,67173.80000000,466.26604000
2026-03-30T04:00:00+00:00,67173.80000000,67650.01000000,67167.92000000,67616.29000000,809.57231000
2026-03-30T05:00:00+00:00,67616.28000000,67800.00000000,67442.00000000,67492.46000000,627.15632000
2026-03-30T06:00:00+00:00,67492.46000000,67585.97000000,67278.53000000,67305.14000000,721.78350000
2026-03-30T07:00:00+00:00,67305.14000000,67624.39000000,67227.88000000,67624.39000000,584.47106000
2026-03-30T08:00:00+00:00,67624.39000000,67946.02000000,67604.56000000,67666.44000000,1729.15176000
2026-03-30T09:00:00+00:00,67666.44000000,67698.62000000,67460.00000000,67495.46000000,607.44273000
2026-03-30T10:00:00+00:00,67495.46000000,67518.37000000,67360.41000000,67488.53000000,255.63666000
2026-03-30T11:00:00+00:00,67488.88000000,68042.30000000,67488.88000000,67680.45000000,790.86208000
2026-03-30T12:00:00+00:00,67680.44000000,67979.93000000,67666.17000000,67899.59000000,627.65449000
2026-03-30T13:00:00+00:00,67899.59000000,68169.65000000,67428.57000000,67529.52000000,1379.99177000
2026-03-30T14:00:00+00:00,67529.52000000,67864.49000000,67088.73000000,67799.54000000,1205.57197000
2026-03-30T15:00:00+00:00,67799.54000000,67896.89000000,67407.63000000,67629.40000000,964.70473000
2026-03-30T16:00:00+00:00,67629.40000000,67641.65000000,67222.00000000,67368.10000000,660.26793000
2026-03-30T17:00:00+00:00,67368.10000000,67465.20000000,66650.00000000,66828.02000000,917.71373000
2026-03-30T18:00:00+00:00,66828.02000000,66929.18000000,66508.25000000,66653.46000000,498.11738000
2026-03-30T19:00:00+00:00,66653.45000000,66664.57000000,66233.13000000,66550.05000000,597.89786000
2026-03-30T20:00:00+00:00,66550.06000000,66691.48000000,66523.75000000,66651.40000000,324.61202000
2026-03-30T21:00:00+00:00,66651.41000000,66994.17000000,66587.32000000,66809.30000000,481.42200000
2026-03-30T22:00:00+00:00,66809.30000000,66989.10000000,66683.72000000,66784.98000000,169.50316000
2026-03-30T23:00:00+00:00,66784.97000000,66797.38000000,66419.79000000,66797.37000000,698.24190000
2026-03-31T00:00:00+00:00,66797.38000000,67303.33000000,66544.51000000,67208.75000000,658.94529000
2026-03-31T01:00:00+00:00,67208.74000000,68408.37000000,67050.00000000,67938.54000000,1458.05548000
2026-03-31T02:00:00+00:00,67938.05000000,68096.87000000,67775.18000000,67943.43000000,435.18783000
2026-03-31T03:00:00+00:00,67943.43000000,68009.99000000,67648.20000000,67704.74000000,387.87365000
2026-03-31T04:00:00+00:00,67704.74000000,67979.38000000,67405.89000000,67544.01000000,1149.88888000
2026-03-31T05:00:00+00:00,67544.01000000,67780.34000000,67400.00000000,67681.68000000,653.43122000
2026-03-31T06:00:00+00:00,67681.69000000,67711.02000000,67333.33000000,67492.85000000,511.27605000
2026-03-31T07:00:00+00:00,67492.86000000,67524.65000000,67103.32000000,67367.69000000,1579.98188000
2026-03-31T08:00:00+00:00,67367.70000000,67496.00000000,66688.68000000,66778.33000000,897.84489000
2026-03-31T09:00:00+00:00,66778.34000000,66924.33000000,65998.05000000,66124.99000000,1512.48446000
2026-03-31T10:00:00+00:00,66125.00000000,66471.08000000,66100.01000000,66363.38000000,788.27557000
2026-03-31T11:00:00+00:00,66363.38000000,66922.58000000,66240.14000000,66685.69000000,989.38590000
2026-03-31T12:00:00+00:00,66685.69000000,66939.90000000,66520.71000000,66653.26000000,539.00678000
2026-03-31T13:00:00+00:00,66653.27000000,67412.11000000,66653.27000000,67302.29000000,1087.22021000
2026-03-31T14:00:00+00:00,67302.28000000,67767.87000000,66427.53000000,66587.45000000,1485.37387000
2026-03-31T15:00:00+00:00,66587.46000000,67283.25000000,66587.46000000,66736.80000000,1025.58837000
2026-03-31T16:00:00+00:00,66736.79000000,68030.19000000,66729.28000000,67665.83000000,1334.03651000
2026-03-31T17:00:00+00:00,67665.83000000,68589.49000000,67403.81000000,67526.75000000,2195.81331000
2026-03-31T18:00:00+00:00,67526.76000000,67947.98000000,67526.30000000,67854.05000000,426.40012000
2026-03-31T19:00:00+00:00,67854.04000000,68029.41000000,67716.35000000,67838.80000000,435.24470000
2026-03-31T20:00:00+00:00,67838.79000000,68267.27000000,67831.70000000,68265.53000000,693.06575000
2026-03-31T21:00:00+00:00,68265.53000000,68410.30000000,67884.00000000,68277.99000000,494.48096000
2026-03-31T22:00:00+00:00,68278.00000000,68341.16000000,67962.27000000,68172.87000000,755.55219000
2026-03-31T23:00:00+00:00,68173.59000000,68371.10000000,68090.20000000,68284.48000000,610.99275000
2026-04-01T00:00:00+00:00,68284.49000000,68343.77000000,67853.30000000,68330.75000000,542.79511000
2026-04-01T01:00:00+00:00,68330.76000000,68378.64000000,67760.33000000,67782.73000000,966.68117000
2026-04-01T02:00:00+00:00,67782.74000000,67913.98000000,67578.75000000,67668.89000000,1114.17912000
2026-04-01T03:00:00+00:00,67668.90000000,68250.00000000,67668.90000000,68170.67000000,551.94514000
2026-04-01T04:00:00+00:00,68170.67000000,68476.26000000,68005.33000000,68303.83000000,711.87735000
2026-04-01T05:00:00+00:00,68303.83000000,68755.51000000,68150.00000000,68456.02000000,817.48120000
2026-04-01T06:00:00+00:00,68456.01000000,69236.78000000,68456.01000000,69102.85000000,1241.29278000
2026-04-01T07:00:00+00:00,69102.80000000,69310.00000000,68667.02000000,68692.00000000,1537.59500000
2026-04-01T08:00:00+00:00,68692.00000000,68851.35000000,68389.21000000,68670.16000000,1279.02403000
2026-04-01T09:00:00+00:00,68670.15000000,68733.78000000,68390.25000000,68644.00000000,480.44871000
2026-04-01T10:00:00+00:00,68644.01000000,68662.26000000,68407.08000000,68585.55000000,974.80784000
2026-04-01T11:00:00+00:00,68585.55000000,68736.15000000,68505.91000000,68712.52000000,752.56981000
2026-04-01T12:00:00+00:00,68712.52000000,68786.00000000,68248.30000000,68393.60000000,1365.22557000
2026-04-01T13:00:00+00:00,68393.60000000,68681.25000000,67918.83000000,68116.07000000,1032.06992000
2026-04-01T14:00:00+00:00,68116.06000000,68690.98000000,68059.38000000,68593.55000000,905.17080000
2026-04-01T15:00:00+00:00,68593.56000000,68965.00000000,68428.94000000,68918.52000000,789.38357000
2026-04-01T16:00:00+00:00,68918.52000000,68986.66000000,68610.00000000,68816.34000000,705.16345000
2026-04-01T17:00:00+00:00,68816.35000000,69171.77000000,68247.17000000,68266.62000000,768.87563000
2026-04-01T18:00:00+00:00,68266.62000000,68330.31000000,67939.28000000,68084.76000000,723.37275000
2026-04-01T19:00:00+00:00,68084.76000000,68287.39000000,68028.19000000,68176.84000000,412.79717000
2026-04-01T20:00:00+00:00,68176.84000000,68249.00000000,67964.48000000,68191.09000000,276.10606000
2026-04-01T21:00:00+00:00,68191.09000000,68534.00000000,68171.56000000,68362.53000000,326.52766000
2026-04-01T22:00:00+00:00,68362.53000000,68362.53000000,68070.38000000,68122.99000000,270.47066000
2026-04-01T23:00:00+00:00,68122.99000000,68250.00000000,67996.89000000,68113.92000000,474.32940000
2026-04-02T00:00:00+00:00,68113.92000000,68653.38000000,68050.00000000,68600.29000000,409.19040000
2026-04-02T01:00:00+00:00,68600.29000000,68600.29000000,67050.84000000,67359.27000000,1944.08944000
2026-04-02T02:00:00+00:00,67359.27000000,67359.27000000,66624.64000000,66852.99000000,1169.08434000
2026-04-02T03:00:00+00:00,66852.99000000,66969.54000000,66500.00000000,66576.25000000,767.73135000
2026-04-02T04:00:00+00:00,66576.25000000,66655.46000000,66217.07000000,66330.27000000,889.41375000
2026-04-02T05:00:00+00:00,66330.27000000,66667.92000000,66311.00000000,66591.54000000,966.27870000
2026-04-02T06:00:00+00:00,66591.54000000,66824.95000000,66548.45000000,66681.49000000,493.29026000
2026-04-02T07:00:00+00:00,66681.48000000,66961.26000000,66557.33000000,66930.79000000,645.82875000
2026-04-02T08:00:00+00:00,66930.79000000,66930.79000000,66180.00000000,66439.12000000,781.90752000
2026-04-02T09:00:00+00:00,66439.12000000,66517.43000000,66294.00000000,66469.60000000,483.38047000
2026-04-02T10:00:00+00:00,66469.60000000,66511.79000000,66229.55000000,66457.28000000,452.52391000
2026-04-02T11:00:00+00:00,66457.28000000,66516.06000000,66167.10000000,66220.28000000,1122.63022000
2026-04-02T12:00:00+00:00,66220.28000000,66248.51000000,65961.66000000,66052.71000000,1024.11018000
2026-04-02T13:00:00+00:00,66052.71000000,66285.81000000,65712.12000000,66270.87000000,1225.30288000
2026-04-02T14:00:00+00:00,66270.87000000,67104.86000000,66168.07000000,66868.18000000,1908.17735000
2026-04-02T15:00:00+00:00,66868.17000000,66994.51000000,66646.36000000,66852.91000000,825.60342000
2026-04-02T16:00:00+00:00,66852.91000000,67300.00000000,66759.28000000,67095.85000000,920.46412000
2026-04-02T17:00:00+00:00,67095.85000000,67430.99000000,66666.66000000,66679.16000000,1455.89824000
2026-04-02T18:00:00+00:00,66679.16000000,67065.35000000,66596.80000000,66981.99000000,929.27922000
2026-04-02T19:00:00+00:00,66981.99000000,67109.09000000,66878.00000000,66975.99000000,436.15774000
2026-04-02T20:00:00+00:00,66976.00000000,67100.00000000,66798.00000000,66939.25000000,284.18038000
2026-04-02T21:00:00+00:00,66939.25000000,67012.09000000,66731.08000000,66935.93000000,272.54969000
2026-04-02T22:00:00+00:00,66935.94000000,67037.48000000,66825.61000000,66982.48000000,352.22156000
2026-04-02T23:00:00+00:00,66982.48000000,67096.68000000,66855.50000000,66901.99000000,444.18527000
2026-04-03T00:00:00+00:00,66901.99000000,67000.00000000,66702.83000000,66785.86000000,388.08477000
2026-04-03T01:00:00+00:00,66785.87000000,66905.61000000,66483.90000000,66630.00000000,613.91410000
2026-04-03T02:00:00+00:00,66630.01000000,66750.57000000,66282.00000000,66533.81000000,625.36210000
2026-04-03T03:00:00+00:00,66533.82000000,66724.17000000,66495.69000000,66579.97000000,581.20992000
2026-04-03T04:00:00+00:00,66579.98000000,66699.99000000,66500.04000000,66602.66000000,733.15532000
2026-04-03T05:00:00+00:00,66602.67000000,66808.50000000,66416.68000000,66600.35000000,822.39566000
2026-04-03T06:00:00+00:00,66600.35000000,66800.00000000,66558.76000000,66796.79000000,434.29670000
2026-04-03T07:00:00+00:00,66796.80000000,67247.38000000,66758.00000000,67042.08000000,883.37731000
2026-04-03T08:00:00+00:00,67042.08000000,67288.00000000,66900.56000000,66965.39000000,717.16964000
2026-04-03T09:00:00+00:00,66965.39000000,67007.93000000,66749.35000000,66859.58000000,291.40037000
2026-04-03T10:00:00+00:00,66859.58000000,66898.97000000,66674.72000000,66883.08000000,215.33139000
2026-04-03T11:00:00+00:00,66883.09000000,67057.42000000,66823.18000000,67017.44000000,215.91455000
2026-04-03T12:00:00+00:00,67017.43000000,67370.42000000,66646.36000000,66722.16000000,808.01051000
2026-04-03T13:00:00+00:00,66722.16000000,66735.62000000,66508.10000000,66672.00000000,554.93399000
2026-04-03T14:00:00+00:00,66671.99000000,66990.59000000,66634.00000000,66929.81000000,530.03077000
2026-04-03T15:00:00+00:00,66929.80000000,67028.37000000,66823.30000000,66827.15000000,465.79672000
2026-04-03T16:00:00+00:00,66827.15000000,67069.00000000,66827.14000000,67010.46000000,361.06450000
2026-04-03T17:00:00+00:00,67010.45000000,67067.00000000,66751.86000000,66855.01000000,378.12395000
2026-04-03T18:00:00+00:00,66855.00000000,66930.00000000,66786.12000000,66812.03000000,187.13591000
2026-04-03T19:00:00+00:00,66812.04000000,66911.19000000,66774.02000000,66885.74000000,289.39585000
2026-04-03T20:00:00+00:00,66885.73000000,66919.61000000,66831.97000000,66831.98000000,141.97965000
2026-04-03T21:00:00+00:00,66831.97000000,66970.18000000,66827.60000000,66964.21000000,378.17654000
2026-04-03T22:00:00+00:00,66964.21000000,66970.17000000,66842.76000000,66888.76000000,287.42422000
2026-04-03T23:00:00+00:00,66888.76000000,66964.30000000,66826.13000000,66964.30000000,525.44687000
2026-04-04T00:00:00+00:00,66964.29000000,66968.28000000,66876.70000000,66893.39000000,159.10280000
2026-04-04T01:00:00+00:00,66893.40000000,66924.48000000,66827.22000000,66852.00000000,418.46364000
2026-04-04T02:00:00+00:00,66852.00000000,66919.41000000,66814.00000000,66844.83000000,138.81793000
2026-04-04T03:00:00+00:00,66844.84000000,66910.22000000,66830.23000000,66832.18000000,86.81929000
2026-04-04T04:00:00+00:00,66832.18000000,66876.32000000,66775.91000000,66860.73000000,180.50471000
2026-04-04T05:00:00+00:00,66860.73000000,66936.72000000,66844.14000000,66916.29000000,629.01422000
2026-04-04T06:00:00+00:00,66916.30000000,67049.94000000,66911.20000000,67013.24000000,254.32193000
2026-04-04T07:00:00+00:00,67013.25000000,67052.99000000,66943.34000000,67014.96000000,664.43952000
2026-04-04T08:00:00+00:00,67014.95000000,67057.42000000,66918.00000000,66940.00000000,398.19184000
2026-04-04T09:00:00+00:00,66940.00000000,66994.52000000,66918.00000000,66988.05000000,295.09328000
2026-04-04T10:00:00+00:00,66988.06000000,67167.00000000,66918.00000000,67167.00000000,290.85424000
2026-04-04T11:00:00+00:00,67167.00000000,67232.72000000,67083.43000000,67156.93000000,363.18025000
2026-04-04T12:00:00+00:00,67156.93000000,67185.00000000,67060.56000000,67097.87000000,140.59027000
2026-04-04T13:00:00+00:00,67097.87000000,67267.00000000,67082.41000000,67193.44000000,362.06124000
2026-04-04T14:00:00+00:00,67193.45000000,67223.51000000,67029.07000000,67215.24000000,369.07128000
2026-04-04T15:00:00+00:00,67215.24000000,67562.93000000,67177.39000000,67383.66000000,635.57272000
2026-04-04T16:00:00+00:00,67383.66000000,67520.85000000,67331.06000000,67366.68000000,294.26452000
2026-04-04T17:00:00+00:00,67366.68000000,67416.48000000,67292.00000000,67329.40000000,254.01236000
2026-04-04T18:00:00+00:00,67329.41000000,67380.98000000,67265.00000000,67295.47000000,120.36154000
2026-04-04T19:00:00+00:00,67295.47000000,67543.60000000,67275.00000000,67288.42000000,189.77457000
2026-04-04T20:00:00+00:00,67288.42000000,67295.81000000,67186.62000000,67268.40000000,186.97188000
2026-04-04T21:00:00+00:00,67268.40000000,67504.54000000,67215.00000000,67359.20000000,238.42540000
2026-04-04T22:00:00+00:00,67359.21000000,67470.93000000,67341.19000000,67399.92000000,306.33880000
2026-04-04T23:00:00+00:00,67399.91000000,67399.99000000,67261.32000000,67300.42000000,397.26790000
2026-04-05T00:00:00+00:00,67300.42000000,67307.28000000,67168.08000000,67225.00000000,431.18676000
2026-04-05T01:00:00+00:00,67225.00000000,67230.00000000,67080.00000000,67085.00000000,369.56535000
2026-04-05T02:00:00+00:00,67085.00000000,67174.92000000,66955.72000000,67170.16000000,252.42427000
2026-04-05T03:00:00+00:00,67170.17000000,67188.09000000,67089.33000000,67145.98000000,163.69484000
2026-04-05T04:00:00+00:00,67145.98000000,67188.51000000,67073.56000000,67101.65000000,92.89503000
2026-04-05T05:00:00+00:00,67101.65000000,67154.98000000,66888.00000000,66931.65000000,466.39184000
2026-04-05T06:00:00+00:00,66931.65000000,66940.00000000,66611.66000000,66802.24000000,728.34135000
2026-04-05T07:00:00+00:00,66802.24000000,66914.48000000,66715.43000000,66820.64000000,615.79892000
2026-04-05T08:00:00+00:00,66820.64000000,66940.00000000,66819.42000000,66933.18000000,227.07394000
2026-04-05T09:00:00+00:00,66933.18000000,67048.64000000,66902.15000000,67035.15000000,293.93169000
2026-04-05T10:00:00+00:00,67035.15000000,67150.00000000,66968.35000000,67046.01000000,288.35183000
2026-04-05T11:00:00+00:00,67046.01000000,67087.22000000,66973.67000000,66999.00000000,253.07128000
2026-04-05T12:00:00+00:00,66998.99000000,66999.00000000,66680.57000000,66783.58000000,607.98096000
2026-04-05T13:00:00+00:00,66783.59000000,66918.03000000,66693.91000000,66890.70000000,361.31735000
2026-04-05T14:00:00+00:00,66890.70000000,66963.95000000,66820.54000000,66918.03000000,296.03960000
2026-04-05T15:00:00+00:00,66918.03000000,67856.16000000,66829.02000000,67306.64000000,1471.07760000
2026-04-05T16:00:00+00:00,67306.65000000,67410.00000000,67173.40000000,67212.62000000,356.80623000
2026-04-05T17:00:00+00:00,67212.61000000,67402.00000000,67187.95000000,67373.64000000,168.11139000
2026-04-05T18:00:00+00:00,67373.64000000,67451.78000000,67281.38000000,67413.78000000,210.99631000
2026-04-05T19:00:00+00:00,67413.78000000,67560.45000000,67276.67000000,67361.01000000,229.64378000
2026-04-05T20:00:00+00:00,67361.01000000,67705.74000000,67332.66000000,67658.35000000,338.30366000
2026-04-05T21:00:00+00:00,67658.35000000,67682.42000000,67408.07000000,67553.43000000,435.91664000
2026-04-05T22:00:00+00:00,67553.44000000,68374.75000000,67347.05000000,68338.43000000,1201.92322000
2026-04-05T23:00:00+00:00,68338.43000000,69136.20000000,68266.13000000,69034.18000000,1872.62368000
2026-04-06T00:00:00+00:00,69034.18000000,69588.00000000,69034.18000000,69083.78000000,1917.91608000
2026-04-06T01:00:00+00:00,69083.79000000,69139.63000000,68787.13000000,68810.18000000,991.41564000
2026-04-06T02:00:00+00:00,68810.17000000,69408.39000000,68776.61000000,69207.99000000,951.83494000
2026-04-06T03:00:00+00:00,69207.99000000,69259.06000000,69056.86000000,69123.69000000,641.74895000
2026-04-06T04:00:00+00:00,69123.69000000,69217.68000000,68980.36000000,69141.80000000,640.03746000
2026-04-06T05:00:00+00:00,69141.81000000,69247.00000000,69086.00000000,69199.31000000,664.48642000
2026-04-06T06:00:00+00:00,69199.31000000,69354.26000000,68806.53000000,68976.67000000,805.10068000
2026-04-06T07:00:00+00:00,68976.67000000,69215.37000000,68821.07000000,69115.91000000,705.20265000
2026-04-06T08:00:00+00:00,69115.91000000,69347.85000000,69081.88000000,69224.63000000,514.80546000
2026-04-06T09:00:00+00:00,69224.63000000,70283.32000000,69214.46000000,69728.00000000,2395.68342000
2026-04-06T10:00:00+00:00,69728.01000000,69950.00000000,69708.13000000,69770.88000000,634.91449000
2026-04-06T11:00:00+00:00,69770.88000000,69770.96000000,69565.01000000,69614.91000000,453.63795000
2026-04-06T12:00:00+00:00,69614.91000000,69635.87000000,69329.23000000,69366.75000000,601.70240000
2026-04-06T13:00:00+00:00,69366.76000000,69550.00000000,69235.09000000,69428.23000000,656.60844000
2026-04-06T14:00:00+00:00,69428.23000000,69809.99000000,69163.86000000,69654.38000000,1336.92282000
2026-04-06T15:00:00+00:00,69654.39000000,69973.25000000,69526.87000000,69968.87000000,814.13173000
2026-04-06T16:00:00+00:00,69968.87000000,70351.46000000,69782.11000000,69799.14000000,1291.21899000
2026-04-06T17:00:00+00:00,69799.14000000,69820.00000000,69282.02000000,69574.61000000,914.30002000
2026-04-06T18:00:00+00:00,69574.62000000,69967.78000000,69479.49000000,69888.97000000,537.79955000
2026-04-06T19:00:00+00:00,69888.97000000,69899.99000000,69583.33000000,69739.53000000,431.93913000
2026-04-06T20:00:00+00:00,69739.52000000,69974.08000000,69625.00000000,69826.01000000,372.95882000
2026-04-06T21:00:00+00:00,69826.00000000,69826.00000000,69423.09000000,69504.99000000,366.00988000
2026-04-06T22:00:00+00:00,69504.99000000,69581.92000000,68811.00000000,68811.00000000,578.82627000
2026-04-06T23:00:00+00:00,68811.01000000,68912.97000000,68300.00000000,68853.66000000,1062.40825000
2026-04-07T00:00:00+00:00,68853.66000000,69128.20000000,68723.81000000,68775.70000000,908.20417000
2026-04-07T01:00:00+00:00,68775.71000000,68900.63000000,68352.52000000,68400.01000000,682.14287000
2026-04-07T02:00:00+00:00,68400.01000000,68713.92000000,68273.34000000,68674.00000000,382.32486000
2026-04-07T03:00:00+00:00,68674.01000000,68800.94000000,68625.59000000,68779.21000000,449.64401000
2026-04-07T04:00:00+00:00,68779.20000000,68981.83000000,68540.84000000,68854.65000000,480.37449000
2026-04-07T05:00:00+00:00,68854.65000000,68866.00000000,68613.20000000,68669.00000000,546.70209000
2026-04-07T06:00:00+00:00,68669.00000000,68669.01000000,68443.00000000,68568.35000000,488.73987000
2026-04-07T07:00:00+00:00,68568.35000000,68703.72000000,68500.00000000,68624.61000000,307.81904000
2026-04-07T08:00:00+00:00,68624.60000000,68984.48000000,68603.60000000,68936.71000000,338.93457000
2026-04-07T09:00:00+00:00,68936.71000000,69247.90000000,68930.04000000,69150.05000000,436.92801000
2026-04-07T10:00:00+00:00,69150.06000000,69199.87000000,68200.00000000,68237.93000000,899.01254000
2026-04-07T11:00:00+00:00,68237.93000000,68455.96000000,68071.96000000,68345.75000000,598.71022000
2026-04-07T12:00:00+00:00,68345.75000000,68599.13000000,68080.00000000,68392.18000000,738.67705000
2026-04-07T13:00:00+00:00,68392.19000000,68633.87000000,68198.12000000,68231.99000000,822.06110000
2026-04-07T14:00:00+00:00,68231.99000000,68258.26000000,67763.64000000,67860.48000000,1396.10082000
2026-04-07T15:00:00+00:00,67860.49000000,68268.60000000,67732.01000000,68168.10000000,1084.45539000
2026-04-07T16:00:00+00:00,68168.11000000,68454.23000000,68085.01000000,68229.99000000,654.26405000
2026-04-07T17:00:00+00:00,68230.00000000,69000.00000000,68198.22000000,68705.81000000,1147.70463000
2026-04-07T18:00:00+00:00,68705.82000000,68773.24000000,68358.10000000,68442.53000000,630.41269000
2026-04-07T19:00:00+00:00,68442.52000000,69098.44000000,68358.10000000,69011.29000000,1385.03929000
2026-04-07T20:00:00+00:00,69011.29000000,69535.26000000,69011.29000000,69319.39000000,1097.55478000
2026-04-07T21:00:00+00:00,69319.39000000,70216.68000000,69311.84000000,69927.64000000,1742.03489000
2026-04-07T22:00:00+00:00,69927.65000000,71528.00000000,69927.65000000,71514.09000000,2841.66596000
2026-04-07T23:00:00+00:00,71514.10000000,72761.00000000,71194.90000000,71924.22000000,3690.98922000
2026-04-08T00:00:00+00:00,71924.22000000,72110.65000000,71541.51000000,71710.19000000,1153.45069000
2026-04-08T01:00:00+00:00,71710.19000000,71758.60000000,71452.68000000,71476.97000000,621.62060000
2026-04-08T02:00:00+00:00,71476.98000000,71727.01000000,71240.99000000,71364.94000000,1153.76247000
2026-04-08T03:00:00+00:00,71364.95000000,71479.97000000,71277.18000000,71287.39000000,441.23135000
2026-04-08T04:00:00+00:00,71287.39000000,71676.77000000,71287.38000000,71566.18000000,721.11279000
2026-04-08T05:00:00+00:00,71566.66000000,71831.60000000,71560.00000000,71731.10000000,821.79755000
2026-04-08T06:00:00+00:00,71731.10000000,71941.42000000,71581.14000000,71732.69000000,811.19618000
2026-04-08T07:00:00+00:00,71732.70000000,71902.00000000,71573.04000000,71627.59000000,943.84918000
2026-04-08T08:00:00+00:00,71627.59000000,71831.08000000,71627.59000000,71800.00000000,501.15204000
2026-04-08T09:00:00+00:00,71799.99000000,71955.00000000,71588.75000000,71678.87000000,419.99950000
2026-04-08T10:00:00+00:00,71678.87000000,71790.00000000,71457.61000000,71476.98000000,514.21900000
2026-04-08T11:00:00+00:00,71476.97000000,71739.67000000,71407.77000000,71675.12000000,779.27898000
2026-04-08T12:00:00+00:00,71675.12000000,72181.81000000,71581.76000000,72071.95000000,1226.00544000
2026-04-08T13:00:00+00:00,72071.95000000,72857.00000000,71510.00000000,71600.01000000,2821.31683000
2026-04-08T14:00:00+00:00,71600.00000000,71751.42000000,70707.23000000,70912.88000000,1895.54834000
2026-04-08T15:00:00+00:00,70912.89000000,71349.05000000,70833.30000000,71310.00000000,873.16856000
2026-04-08T16:00:00+00:00,71309.99000000,71699.00000000,71250.93000000,71602.10000000,757.94566000
2026-04-08T17:00:00+00:00,71602.11000000,71963.94000000,71490.55000000,71888.19000000,682.09647000
2026-04-08T18:00:00+00:00,71888.19000000,71888.20000000,71085.22000000,71099.63000000,703.75724000
2026-04-08T19:00:00+00:00,71099.63000000,71372.22000000,71019.00000000,71318.48000000,473.49397000
2026-04-08T20:00:00+00:00,71318.47000000,71481.70000000,71267.91000000,71372.93000000,226.24698000
2026-04-08T21:00:00+00:00,71372.94000000,71748.00000000,71330.86000000,71551.39000000,367.89907000
2026-04-08T22:00:00+00:00,71551.40000000,71571.60000000,71064.84000000,71064.84000000,374.67564000
2026-04-08T23:00:00+00:00,71064.84000000,71204.00000000,70901.89000000,71069.93000000,517.86174000
2026-04-09T00:00:00+00:00,71069.93000000,71133.71000000,70650.00000000,70815.50000000,677.85142000
2026-04-09T01:00:00+00:00,70815.50000000,70956.70000000,70466.00000000,70928.89000000,495.03665000
2026-04-09T02:00:00+00:00,70928.90000000,71198.80000000,70816.36000000,71060.64000000,664.15391000
2026-04-09T03:00:00+00:00,71060.64000000,71124.05000000,70845.27000000,70992.39000000,808.25356000
2026-04-09T04:00:00+00:00,70992.37000000,71006.13000000,70734.77000000,70782.00000000,304.15042000
2026-04-09T05:00:00+00:00,70781.99000000,71087.12000000,70689.38000000,70984.00000000,495.40100000
2026-04-09T06:00:00+00:00,70983.99000000,71082.71000000,70809.94000000,71031.84000000,538.94746000
2026-04-09T07:00:00+00:00,71031.83000000,71116.00000000,70955.40000000,70982.01000000,922.88611000
2026-04-09T08:00:00+00:00,70982.01000000,71380.00000000,70865.42000000,71249.51000000,562.42694000
2026-04-09T09:00:00+00:00,71249.51000000,71575.00000000,71109.99000000,71534.68000000,512.02010000
2026-04-09T10:00:00+00:00,71534.69000000,71534.69000000,71276.44000000,71276.45000000,304.66693000
2026-04-09T11:00:00+00:00,71276.45000000,71350.00000000,71038.50000000,71150.17000000,446.85377000
2026-04-09T12:00:00+00:00,71150.17000000,71328.79000000,71040.00000000,71279.63000000,382.04593000
2026-04-09T13:00:00+00:00,71279.63000000,71355.24000000,70629.30000000,70801.98000000,696.59545000
2026-04-09T14:00:00+00:00,70801.97000000,71250.39000000,70522.77000000,71123.71000000,873.72309000
2026-04-09T15:00:00+00:00,71123.71000000,72358.00000000,70929.44000000,72141.99000000,2048.75279000
2026-04-09T16:00:00+00:00,72142.00000000,72399.00000000,71729.66000000,72080.87000000,1429.68310000
2026-04-09T17:00:00+00:00,72080.86000000,72550.00000000,72062.38000000,72347.49000000,1415.90923000
2026-04-09T18:00:00+00:00,72348.00000000,72380.70000000,71747.68000000,71888.69000000,560.32535000
2026-04-09T19:00:00+00:00,71888.69000000,72300.00000000,71750.00000000,72096.32000000,607.89039000
2026-04-09T20:00:00+00:00,72096.33000000,72458.31000000,71985.95000000,72413.97000000,497.89389000
2026-04-09T21:00:00+00:00,72413.96000000,72700.00000000,72142.79000000,72264.95000000,771.79321000
2026-04-09T22:00:00+00:00,72264.96000000,73145.00000000,71945.94000000,71946.01000000,1345.32358000
2026-04-09T23:00:00+00:00,71946.01000000,72025.53000000,71585.25000000,71787.97000000,795.83731000
2026-04-10T00:00:00+00:00,71787.98000000,72028.40000000,71573.35000000,71963.03000000,967.97430000
2026-04-10T01:00:00+00:00,71963.04000000,72387.00000000,71673.48000000,72157.93000000,679.67117000
2026-04-10T02:00:00+00:00,72157.93000000,72291.04000000,71921.59000000,71965.36000000,515.54191000
2026-04-10T03:00:00+00:00,71965.36000000,72027.37000000,71813.73000000,71868.67000000,543.68867000
2026-04-10T04:00:00+00:00,71868.67000000,72212.84000000,71820.47000000,72117.29000000,734.17151000
2026-04-10T05:00:00+00:00,72117.29000000,72267.89000000,72010.40000000,72127.84000000,408.69549000
2026-04-10T06:00:00+00:00,72127.84000000,72179.85000000,71792.01000000,71805.38000000,448.00931000
2026-04-10T07:00:00+00:00,71805.39000000,71837.59000000,71428.00000000,71481.85000000,702.39043000
2026-04-10T08:00:00+00:00,71481.85000000,71769.41000000,71426.15000000,71606.07000000,624.89096000
2026-04-10T09:00:00+00:00,71606.08000000,71873.00000000,71583.47000000,71787.41000000,281.02303000
2026-04-10T10:00:00+00:00,71787.41000000,71928.29000000,71711.60000000,71910.09000000,238.63388000
2026-04-10T11:00:00+00:00,71910.10000000,72261.93000000,71903.69000000,72127.59000000,421.17579000
2026-04-10T12:00:00+00:00,72127.59000000,72458.00000000,72007.50000000,72258.68000000,733.42450000
2026-04-10T13:00:00+00:00,72258.69000000,72409.41000000,71899.51000000,72321.40000000,673.26680000
2026-04-10T14:00:00+00:00,72321.39000000,73155.58000000,72258.00000000,72909.00000000,2362.61980000
2026-04-10T15:00:00+00:00,72909.00000000,73289.96000000,72355.87000000,72460.51000000,1324.05053000
2026-04-10T16:00:00+00:00,72460.52000000,73069.40000000,72387.41000000,72992.33000000,733.09003000
2026-04-10T17:00:00+00:00,72992.32000000,73146.00000000,72802.96000000,73121.66000000,454.50524000
2026-04-10T18:00:00+00:00,73121.66000000,73159.81000000,72880.95000000,73107.07000000,597.01721000
2026-04-10T19:00:00+00:00,73107.07000000,73264.76000000,72900.00000000,73236.11000000,713.54118000
2026-04-10T20:00:00+00:00,73236.11000000,73434.00000000,73051.97000000,73361.68000000,872.16866000
2026-04-10T21:00:00+00:00,73361.68000000,73364.47000000,72934.53000000,73190.67000000,654.89865000
2026-04-10T22:00:00+00:00,73190.68000000,73244.03000000,72700.60000000,72877.00000000,798.34690000
2026-04-10T23:00:00+00:00,72877.01000000,72967.79000000,72791.96000000,72962.70000000,889.83693000
2026-04-11T00:00:00+00:00,72962.71000000,72962.71000000,72787.94000000,72828.42000000,801.54149000
2026-04-11T01:00:00+00:00,72828.42000000,72999.99000000,72670.00000000,72954.39000000,320.30020000
2026-04-11T02:00:00+00:00,72954.39000000,73094.89000000,72910.93000000,72966.57000000,288.43552000
2026-04-11T03:00:00+00:00,72966.58000000,73075.34000000,72814.42000000,72866.63000000,227.12944000
2026-04-11T04:00:00+00:00,72866.62000000,72954.28000000,72681.90000000,72806.08000000,298.14959000
2026-04-11T05:00:00+00:00,72806.08000000,72836.55000000,72679.08000000,72722.28000000,222.17067000
2026-04-11T06:00:00+00:00,72722.28000000,72771.32000000,72612.16000000,72762.00000000,590.44339000
2026-04-11T07:00:00+00:00,72762.01000000,72832.00000000,72672.56000000,72745.38000000,321.42327000
2026-04-11T08:00:00+00:00,72745.38000000,72799.57000000,72638.44000000,72664.17000000,263.67236000
2026-04-11T09:00:00+00:00,72664.16000000,72908.00000000,72617.75000000,72907.11000000,306.96352000
2026-04-11T10:00:00+00:00,72907.12000000,72915.95000000,72760.90000000,72843.71000000,224.83128000
2026-04-11T11:00:00+00:00,72843.70000000,72912.00000000,72826.37000000,72907.05000000,109.63598000
2026-04-11T12:00:00+00:00,72907.05000000,72982.40000000,72814.97000000,72940.49000000,180.21756000
2026-04-11T13:00:00+00:00,72940.50000000,72940.50000000,72513.09000000,72658.07000000,493.97275000
2026-04-11T14:00:00+00:00,72658.07000000,72770.91000000,72609.27000000,72704.67000000,212.83973000
2026-04-11T15:00:00+00:00,72704.66000000,72896.03000000,72678.00000000,72858.17000000,246.74388000
2026-04-11T16:00:00+00:00,72858.18000000,73204.74000000,72812.94000000,73034.33000000,656.04744000
2026-04-11T17:00:00+00:00,73034.34000000,73169.04000000,72942.06000000,73095.97000000,269.56328000
2026-04-11T18:00:00+00:00,73095.97000000,73726.13000000,73032.61000000,73547.89000000,856.65701000
2026-04-11T19:00:00+00:00,73547.90000000,73790.00000000,73472.38000000,73687.15000000,595.03700000
2026-04-11T20:00:00+00:00,73687.16000000,73689.97000000,73226.28000000,73290.43000000,395.49217000
2026-04-11T21:00:00+00:00,73290.43000000,73548.08000000,73200.48000000,73427.04000000,366.94025000
2026-04-11T22:00:00+00:00,73427.04000000,73574.00000000,73234.25000000,73376.01000000,431.15797000
2026-04-11T23:00:00+00:00,73376.01000000,73376.01000000,72907.40000000,73043.16000000,391.57799000
2026-04-12T00:00:00+00:00,73043.16000000,73117.32000000,72873.25000000,73079.96000000,390.45862000
2026-04-12T01:00:00+00:00,73079.96000000,73137.24000000,71310.00000000,71643.69000000,2072.10202000
2026-04-12T02:00:00+00:00,71643.69000000,71982.46000000,71352.47000000,71761.35000000,839.35622000
2026-04-12T03:00:00+00:00,71761.35000000,71861.33000000,71593.18000000,71593.19000000,790.20901000
2026-04-12T04:00:00+00:00,71593.18000000,71685.31000000,71444.68000000,71466.53000000,611.50691000
2026-04-12T05:00:00+00:00,71466.53000000,71781.00000000,71417.22000000,71710.20000000,667.76838000
2026-04-12T06:00:00+00:00,71710.19000000,71753.33000000,71633.77000000,71668.01000000,377.10612000
2026-04-12T07:00:00+00:00,71668.01000000,71747.31000000,71588.57000000,71665.00000000,313.33908000
2026-04-12T08:00:00+00:00,71664.99000000,71805.85000000,71595.00000000,71629.21000000,922.36362000
2026-04-12T09:00:00+00:00,71629.21000000,71633.01000000,71488.45000000,71531.94000000,372.12981000
2026-04-12T10:00:00+00:00,71531.95000000,71682.72000000,71357.76000000,71452.89000000,274.78665000
2026-04-12T11:00:00+00:00,71452.89000000,71556.12000000,71412.57000000,71468.55000000,211.53603000
2026-04-12T12:00:00+00:00,71468.54000000,71500.00000000,71077.44000000,71084.01000000,608.12473000
2026-04-12T13:00:00+00:00,71084.01000000,71146.03000000,70866.82000000,70889.42000000,708.82478000
2026-04-12T14:00:00+00:00,70889.42000000,71092.78000000,70700.00000000,70748.34000000,541.94034000
2026-04-12T15:00:00+00:00,70748.34000000,70932.00000000,70604.07000000,70892.03000000,502.43194000
2026-04-12T16:00:00+00:00,70892.04000000,70959.51000000,70821.05000000,70936.27000000,259.94883000
2026-04-12T17:00:00+00:00,70936.27000000,71202.00000000,70900.00000000,71140.51000000,322.73260000
2026-04-12T18:00:00+00:00,71140.51000000,71214.08000000,71056.20000000,71137.64000000,176.22609000
2026-04-12T19:00:00+00:00,71137.65000000,71222.58000000,71078.76000000,71084.18000000,233.07874000
2026-04-12T20:00:00+00:00,71084.18000000,71440.00000000,70956.83000000,71335.43000000,622.27061000
2026-04-12T21:00:00+00:00,71335.43000000,71452.00000000,71163.01000000,71364.02000000,234.93742000
2026-04-12T22:00:00+00:00,71364.03000000,71367.85000000,70505.88000000,70912.73000000,908.94869000
2026-04-12T23:00:00+00:00,70912.73000000,70912.73000000,70571.66000000,70740.98000000,510.34077000
2026-04-13T00:00:00+00:00,70741.56000000,71262.63000000,70615.30000000,71172.62000000,546.73984000
2026-04-13T01:00:00+00:00,71172.63000000,71227.28000000,71027.26000000,71197.64000000,720.27854000
2026-04-13T02:00:00+00:00,71197.64000000,71271.78000000,70986.71000000,71073.14000000,270.71272000
2026-04-13T03:00:00+00:00,71073.14000000,71155.42000000,70917.27000000,70976.00000000,348.91610000
2026-04-13T04:00:00+00:00,70975.99000000,71144.00000000,70854.29000000,70890.30000000,584.47308000
2026-04-13T05:00:00+00:00,70890.30000000,70920.00000000,70672.72000000,70878.82000000,533.46945000
2026-04-13T06:00:00+00:00,70878.82000000,71106.54000000,70878.82000000,71017.66000000,697.01918000
2026-04-13T07:00:00+00:00,71017.66000000,71067.91000000,70685.25000000,70813.88000000,859.13978000
2026-04-13T08:00:00+00:00,70813.88000000,70861.01000000,70566.99000000,70680.70000000,334.12518000
2026-04-13T09:00:00+00:00,70680.70000000,70910.68000000,70678.00000000,70792.88000000,250.58431000
2026-04-13T10:00:00+00:00,70792.89000000,70846.90000000,70688.28000000,70755.88000000,177.99631000
2026-04-13T11:00:00+00:00,70755.89000000,70997.12000000,70736.29000000,70929.68000000,260.33899000
2026-04-13T12:00:00+00:00,70929.68000000,71219.80000000,70758.50000000,71074.91000000,460.12900000
2026-04-13T13:00:00+00:00,71074.92000000,71700.82000000,70818.57000000,71662.65000000,1544.74455000
2026-04-13T14:00:00+00:00,71662.65000000,72401.00000000,71375.24000000,72400.15000000,2098.23774000
2026-04-13T15:00:00+00:00,72400.15000000,72464.28000000,71652.65000000,71866.59000000,1342.33780000
2026-04-13T16:00:00+00:00,71866.59000000,72437.25000000,71679.80000000,72202.36000000,1514.19404000
2026-04-13T17:00:00+00:00,72202.37000000,72600.00000000,72069.01000000,72148.87000000,1653.64723000
2026-04-13T18:00:00+00:00,72148.87000000,72460.42000000,72053.78000000,72424.86000000,965.95939000
2026-04-13T19:00:00+00:00,72424.86000000,73480.00000000,72298.93000000,73322.82000000,2632.95065000
2026-04-13T20:00:00+00:00,73322.00000000,73394.37000000,73007.08000000,73149.36000000,1081.57049000
2026-04-13T21:00:00+00:00,73149.36000000,73368.08000000,73072.85000000,73179.71000000,387.90227000
2026-04-13T22:00:00+00:00,73179.71000000,74746.61000000,73172.01000000,74627.04000000,3298.60756000
2026-04-13T23:00:00+00:00,74627.04000000,74900.00000000,74405.64000000,74417.99000000,1666.14205000
2026-04-14T00:00:00+00:00,74418.00000000,74517.31000000,74102.39000000,74163.82000000,1276.45858000
2026-04-14T01:00:00+00:00,74163.82000000,74431.00000000,73954.86000000,74386.02000000,1065.16310000
2026-04-14T02:00:00+00:00,74386.03000000,74579.32000000,74283.20000000,74330.98000000,598.05117000
2026-04-14T03:00:00+00:00,74330.99000000,74496.90000000,74252.35000000,74444.43000000,646.36946000
2026-04-14T04:00:00+00:00,74444.44000000,74504.52000000,74351.55000000,74387.85000000,484.30563000
2026-04-14T05:00:00+00:00,74387.85000000,74434.41000000,74150.60000000,74210.11000000,838.40961000
2026-04-14T06:00:00+00:00,74210.12000000,74550.00000000,74210.12000000,74522.73000000,614.57152000
2026-04-14T07:00:00+00:00,74522.72000000,74924.64000000,74430.92000000,74546.00000000,1456.55359000
2026-04-14T08:00:00+00:00,74545.99000000,74910.00000000,74460.64000000,74750.00000000,938.29896000
2026-04-14T09:00:00+00:00,74750.00000000,74830.93000000,74435.12000000,74500.00000000,565.86470000
2026-04-14T10:00:00+00:00,74500.00000000,74617.92000000,74333.46000000,74350.01000000,540.18312000
2026-04-14T11:00:00+00:00,74350.01000000,74450.63000000,74307.35000000,74376.52000000,653.35819000
2026-04-14T12:00:00+00:00,74376.52000000,74485.06000000,74277.19000000,74452.00000000,513.51818000
2026-04-14T13:00:00+00:00,74452.00000000,75532.94000000,74407.74000000,75525.94000000,3246.78739000
2026-04-14T14:00:00+00:00,75525.94000000,76038.00000000,75013.61000000,75013.62000000,4357.56106000
2026-04-14T15:00:00+00:00,75013.61000000,75441.99000000,74564.34000000,75317.07000000,1661.60412000
2026-04-14T16:00:00+00:00,75317.06000000,75688.00000000,74527.02000000,74652.20000000,1265.45725000
2026-04-14T17:00:00+00:00,74652.20000000,74948.78000000,74244.63000000,74748.90000000,985.97900000
2026-04-14T18:00:00+00:00,74748.89000000,74814.99000000,73795.47000000,74093.19000000,1613.97962000
2026-04-14T19:00:00+00:00,74093.18000000,74398.43000000,73882.79000000,74223.18000000,1054.69346000
2026-04-14T20:00:00+00:00,74223.30000000,74434.33000000,74015.53000000,74102.29000000,434.25271000
2026-04-14T21:00:00+00:00,74102.28000000,74320.44000000,73951.64000000,74277.15000000,381.06364000
2026-04-14T22:00:00+00:00,74277.16000000,74373.19000000,73806.09000000,74023.15000000,638.74603000
2026-04-14T23:00:00+00:00,74023.16000000,74232.83000000,74001.08000000,74131.55000000,701.71447000
2026-04-15T00:00:00+00:00,74131.55000000,74677.19000000,74126.32000000,74568.36000000,874.99865000
2026-04-15T01:00:00+00:00,74568.37000000,74786.72000000,74500.00000000,74613.28000000,443.16738000
2026-04-15T02:00:00+00:00,74613.28000000,74697.47000000,74188.00000000,74322.00000000,506.95652000
2026-04-15T03:00:00+00:00,74322.01000000,74372.84000000,74173.75000000,74345.97000000,317.62112000
2026-04-15T04:00:00+00:00,74345.98000000,74434.51000000,74261.47000000,74340.38000000,660.47305000
2026-04-15T05:00:00+00:00,74340.38000000,74434.00000000,73864.01000000,74021.50000000,542.04465000
2026-04-15T06:00:00+00:00,74021.50000000,74048.95000000,73855.49000000,73891.62000000,419.09008000
2026-04-15T07:00:00+00:00,73891.62000000,74016.67000000,73514.00000000,73730.43000000,1451.80452000
2026-04-15T08:00:00+00:00,73730.43000000,74181.90000000,73675.96000000,74110.51000000,532.83471000
2026-04-15T09:00:00+00:00,74110.52000000,74176.49000000,73909.49000000,74011.69000000,363.21790000
2026-04-15T10:00:00+00:00,74011.70000000,74250.00000000,73789.50000000,73864.75000000,548.88747000
2026-04-15T11:00:00+00:00,73864.76000000,74256.44000000,73864.76000000,74201.78000000,444.73290000
2026-04-15T12:00:00+00:00,74201.78000000,74466.10000000,74051.64000000,74273.77000000,567.44529000
2026-04-15T13:00:00+00:00,74273.77000000,74434.51000000,73817.23000000,74063.92000000,676.35905000
2026-04-15T14:00:00+00:00,74063.91000000,74506.84000000,73830.00000000,74151.81000000,757.76569000
2026-04-15T15:00:00+00:00,74151.81000000,74299.07000000,73580.85000000,73844.08000000,743.29132000
2026-04-15T16:00:00+00:00,73844.07000000,74176.00000000,73762.89000000,73941.09000000,547.84936000
2026-04-15T17:00:00+00:00,73941.09000000,74242.00000000,73915.48000000,74134.95000000,593.44252000
2026-04-15T18:00:00+00:00,74134.95000000,74399.75000000,74073.61000000,74390.29000000,407.09098000
2026-04-15T19:00:00+00:00,74390.29000000,75281.00000000,74355.46000000,75002.60000000,1179.99077000
2026-04-15T20:00:00+00:00,75002.60000000,75039.92000000,74512.06000000,74841.68000000,570.09892000
2026-04-15T21:00:00+00:00,74841.67000000,74855.16000000,74540.23000000,74743.10000000,310.66035000
2026-04-15T22:00:00+00:00,74743.10000000,75425.00000000,74740.02000000,74964.00000000,653.95001000
2026-04-15T23:00:00+00:00,74964.01000000,74964.01000000,74620.95000000,74809.99000000,311.26846000
2026-04-16T00:00:00+00:00,74809.99000000,74874.93000000,74451.49000000,74815.10000000,636.94865000
2026-04-16T01:00:00+00:00,74815.09000000,74815.09000000,74454.09000000,74657.66000000,240.65148000
2026-04-16T02:00:00+00:00,74657.67000000,75267.85000000,74601.27000000,74887.24000000,589.65615000
2026-04-16T03:00:00+00:00,74887.23000000,75159.26000000,74865.50000000,74888.21000000,470.71966000
2026-04-16T04:00:00+00:00,74888.21000000,75174.38000000,74728.00000000,74944.15000000,513.51186000
2026-04-16T05:00:00+00:00,74944.15000000,75139.82000000,74900.00000000,75043.48000000,359.01217000
2026-04-16T06:00:00+00:00,75043.47000000,75115.12000000,74853.72000000,75045.01000000,604.84284000
2026-04-16T07:00:00+00:00,75045.01000000,75082.78000000,74636.00000000,74707.03000000,708.06090000
2026-04-16T08:00:00+00:00,74707.02000000,74744.35000000,74500.00000000,74677.91000000,669.86210000
2026-04-16T09:00:00+00:00,74677.91000000,74901.50000000,74594.01000000,74594.02000000,316.26697000
2026-04-16T10:00:00+00:00,74594.02000000,74653.12000000,74277.34000000,74313.00000000,526.53069000
2026-04-16T11:00:00+00:00,74312.99000000,74663.27000000,74285.00000000,74574.79000000,1174.61360000
2026-04-16T12:00:00+00:00,74574.80000000,74872.00000000,74574.79000000,74624.00000000,529.55969000
2026-04-16T13:00:00+00:00,74624.01000000,75030.39000000,73309.85000000,73788.03000000,1828.93731000
2026-04-16T14:00:00+00:00,73788.03000000,74197.32000000,73426.94000000,73973.33000000,1331.31817000
2026-04-16T15:00:00+00:00,73973.33000000,74878.99000000,73934.44000000,74697.19000000,1520.20876000
2026-04-16T16:00:00+00:00,74697.20000000,74932.00000000,74063.00000000,74175.57000000,762.35705000
2026-04-16T17:00:00+00:00,74175.58000000,74438.31000000,73912.23000000,74343.25000000,751.19450000
2026-04-16T18:00:00+00:00,74343.25000000,75089.00000000,74240.00000000,75026.71000000,780.63438000
2026-04-16T19:00:00+00:00,75026.71000000,75410.71000000,74717.97000000,75342.99000000,1203.37407000
2026-04-16T20:00:00+00:00,75343.00000000,75534.76000000,75001.00000000,75223.47000000,661.71844000
2026-04-16T21:00:00+00:00,75223.48000000,75286.51000000,74789.50000000,74934.24000000,451.58433000
2026-04-16T22:00:00+00:00,74934.24000000,75117.00000000,74833.14000000,74867.92000000,232.35004000
2026-04-16T23:00:00+00:00,74867.92000000,75177.76000000,74840.92000000,75154.29000000,224.77396000
2026-04-17T00:00:00+00:00,75154.28000000,75154.77000000,74886.82000000,74944.98000000,796.37355000
2026-04-17T01:00:00+00:00,74944.99000000,75034.49000000,74569.99000000,74750.00000000,407.29847000
2026-04-17T02:00:00+00:00,74750.00000000,74802.98000000,74529.40000000,74700.00000000,235.53372000
2026-04-17T03:00:00+00:00,74700.00000000,74839.31000000,74606.12000000,74615.82000000,721.66261000
2026-04-17T04:00:00+00:00,74615.82000000,74871.11000000,74589.88000000,74791.39000000,213.95430000
2026-04-17T05:00:00+00:00,74791.39000000,74801.13000000,74555.12000000,74637.77000000,241.61979000
2026-04-17T06:00:00+00:00,74637.77000000,74950.00000000,74604.62000000,74938.52000000,276.57366000
2026-04-17T07:00:00+00:00,74938.53000000,75089.51000000,74930.00000000,75074.77000000,607.34373000
2026-04-17T08:00:00+00:00,75074.76000000,75881.95000000,74993.24000000,75780.38000000,1494.62708000
2026-04-17T09:00:00+00:00,75780.38000000,76370.25000000,75518.78000000,75779.99000000,2004.70646000
2026-04-17T10:00:00+00:00,75779.99000000,75886.01000000,75095.93000000,75278.77000000,1050.31882000
2026-04-17T11:00:00+00:00,75278.77000000,75609.77000000,75246.65000000,75589.70000000,429.61331000
2026-04-17T12:00:00+00:00,75589.70000000,76265.82000000,75531.97000000,76233.05000000,1128.91448000
2026-04-17T13:00:00+00:00,76233.06000000,77417.61000000,76061.57000000,77340.12000000,5123.01639000
2026-04-17T14:00:00+00:00,77340.11000000,78052.49000000,77015.39000000,77886.77000000,3617.10048000
2026-04-17T15:00:00+00:00,77886.77000000,77999.00000000,77444.44000000,77785.02000000,1975.14451000
2026-04-17T16:00:00+00:00,77785.03000000,78333.00000000,77705.20000000,77857.14000000,1402.18359000
2026-04-17T17:00:00+00:00,77857.15000000,77917.77000000,77101.49000000,77520.59000000,1173.45635000
2026-04-17T18:00:00+00:00,77520.59000000,77565.63000000,77088.23000000,77159.89000000,637.39265000
2026-04-17T19:00:00+00:00,77159.88000000,77473.44000000,77000.00000000,77393.58000000,652.45495000
2026-04-17T20:00:00+00:00,77393.58000000,77611.68000000,77160.12000000,77337.64000000,357.23206000
2026-04-17T21:00:00+00:00,77337.64000000,77494.69000000,77278.72000000,77445.73000000,307.76412000
2026-04-17T22:00:00+00:00,77445.74000000,77510.00000000,77274.56000000,77301.25000000,474.88113000
2026-04-17T23:00:00+00:00,77301.25000000,77302.00000000,76911.00000000,77072.00000000,612.20073000
2026-04-18T00:00:00+00:00,77072.01000000,77258.55000000,76978.17000000,77168.00000000,324.03843000
2026-04-18T01:00:00+00:00,77168.22000000,77330.00000000,77115.77000000,77218.07000000,266.42990000
2026-04-18T02:00:00+00:00,77218.06000000,77420.08000000,77124.63000000,77292.52000000,268.04149000
2026-04-18T03:00:00+00:00,77292.53000000,77296.95000000,76962.67000000,77005.47000000,268.91717000
2026-04-18T04:00:00+00:00,77005.47000000,77162.08000000,76884.10000000,77100.74000000,370.07883000
2026-04-18T05:00:00+00:00,77100.73000000,77278.58000000,77100.73000000,77134.66000000,312.05483000
2026-04-18T06:00:00+00:00,77134.66000000,77217.00000000,77058.40000000,77136.01000000,168.72376000
2026-04-18T07:00:00+00:00,77136.01000000,77136.01000000,76890.00000000,76997.80000000,276.05173000
2026-04-18T08:00:00+00:00,76997.79000000,77048.00000000,76501.00000000,76738.63000000,773.24357000
2026-04-18T09:00:00+00:00,76738.62000000,76738.63000000,76409.37000000,76599.89000000,462.93265000
2026-04-18T10:00:00+00:00,76599.89000000,76599.90000000,76132.32000000,76189.56000000,624.93038000
2026-04-18T11:00:00+00:00,76189.55000000,76189.56000000,75763.76000000,76039.05000000,809.07399000
2026-04-18T12:00:00+00:00,76039.06000000,76300.00000000,76039.05000000,76206.97000000,492.57948000
2026-04-18T13:00:00+00:00,76206.98000000,76212.70000000,75797.53000000,76122.87000000,456.87331000
2026-04-18T14:00:00+00:00,76122.88000000,76288.40000000,75959.68000000,76249.99000000,461.97289000
2026-04-18T15:00:00+00:00,76250.00000000,76363.75000000,76003.97000000,76167.34000000,261.12334000
2026-04-18T16:00:00+00:00,76167.33000000,76211.57000000,75691.03000000,75943.35000000,522.36094000
2026-04-18T17:00:00+00:00,75943.34000000,75958.23000000,75778.69000000,75828.51000000,256.05723000
2026-04-18T18:00:00+00:00,75828.51000000,75844.66000000,75445.16000000,75651.78000000,591.47146000
2026-04-18T19:00:00+00:00,75651.78000000,75796.32000000,75574.22000000,75649.85000000,194.31870000
2026-04-18T20:00:00+00:00,75649.86000000,75834.30000000,75608.44000000,75754.78000000,484.97143000
2026-04-18T21:00:00+00:00,75754.77000000,75839.10000000,75599.64000000,75821.34000000,197.94348000
2026-04-18T22:00:00+00:00,75821.35000000,75873.10000000,75608.89000000,75813.53000000,155.69572000
2026-04-18T23:00:00+00:00,75813.53000000,75891.64000000,75685.69000000,75691.76000000,141.95985000
2026-04-19T00:00:00+00:00,75691.76000000,75847.42000000,75551.73000000,75693.01000000,297.06433000
2026-04-19T01:00:00+00:00,75693.00000000,75798.47000000,75457.11000000,75621.95000000,321.53516000
2026-04-19T02:00:00+00:00,75621.96000000,75722.21000000,75407.84000000,75496.00000000,212.48934000
2026-04-19T03:00:00+00:00,75496.01000000,75637.44000000,75357.00000000,75515.77000000,175.28804000
2026-04-19T04:00:00+00:00,75515.76000000,75782.63000000,75424.40000000,75664.62000000,294.60425000
2026-04-19T05:00:00+00:00,75664.62000000,75687.04000000,75516.39000000,75545.60000000,174.63786000
2026-04-19T06:00:00+00:00,75545.60000000,75545.60000000,75280.92000000,75400.09000000,385.31594000
2026-04-19T07:00:00+00:00,75400.09000000,75400.09000000,74867.72000000,75252.34000000,771.61495000
2026-04-19T08:00:00+00:00,75252.33000000,75299.99000000,75071.58000000,75257.60000000,333.58261000
2026-04-19T09:00:00+00:00,75257.59000000,75265.00000000,74921.74000000,75015.00000000,313.21615000
2026-04-19T10:00:00+00:00,75015.00000000,75243.02000000,74933.87000000,75222.45000000,323.18472000
2026-04-19T11:00:00+00:00,75222.46000000,75641.99000000,75216.96000000,75604.11000000,418.71675000
2026-04-19T12:00:00+00:00,75604.11000000,75700.00000000,75432.07000000,75571.60000000,439.48255000
2026-04-19T13:00:00+00:00,75571.61000000,76240.66000000,75552.44000000,75921.75000000,760.39543000
2026-04-19T14:00:00+00:00,75921.75000000,76147.01000000,75674.55000000,76024.01000000,621.24056000
2026-04-19T15:00:00+00:00,76024.02000000,76155.30000000,75401.44000000,75846.63000000,1097.76631000
2026-04-19T16:00:00+00:00,75846.63000000,75853.26000000,75311.11000000,75382.86000000,403.71917000
2026-04-19T17:00:00+00:00,75382.87000000,75382.87000000,74638.31000000,74791.26000000,795.68148000
2026-04-19T18:00:00+00:00,74791.27000000,74908.62000000,74608.00000000,74770.11000000,531.16281000
2026-04-19T19:00:00+00:00,74770.11000000,75071.61000000,74770.11000000,74965.47000000,306.83274000
2026-04-19T20:00:00+00:00,74965.46000000,74965.47000000,74427.53000000,74630.00000000,452.71123000
2026-04-19T21:00:00+00:00,74630.01000000,74810.00000000,74368.60000000,74425.15000000,383.54881000
2026-04-19T22:00:00+00:00,74425.16000000,74425.16000000,73762.90000000,74047.34000000,1140.38980000
2026-04-19T23:00:00+00:00,74047.34000000,74054.22000000,73790.00000000,73801.79000000,415.64133000
2026-04-20T00:00:00+00:00,73801.80000000,74360.43000000,73724.31000000,74280.01000000,787.93368000
2026-04-20T01:00:00+00:00,74280.01000000,74746.93000000,74214.67000000,74595.13000000,689.61016000
2026-04-20T02:00:00+00:00,74595.12000000,74627.99000000,74304.84000000,74410.01000000,739.68976000
2026-04-20T03:00:00+00:00,74410.01000000,74640.65000000,74359.04000000,74634.00000000,281.20310000
2026-04-20T04:00:00+00:00,74634.01000000,74637.43000000,74435.19000000,74567.64000000,333.76794000
2026-04-20T05:00:00+00:00,74567.63000000,74567.63000000,74095.18000000,74264.15000000,529.73957000
2026-04-20T06:00:00+00:00,74264.16000000,74894.11000000,74250.00000000,74786.59000000,441.30070000
2026-04-20T07:00:00+00:00,74786.59000000,75572.00000000,74670.86000000,74837.17000000,1175.74482000
2026-04-20T08:00:00+00:00,74837.18000000,74998.83000000,74619.41000000,74728.91000000,538.52852000
2026-04-20T09:00:00+00:00,74728.92000000,75233.00000000,74706.87000000,75062.77000000,502.56404000
2026-04-20T10:00:00+00:00,75062.77000000,75404.63000000,75003.63000000,75027.26000000,321.32100000
2026-04-20T11:00:00+00:00,75027.26000000,75287.88000000,74957.51000000,75192.71000000,284.12016000
2026-04-20T12:00:00+00:00,75192.72000000,75650.00000000,75043.86000000,75289.90000000,698.85484000
2026-04-20T13:00:00+00:00,75289.91000000,75434.41000000,74859.11000000,75269.38000000,774.09093000
2026-04-20T14:00:00+00:00,75269.37000000,75766.74000000,74921.42000000,75034.79000000,1047.20928000
2026-04-20T15:00:00+00:00,75034.79000000,75772.72000000,74702.00000000,75716.77000000,1196.95260000
2026-04-20T16:00:00+00:00,75716.78000000,75723.99000000,75299.26000000,75338.74000000,630.71705000
2026-04-20T17:00:00+00:00,75338.75000000,75991.47000000,75289.92000000,75898.14000000,642.61045000
2026-04-20T18:00:00+00:00,75898.14000000,76453.19000000,75898.14000000,76423.69000000,1544.76303000
2026-04-20T19:00:00+00:00,76423.69000000,76486.67000000,76154.49000000,76296.96000000,1368.12243000
2026-04-20T20:00:00+00:00,76296.97000000,76558.62000000,76113.07000000,76276.17000000,1418.85750000
2026-04-20T21:00:00+00:00,76276.18000000,76357.20000000,75784.05000000,75954.71000000,523.28232000
2026-04-20T22:00:00+00:00,75954.72000000,76143.71000000,75904.39000000,75974.24000000,220.64170000
2026-04-20T23:00:00+00:00,75974.24000000,75974.24000000,75617.60000000,75840.97000000,301.78476000
2026-04-21T00:00:00+00:00,75840.97000000,76099.19000000,75700.00000000,76092.45000000,428.95831000
2026-04-21T01:00:00+00:00,76092.46000000,76263.40000000,75866.01000000,75927.59000000,391.13593000
2026-04-21T02:00:00+00:00,75927.58000000,75932.70000000,75580.00000000,75581.33000000,536.09341000
2026-04-21T03:00:00+00:00,75581.33000000,75721.12000000,75474.77000000,75710.30000000,256.25150000
2026-04-21T04:00:00+00:00,75710.31000000,75823.49000000,75600.00000000,75813.81000000,259.64273000
2026-04-21T05:00:00+00:00,75813.80000000,75981.10000000,75782.75000000,75802.00000000,321.53858000
2026-04-21T06:00:00+00:00,75802.00000000,76129.95000000,75703.85000000,75974.11000000,408.87339000
2026-04-21T07:00:00+00:00,75974.12000000,76300.00000000,75814.26000000,76084.34000000,1236.72448000
2026-04-21T08:00:00+00:00,76084.34000000,76927.57000000,76063.98000000,76507.21000000,915.23783000
2026-04-21T09:00:00+00:00,76507.21000000,76587.82000000,76155.00000000,76362.77000000,582.67237000
2026-04-21T10:00:00+00:00,76362.78000000,76866.55000000,76349.59000000,76746.41000000,536.34243000
2026-04-21T11:00:00+00:00,76746.41000000,76750.68000000,76342.00000000,76452.94000000,624.94284000
2026-04-21T12:00:00+00:00,76452.94000000,76528.11000000,75709.03000000,76009.46000000,1039.78515000
2026-04-21T13:00:00+00:00,76009.46000000,76179.75000000,75736.33000000,75899.98000000,686.08493000
2026-04-21T14:00:00+00:00,75899.98000000,76595.30000000,75625.28000000,75675.05000000,949.21411000
2026-04-21T15:00:00+00:00,75675.04000000,75979.78000000,75430.62000000,75834.65000000,923.86151000
2026-04-21T16:00:00+00:00,75834.66000000,76190.72000000,75760.00000000,75781.18000000,496.33064000
2026-04-21T17:00:00+00:00,75781.19000000,75912.98000000,75052.64000000,75545.62000000,995.08460000
2026-04-21T18:00:00+00:00,75545.62000000,75668.24000000,75310.88000000,75610.21000000,456.47055000
2026-04-21T19:00:00+00:00,75610.21000000,75919.50000000,74821.57000000,75023.43000000,954.26760000
2026-04-21T20:00:00+00:00,75023.43000000,75859.56000000,74967.58000000,75698.51000000,797.25703000
2026-04-21T21:00:00+00:00,75698.51000000,75777.38000000,75431.62000000,75549.99000000,249.37655000
2026-04-21T22:00:00+00:00,75549.99000000,75650.04000000,75302.01000000,75650.04000000,389.29388000
2026-04-21T23:00:00+00:00,75650.03000000,76425.37000000,75622.00000000,76336.15000000,477.13097000
2026-04-22T00:00:00+00:00,76336.14000000,76500.00000000,76220.40000000,76370.45000000,496.92701000
2026-04-22T01:00:00+00:00,76370.46000000,76416.24000000,76132.95000000,76297.99000000,351.48706000
2026-04-22T02:00:00+00:00,76297.99000000,77645.35000000,76223.90000000,77604.71000000,1622.85639000
2026-04-22T03:00:00+00:00,77604.70000000,77733.11000000,77397.88000000,77521.48000000,956.65280000
2026-04-22T04:00:00+00:00,77521.47000000,77700.00000000,77364.25000000,77523.00000000,547.15780000
2026-04-22T05:00:00+00:00,77523.01000000,78452.18000000,77450.00000000,77994.93000000,2386.48879000
2026-04-22T06:00:00+00:00,77994.92000000,78042.84000000,77900.00000000,78010.72000000,576.88586000
2026-04-22T07:00:00+00:00,78010.73000000,78111.00000000,77825.00000000,78012.79000000,880.52640000
2026-04-22T08:00:00+00:00,78012.78000000,78219.41000000,77941.59000000,78010.92000000,987.44812000
2026-04-22T09:00:00+00:00,78010.92000000,78184.70000000,77956.76000000,78001.95000000,415.39605000
2026-04-22T10:00:00+00:00,78001.96000000,78180.00000000,77951.17000000,78157.41000000,352.72131000
2026-04-22T11:00:00+00:00,78157.41000000,78399.00000000,78102.00000000,78300.00000000,560.88264000
2026-04-22T12:00:00+00:00,78300.00000000,78508.18000000,78114.04000000,78236.05000000,952.94008000
2026-04-22T13:00:00+00:00,78236.05000000,78850.00000000,78162.64000000,78840.94000000,1253.18724000
2026-04-22T14:00:00+00:00,78840.94000000,79174.68000000,78577.86000000,79045.75000000,1847.69509000
2026-04-22T15:00:00+00:00,79045.75000000,79400.00000000,78837.66000000,79272.90000000,1412.00400000
2026-04-22T16:00:00+00:00,79272.91000000,79472.82000000,78632.37000000,78743.59000000,1010.97362000
2026-04-22T17:00:00+00:00,78743.60000000,79034.73000000,78705.71000000,78900.00000000,502.31388000
2026-04-22T18:00:00+00:00,78900.01000000,79163.66000000,78828.76000000,79022.39000000,322.94022000
2026-04-22T19:00:00+00:00,79022.40000000,79067.60000000,78706.81000000,78846.62000000,557.30668000
2026-04-22T20:00:00+00:00,78846.62000000,78915.84000000,78410.00000000,78436.68000000,436.66543000
2026-04-22T21:00:00+00:00,78436.69000000,78821.86000000,78425.00000000,78762.69000000,299.34545000
2026-04-22T22:00:00+00:00,78762.68000000,78824.00000000,78456.15000000,78607.95000000,294.64140000
2026-04-22T23:00:00+00:00,78607.95000000,78607.95000000,78155.83000000,78178.23000000,712.06893000
2026-04-23T00:00:00+00:00,78178.22000000,78574.44000000,77582.17000000,78424.29000000,1778.58027000
2026-04-23T01:00:00+00:00,78424.30000000,78472.95000000,78057.50000000,78359.23000000,586.86850000
2026-04-23T02:00:00+00:00,78359.71000000,78359.72000000,77761.20000000,77939.92000000,508.32327000
2026-04-23T03:00:00+00:00,77939.91000000,78025.99000000,77453.43000000,77746.46000000,609.20360000
2026-04-23T04:00:00+00:00,77746.47000000,77949.09000000,77675.80000000,77920.09000000,305.04990000
2026-04-23T05:00:00+00:00,77920.09000000,78110.01000000,77750.00000000,78033.87000000,680.89298000
2026-04-23T06:00:00+00:00,78034.00000000,78339.35000000,78034.00000000,78211.43000000,433.12959000
2026-04-23T07:00:00+00:00,78211.43000000,78248.39000000,77981.88000000,78048.62000000,292.35484000
2026-04-23T08:00:00+00:00,78048.61000000,78175.52000000,77714.86000000,77858.35000000,1135.26875000
2026-04-23T09:00:00+00:00,77858.34000000,77860.80000000,77440.85000000,77655.34000000,772.05261000
2026-04-23T10:00:00+00:00,77655.35000000,77709.16000000,77174.01000000,77403.63000000,1129.48909000
2026-04-23T11:00:00+00:00,77403.63000000,77757.31000000,77365.57000000,77704.62000000,525.42671000
2026-04-23T12:00:00+00:00,77704.61000000,77870.54000000,77491.18000000,77870.53000000,636.21566000
2026-04-23T13:00:00+00:00,77870.54000000,77904.37000000,77379.92000000,77532.23000000,592.70115000
2026-04-23T14:00:00+00:00,77532.23000000,78201.53000000,77414.00000000,78180.77000000,926.52082000
2026-04-23T15:00:00+00:00,78180.78000000,78662.50000000,77983.25000000,78376.76000000,1008.45262000
2026-04-23T16:00:00+00:00,78376.77000000,78509.82000000,78030.00000000,78103.72000000,661.93618000
2026-04-23T17:00:00+00:00,78103.72000000,78184.85000000,76960.00000000,77769.21000000,1724.53866000
2026-04-23T18:00:00+00:00,77769.20000000,78146.75000000,77678.65000000,77678.65000000,731.06838000
2026-04-23T19:00:00+00:00,77678.65000000,77886.88000000,77592.92000000,77727.26000000,830.20485000
2026-04-23T20:00:00+00:00,77727.25000000,78050.00000000,77637.50000000,77886.97000000,391.74493000
2026-04-23T21:00:00+00:00,77886.97000000,78070.00000000,77800.00000000,77864.83000000,211.37751000
2026-04-23T22:00:00+00:00,77864.84000000,78331.00000000,77864.83000000,78235.30000000,271.33020000
2026-04-23T23:00:00+00:00,78235.29000000,78298.01000000,78030.00000000,78257.48000000,228.06394000
2026-04-24T00:00:00+00:00,78257.48000000,78490.83000000,78172.01000000,78417.22000000,451.37457000
2026-04-24T01:00:00+00:00,78417.22000000,78450.00000000,77952.16000000,78429.73000000,533.84795000
2026-04-24T02:00:00+00:00,78429.73000000,78581.93000000,78067.17000000,78125.65000000,425.56297000
2026-04-24T03:00:00+00:00,78125.65000000,78178.40000000,77555.00000000,77737.85000000,639.95986000
2026-04-24T04:00:00+00:00,77737.84000000,77854.57000000,77482.49000000,77670.00000000,605.14416000
2026-04-24T05:00:00+00:00,77670.01000000,78057.65000000,77457.00000000,77953.48000000,423.67180000
2026-04-24T06:00:00+00:00,77953.48000000,77979.54000000,77761.20000000,77789.75000000,280.75336000
2026-04-24T07:00:00+00:00,77789.75000000,77855.67000000,77543.52000000,77644.60000000,696.90666000
2026-04-24T08:00:00+00:00,77644.59000000,78000.00000000,77550.73000000,77785.71000000,731.67499000
2026-04-24T09:00:00+00:00,77785.70000000,77804.23000000,77402.01000000,77527.69000000,621.09775000
2026-04-24T10:00:00+00:00,77527.70000000,77784.00000000,77444.95000000,77752.36000000,379.99202000
2026-04-24T11:00:00+00:00,77752.37000000,78372.58000000,77752.37000000,78240.26000000,1186.36064000
2026-04-24T12:00:00+00:00,78240.27000000,78345.15000000,78016.51000000,78275.66000000,579.40035000
2026-04-24T13:00:00+00:00,78275.65000000,78479.37000000,77913.27000000,78093.79000000,852.96848000
2026-04-24T14:00:00+00:00,78093.80000000,78093.80000000,77681.74000000,78037.64000000,755.72516000
2026-04-24T15:00:00+00:00,78037.65000000,78233.18000000,77577.22000000,78038.62000000,662.02033000
2026-04-24T16:00:00+00:00,78038.63000000,78060.29000000,77586.86000000,77777.28000000,525.06319000
2026-04-24T17:00:00+00:00,77776.76000000,77829.17000000,77489.60000000,77681.71000000,537.36482000
2026-04-24T18:00:00+00:00,77681.72000000,77717.08000000,77363.63000000,77618.24000000,321.31558000
2026-04-24T19:00:00+00:00,77618.25000000,77748.66000000,77532.46000000,77628.85000000,250.57895000
2026-04-24T20:00:00+00:00,77628.84000000,77757.14000000,77458.00000000,77718.31000000,376.29595000
2026-04-24T21:00:00+00:00,77718.31000000,77756.15000000,77536.48000000,77536.48000000,322.69633000
2026-04-24T22:00:00+00:00,77536.49000000,77616.78000000,77264.08000000,77328.91000000,278.27896000
2026-04-24T23:00:00+00:00,77328.92000000,77456.87000000,77328.92000000,77437.13000000,237.08832000
2026-04-25T00:00:00+00:00,77437.13000000,77502.99000000,77309.92000000,77456.88000000,429.63681000
2026-04-25T01:00:00+00:00,77456.88000000,77620.52000000,77440.80000000,77541.63000000,200.07888000
2026-04-25T02:00:00+00:00,77541.63000000,77644.04000000,77504.43000000,77607.80000000,171.07030000
2026-04-25T03:00:00+00:00,77607.80000000,77711.87000000,77550.27000000,77679.07000000,142.22205000
2026-04-25T04:00:00+00:00,77679.08000000,77691.23000000,77596.37000000,77619.05000000,275.21191000
2026-04-25T05:00:00+00:00,77619.05000000,77619.05000000,77485.51000000,77510.28000000,174.55862000
2026-04-25T06:00:00+00:00,77510.27000000,77582.28000000,77489.35000000,77503.63000000,269.54814000
2026-04-25T07:00:00+00:00,77503.63000000,77566.26000000,77450.00000000,77501.19000000,174.69907000
2026-04-25T08:00:00+00:00,77501.19000000,77654.41000000,77491.36000000,77643.37000000,116.50084000
2026-04-25T09:00:00+00:00,77643.38000000,77779.65000000,77587.10000000,77714.55000000,144.65626000
2026-04-25T10:00:00+00:00,77714.56000000,77885.35000000,77714.55000000,77787.77000000,306.44644000
2026-04-25T11:00:00+00:00,77787.76000000,77787.77000000,77607.03000000,77682.30000000,185.59351000
2026-04-25T12:00:00+00:00,77682.29000000,77717.95000000,77550.61000000,77557.14000000,161.82067000
2026-04-25T13:00:00+00:00,77557.14000000,77710.91000000,77557.14000000,77691.69000000,161.65796000
2026-04-25T14:00:00+00:00,77691.70000000,77752.54000000,77638.00000000,77656.75000000,202.75966000
2026-04-25T15:00:00+00:00,77656.74000000,77722.70000000,77299.89000000,77330.26000000,480.35839000
2026-04-25T16:00:00+00:00,77330.25000000,77454.31000000,77140.23000000,77397.27000000,471.60364000
2026-04-25T17:00:00+00:00,77397.27000000,77407.03000000,77210.96000000,77245.77000000,151.09691000
2026-04-25T18:00:00+00:00,77245.78000000,77389.01000000,77216.29000000,77313.00000000,331.13304000
2026-04-25T19:00:00+00:00,77313.00000000,77343.81000000,77193.79000000,77330.01000000,293.84127000
2026-04-25T20:00:00+00:00,77330.00000000,77481.70000000,77311.05000000,77479.13000000,85.63447000
2026-04-25T21:00:00+00:00,77479.14000000,77530.00000000,77415.20000000,77525.84000000,150.55151000
2026-04-25T22:00:00+00:00,77525.83000000,77634.77000000,77498.81000000,77557.01000000,242.12513000
2026-04-25T23:00:00+00:00,77557.01000000,77650.00000000,77530.00000000,77625.00000000,362.30872000
2026-04-26T00:00:00+00:00,77625.00000000,77642.43000000,77445.94000000,77502.40000000,307.91239000
2026-04-26T01:00:00+00:00,77502.39000000,77572.81000000,77451.16000000,77461.16000000,130.56583000
2026-04-26T02:00:00+00:00,77461.16000000,77590.97000000,77452.07000000,77512.67000000,85.92459000
2026-04-26T03:00:00+00:00,77512.67000000,77541.96000000,77326.51000000,77400.21000000,146.77411000
2026-04-26T04:00:00+00:00,77400.21000000,77814.43000000,77383.46000000,77774.29000000,227.07196000
2026-04-26T05:00:00+00:00,77774.29000000,78200.00000000,77719.77000000,77983.31000000,797.06637000
2026-04-26T06:00:00+00:00,77983.31000000,78045.00000000,77899.45000000,77999.04000000,206.01822000
2026-04-26T07:00:00+00:00,77999.04000000,78121.45000000,77968.36000000,78102.53000000,175.61130000
2026-04-26T08:00:00+00:00,78102.53000000,78210.00000000,78019.65000000,78032.59000000,265.96473000
2026-04-26T09:00:00+00:00,78032.59000000,78058.45000000,77926.59000000,77999.99000000,168.80014000
2026-04-26T10:00:00+00:00,78000.00000000,78050.19000000,77954.00000000,78002.43000000,153.34740000
2026-04-26T11:00:00+00:00,78002.43000000,78149.99000000,78002.42000000,78101.44000000,133.58626000
2026-04-26T12:00:00+00:00,78101.43000000,78101.50000000,77770.00000000,77833.08000000,296.93614000
2026-04-26T13:00:00+00:00,77833.08000000,77996.69000000,77797.13000000,77977.79000000,254.46962000
2026-04-26T14:00:00+00:00,77977.79000000,78173.15000000,77871.85000000,78095.66000000,401.66239000
2026-04-26T15:00:00+00:00,78095.65000000,78121.92000000,77988.89000000,78049.00000000,177.47420000
2026-04-26T16:00:00+00:00,78049.00000000,78086.47000000,77919.42000000,77919.43000000,198.96678000
2026-04-26T17:00:00+00:00,77919.43000000,78050.00000000,77850.00000000,78018.57000000,373.25532000
2026-04-26T18:00:00+00:00,78018.57000000,78346.89000000,77988.11000000,78283.96000000,421.27794000
2026-04-26T19:00:00+00:00,78283.97000000,78500.00000000,78013.76000000,78221.16000000,511.56000000
2026-04-26T20:00:00+00:00,78221.17000000,78377.77000000,78158.04000000,78194.22000000,172.13709000
2026-04-26T21:00:00+00:00,78194.21000000,78961.00000000,77843.75000000,78417.41000000,977.34524000
2026-04-26T22:00:00+00:00,78417.41000000,78850.30000000,77953.26000000,78313.52000000,710.63176000
2026-04-26T23:00:00+00:00,78313.52000000,78901.63000000,78041.05000000,78657.55000000,669.20184000
2026-04-27T00:00:00+00:00,78657.55000000,79392.40000000,78400.03000000,79308.60000000,1271.22649000
2026-04-27T01:00:00+00:00,79309.00000000,79485.66000000,78730.71000000,79283.66000000,993.09217000
2026-04-27T02:00:00+00:00,79283.65000000,79304.00000000,79030.91000000,79130.01000000,381.22923000
2026-04-27T03:00:00+00:00,79130.01000000,79316.50000000,79077.81000000,79105.49000000,397.44839000
2026-04-27T04:00:00+00:00,79105.50000000,79160.00000000,78872.42000000,78924.22000000,417.67922000
2026-04-27T05:00:00+00:00,78924.21000000,78938.00000000,77562.63000000,77785.54000000,1805.78745000
2026-04-27T06:00:00+00:00,77785.55000000,77871.90000000,77465.05000000,77700.12000000,641.73182000
2026-04-27T07:00:00+00:00,77700.12000000,77734.79000000,77562.08000000,77606.60000000,743.19766000
2026-04-27T08:00:00+00:00,77606.59000000,77816.18000000,77553.23000000,77804.34000000,465.54163000
2026-04-27T09:00:00+00:00,77804.34000000,77980.00000000,77700.00000000,77900.01000000,578.50773000
2026-04-27T10:00:00+00:00,77900.01000000,77935.66000000,77792.46000000,77850.01000000,311.10764000
2026-04-27T11:00:00+00:00,77850.01000000,77885.46000000,77740.39000000,77844.26000000,252.77882000
2026-04-27T12:00:00+00:00,77844.25000000,77867.33000000,77620.00000000,77667.36000000,415.46743000
2026-04-27T13:00:00+00:00,77667.36000000,77966.80000000,77571.79000000,77746.74000000,762.71670000
2026-04-27T14:00:00+00:00,77746.74000000,78265.34000000,77680.00000000,77815.25000000,744.42829000
2026-04-27T15:00:00+00:00,77815.26000000,77827.17000000,76564.33000000,76793.09000000,1882.17067000
2026-04-27T16:00:00+00:00,76793.10000000,76868.01000000,76546.00000000,76618.59000000,809.46498000
2026-04-27T17:00:00+00:00,76618.59000000,76990.43000000,76618.59000000,76743.24000000,874.80558000
2026-04-27T18:00:00+00:00,76743.23000000,76890.99000000,76668.52000000,76834.06000000,361.97331000
2026-04-27T19:00:00+00:00,76834.05000000,76894.70000000,76459.64000000,76878.07000000,598.68003000
2026-04-27T20:00:00+00:00,76878.23000000,77067.80000000,76844.16000000,76960.43000000,310.80766000
2026-04-27T21:00:00+00:00,76960.43000000,76981.53000000,76786.80000000,76786.81000000,223.94467000
2026-04-27T22:00:00+00:00,76786.81000000,77082.78000000,76763.71000000,77066.42000000,364.86359000
2026-04-27T23:00:00+00:00,77066.42000000,77450.00000000,77018.56000000,77371.32000000,438.27302000
2026-04-28T00:00:00+00:00,77371.32000000,77478.00000000,77210.92000000,77379.62000000,327.26244000
2026-04-28T01:00:00+00:00,77379.62000000,77394.10000000,77038.10000000,77084.68000000,404.77602000
2026-04-28T02:00:00+00:00,77084.69000000,77227.03000000,76672.56000000,76890.93000000,437.75480000
2026-04-28T03:00:00+00:00,76890.92000000,76890.92000000,76672.00000000,76815.18000000,278.47081000
2026-04-28T04:00:00+00:00,76815.18000000,76950.00000000,76701.35000000,76888.08000000,274.86374000
2026-04-28T05:00:00+00:00,76888.08000000,77154.00000000,76811.01000000,76885.98000000,510.80129000
2026-04-28T06:00:00+00:00,76885.97000000,77027.91000000,76588.00000000,76720.00000000,465.05641000
2026-04-28T07:00:00+00:00,76720.01000000,76922.22000000,76424.90000000,76879.28000000,1631.99051000
2026-04-28T08:00:00+00:00,76879.28000000,77013.63000000,76741.12000000,76858.59000000,1043.07562000
2026-04-28T09:00:00+00:00,76858.59000000,76863.54000000,76495.91000000,76598.00000000,361.69239000
2026-04-28T10:00:00+00:00,76597.99000000,76692.19000000,76484.70000000,76618.35000000,418.24563000
2026-04-28T11:00:00+00:00,76618.35000000,76649.86000000,76130.10000000,76229.00000000,1019.71842000
2026-04-28T12:00:00+00:00,76228.99000000,76421.94000000,76168.84000000,76372.05000000,652.01316000
2026-04-28T13:00:00+00:00,76372.04000000,76411.72000000,75924.98000000,76189.84000000,1288.52500000
2026-04-28T14:00:00+00:00,76189.85000000,76199.99000000,75666.60000000,75949.99000000,1264.27580000
2026-04-28T15:00:00+00:00,75950.00000000,76085.42000000,75836.88000000,76066.38000000,571.95819000
2026-04-28T16:00:00+00:00,76066.37000000,76218.06000000,75881.28000000,76125.04000000,447.54534000
2026-04-28T17:00:00+00:00,76125.04000000,76262.63000000,75959.05000000,76187.30000000,337.12149000
2026-04-28T18:00:00+00:00,76187.30000000,76280.91000000,76137.86000000,76242.18000000,337.48355000
2026-04-28T19:00:00+00:00,76242.17000000,76380.83000000,76066.35000000,76330.97000000,259.65416000
2026-04-28T20:00:00+00:00,76330.97000000,76480.00000000,76323.71000000,76463.95000000,259.71578000
2026-04-28T21:00:00+00:00,76463.95000000,76481.30000000,76267.61000000,76357.15000000,281.17357000
2026-04-28T22:00:00+00:00,76357.15000000,76446.26000000,76218.00000000,76242.17000000,157.60986000
2026-04-28T23:00:00+00:00,76242.17000000,76370.00000000,76197.02000000,76342.77000000,179.93985000
2026-04-29T00:00:00+00:00,76342.78000000,76557.97000000,76276.00000000,76512.00000000,636.88517000
2026-04-29T01:00:00+00:00,76511.99000000,76668.02000000,76187.75000000,76571.00000000,371.48818000
2026-04-29T02:00:00+00:00,76571.00000000,76666.82000000,76402.72000000,76531.29000000,315.29662000
2026-04-29T03:00:00+00:00,76531.29000000,77127.62000000,76519.94000000,76994.78000000,568.25927000
2026-04-29T04:00:00+00:00,76994.77000000,77455.71000000,76880.00000000,77269.76000000,655.24397000
2026-04-29T05:00:00+00:00,77269.76000000,77329.31000000,77198.07000000,77288.38000000,412.95649000
2026-04-29T06:00:00+00:00,77288.39000000,77337.57000000,76907.07000000,77031.06000000,974.38933000
2026-04-29T07:00:00+00:00,77031.07000000,77182.91000000,77031.06000000,77053.64000000,931.98531000
2026-04-29T08:00:00+00:00,77053.65000000,77148.79000000,76972.32000000,77046.32000000,539.09721000
2026-04-29T09:00:00+00:00,77046.31000000,77800.00000000,76972.32000000,77642.00000000,835.54071000
2026-04-29T10:00:00+00:00,77642.00000000,77904.93000000,77559.19000000,77619.61000000,790.81622000
2026-04-29T11:00:00+00:00,77619.62000000,77694.61000000,77485.81000000,77590.03000000,531.75140000
2026-04-29T12:00:00+00:00,77590.04000000,77596.39000000,76850.00000000,77143.68000000,1776.35149000
2026-04-29T13:00:00+00:00,77143.68000000,77240.00000000,76425.62000000,76783.43000000,1000.69490000
2026-04-29T14:00:00+00:00,76783.42000000,76927.69000000,76489.99000000,76570.00000000,1353.72071000
2026-04-29T15:00:00+00:00,76570.00000000,76634.61000000,75705.32000000,75924.25000000,1132.75734000
2026-04-29T16:00:00+00:00,75924.24000000,76125.47000000,75696.13000000,75803.54000000,1021.10079000
2026-04-29T17:00:00+00:00,75803.55000000,76184.01000000,75803.55000000,76184.01000000,549.93434000
2026-04-29T18:00:00+00:00,76184.00000000,76274.80000000,74937.52000000,75513.91000000,1926.88309000
2026-04-29T19:00:00+00:00,75513.92000000,75591.83000000,75302.31000000,75563.86000000,464.57540000
2026-04-29T20:00:00+00:00,75563.87000000,75857.32000000,75497.43000000,75676.79000000,575.31173000
2026-04-29T21:00:00+00:00,75676.79000000,76088.90000000,75607.70000000,75933.93000000,363.06477000
2026-04-29T22:00:00+00:00,75933.94000000,76004.14000000,75818.14000000,75927.38000000,272.33397000
2026-04-29T23:00:00+00:00,75927.38000000,75990.06000000,75692.33000000,75780.00000000,279.49181000
2026-04-30T00:00:00+00:00,75780.00000000,76344.61000000,75656.03000000,76248.74000000,562.71461000
2026-04-30T01:00:00+00:00,76248.76000000,76473.26000000,76178.73000000,76232.80000000,331.53653000
2026-04-30T02:00:00+00:00,76232.81000000,76351.04000000,75494.70000000,75704.74000000,537.06765000
2026-04-30T03:00:00+00:00,75704.74000000,75994.26000000,75659.85000000,75928.10000000,182.12647000
2026-04-30T04:00:00+00:00,75928.09000000,75963.92000000,75414.57000000,75497.00000000,426.96926000
2026-04-30T05:00:00+00:00,75497.01000000,75750.00000000,75323.65000000,75600.09000000,491.70915000
2026-04-30T06:00:00+00:00,75600.09000000,75867.90000000,75569.99000000,75753.53000000,372.15072000
2026-04-30T07:00:00+00:00,75753.54000000,76179.91000000,75718.50000000,76161.67000000,516.75183000
2026-04-30T08:00:00+00:00,76161.67000000,76208.92000000,76019.57000000,76058.17000000,350.94571000
2026-04-30T09:00:00+00:00,76058.17000000,76339.38000000,76012.60000000,76097.19000000,445.01057000
2026-04-30T10:00:00+00:00,76097.19000000,76163.52000000,75974.93000000,76028.66000000,365.18719000
2026-04-30T11:00:00+00:00,76028.66000000,76244.36000000,75876.29000000,76059.43000000,550.88667000
2026-04-30T12:00:00+00:00,76059.42000000,76511.22000000,76042.75000000,76308.48000000,1520.57994000
2026-04-30T13:00:00+00:00,76308.48000000,76669.14000000,76116.20000000,76420.44000000,927.16622000
2026-04-30T14:00:00+00:00,76420.45000000,76597.51000000,76093.81000000,76301.24000000,683.75312000
2026-04-30T15:00:00+00:00,76301.25000000,76653.60000000,76163.16000000,76473.60000000,374.70038000
2026-04-30T16:00:00+00:00,76473.60000000,76484.60000000,76228.27000000,76261.03000000,165.45041000
2026-04-30T17:00:00+00:00,76261.04000000,76328.71000000,76111.00000000,76250.01000000,273.82279000
2026-04-30T18:00:00+00:00,76250.00000000,76468.84000000,76204.40000000,76350.00000000,184.15567000
2026-04-30T19:00:00+00:00,76350.00000000,76514.80000000,76308.33000000,76412.80000000,307.53776000
2026-04-30T20:00:00+00:00,76412.80000000,76568.90000000,76318.31000000,76492.46000000,287.06721000
2026-04-30T21:00:00+00:00,76492.45000000,76535.42000000,76240.78000000,76241.78000000,183.08169000
2026-04-30T22:00:00+00:00,76241.77000000,76449.16000000,76206.02000000,76237.06000000,158.56535000
2026-04-30T23:00:00+00:00,76237.07000000,76380.20000000,76217.96000000,76346.57000000,182.87917000
2026-05-01T00:00:00+00:00,76346.58000000,76591.00000000,76320.42000000,76458.05000000,502.88844000
2026-05-01T01:00:00+00:00,76458.06000000,76776.21000000,76449.50000000,76686.13000000,486.84554000
2026-05-01T02:00:00+00:00,76686.12000000,76744.60000000,76533.74000000,76592.54000000,204.45438000
2026-05-01T03:00:00+00:00,76592.54000000,77453.74000000,76555.06000000,77131.08000000,1056.19913000
2026-05-01T04:00:00+00:00,77131.08000000,77206.38000000,76653.60000000,77042.44000000,995.75921000
2026-05-01T05:00:00+00:00,77042.44000000,77184.96000000,77033.91000000,77165.98000000,283.75111000
2026-05-01T06:00:00+00:00,77165.99000000,77179.53000000,76882.00000000,76993.48000000,439.15205000
2026-05-01T07:00:00+00:00,76993.49000000,77140.36000000,76957.04000000,77130.54000000,633.73250000
2026-05-01T08:00:00+00:00,77130.54000000,77500.00000000,77048.00000000,77377.47000000,697.73561000
2026-05-01T09:00:00+00:00,77377.48000000,77391.99000000,77200.15000000,77268.55000000,355.16559000
2026-05-01T10:00:00+00:00,77268.56000000,77433.72000000,77146.48000000,77304.34000000,330.99244000
2026-05-01T11:00:00+00:00,77303.80000000,77600.00000000,77263.66000000,77463.98000000,584.37960000
2026-05-01T12:00:00+00:00,77463.98000000,78170.20000000,77408.73000000,77896.01000000,1392.97654000
2026-05-01T13:00:00+00:00,77896.01000000,78914.12000000,77896.00000000,78737.25000000,2354.33999000
2026-05-01T14:00:00+00:00,78737.26000000,78871.80000000,78051.86000000,78358.75000000,1970.70152000
2026-05-01T15:00:00+00:00,78358.74000000,78735.92000000,78176.06000000,78445.89000000,1013.17746000
2026-05-01T16:00:00+00:00,78445.88000000,78683.23000000,78167.53000000,78214.36000000,704.68666000
2026-05-01T17:00:00+00:00,78214.36000000,78584.61000000,78131.02000000,78552.94000000,489.31938000
2026-05-01T18:00:00+00:00,78552.93000000,78623.37000000,78375.53000000,78423.90000000,487.76487000
2026-05-01T19:00:00+00:00,78423.91000000,78540.00000000,78313.16000000,78360.00000000,512.65483000
2026-05-01T20:00:00+00:00,78360.01000000,78422.81000000,77752.00000000,77880.18000000,827.52759000
2026-05-01T21:00:00+00:00,77880.18000000,78200.00000000,77857.97000000,78199.99000000,485.72824000
2026-05-01T22:00:00+00:00,78200.00000000,78411.13000000,78144.70000000,78153.38000000,331.97786000
2026-05-01T23:00:00+00:00,78153.37000000,78249.60000000,78043.28000000,78231.13000000,173.55448000
2026-05-02T00:00:00+00:00,78231.13000000,78393.39000000,78166.48000000,78341.75000000,211.29374000
2026-05-02T01:00:00+00:00,78341.75000000,78441.31000000,78294.19000000,78355.00000000,400.98852000
2026-05-02T02:00:00+00:00,78355.00000000,78513.70000000,78260.95000000,78353.93000000,283.69022000
2026-05-02T03:00:00+00:00,78353.93000000,78514.82000000,78237.25000000,78400.00000000,300.16391000
2026-05-02T04:00:00+00:00,78399.99000000,78448.99000000,78123.53000000,78175.50000000,411.85061000
2026-05-02T05:00:00+00:00,78175.50000000,78235.25000000,78040.00000000,78174.00000000,526.60294000
2026-05-02T06:00:00+00:00,78174.00000000,78363.21000000,78148.24000000,78327.80000000,366.56450000
2026-05-02T07:00:00+00:00,78327.80000000,78342.18000000,78207.20000000,78220.00000000,170.02066000
2026-05-02T08:00:00+00:00,78220.00000000,78356.51000000,78165.30000000,78315.37000000,204.83037000
2026-05-02T09:00:00+00:00,78315.36000000,78394.00000000,78220.00000000,78293.57000000,257.64077000
2026-05-02T10:00:00+00:00,78293.57000000,78311.97000000,78225.22000000,78249.30000000,136.41815000
2026-05-02T11:00:00+00:00,78249.31000000,78249.31000000,78094.43000000,78143.08000000,269.24301000
2026-05-02T12:00:00+00:00,78143.09000000,78262.37000000,78108.41000000,78211.24000000,182.77682000
2026-05-02T13:00:00+00:00,78211.24000000,78423.85000000,78211.24000000,78367.06000000,227.00487000
2026-05-02T14:00:00+00:00,78367.06000000,78484.42000000,78309.84000000,78423.98000000,190.15931000
2026-05-02T15:00:00+00:00,78423.98000000,78487.68000000,78365.96000000,78487.67000000,126.14054000
2026-05-02T16:00:00+00:00,78487.67000000,78596.61000000,78430.07000000,78455.02000000,194.42514000
2026-05-02T17:00:00+00:00,78455.02000000,78485.53000000,78368.24000000,78398.02000000,213.39843000
2026-05-02T18:00:00+00:00,78398.03000000,78493.31000000,78310.54000000,78466.62000000,118.15969000
2026-05-02T19:00:00+00:00,78466.63000000,78521.68000000,78440.11000000,78486.00000000,182.05466000
2026-05-02T20:00:00+00:00,78486.23000000,78491.26000000,78418.32000000,78451.38000000,61.92886000
2026-05-02T21:00:00+00:00,78451.37000000,79199.48000000,78439.51000000,78719.78000000,734.53837000
2026-05-02T22:00:00+00:00,78719.78000000,78872.39000000,78610.46000000,78832.98000000,266.49012000
2026-05-02T23:00:00+00:00,78832.98000000,78832.98000000,78631.90000000,78686.85000000,114.49221000
2026-05-03T00:00:00+00:00,78686.84000000,78754.55000000,78490.61000000,78542.32000000,233.96416000
2026-05-03T01:00:00+00:00,78542.33000000,78542.33000000,78152.25000000,78240.83000000,391.01401000
2026-05-03T02:00:00+00:00,78240.84000000,78309.09000000,78108.75000000,78171.85000000,222.42918000
2026-05-03T03:00:00+00:00,78171.86000000,78217.59000000,78109.94000000,78203.08000000,200.35590000
2026-05-03T04:00:00+00:00,78203.07000000,78236.45000000,78120.00000000,78163.19000000,89.71363000
2026-05-03T05:00:00+00:00,78163.19000000,78260.75000000,78163.17000000,78249.42000000,98.09285000
2026-05-03T06:00:00+00:00,78249.41000000,78337.26000000,78084.08000000,78288.30000000,306.94233000
2026-05-03T07:00:00+00:00,78288.30000000,78483.67000000,78288.29000000,78363.25000000,299.42086000
2026-05-03T08:00:00+00:00,78363.24000000,78505.92000000,78363.24000000,78387.86000000,102.01693000
2026-05-03T09:00:00+00:00,78387.87000000,78604.67000000,78354.53000000,78529.57000000,293.13210000
2026-05-03T10:00:00+00:00,78529.57000000,78534.40000000,78406.97000000,78408.01000000,140.79481000
2026-05-03T11:00:00+00:00,78408.01000000,78849.22000000,78380.00000000,78656.01000000,412.83130000
2026-05-03T12:00:00+00:00,78656.01000000,78878.77000000,78656.00000000,78747.09000000,294.28187000
2026-05-03T13:00:00+00:00,78747.09000000,78769.63000000,78586.99000000,78670.01000000,196.40341000
2026-05-03T14:00:00+00:00,78670.01000000,78786.57000000,78608.70000000,78741.00000000,409.96615000
2026-05-03T15:00:00+00:00,78741.00000000,78815.19000000,78633.40000000,78668.36000000,237.20487000
2026-05-03T16:00:00+00:00,78668.36000000,78784.56000000,78600.00000000,78654.00000000,167.53902000
2026-05-03T17:00:00+00:00,78654.01000000,78822.83000000,78558.65000000,78725.76000000,357.92550000
2026-05-03T18:00:00+00:00,78725.76000000,78763.57000000,78631.61000000,78739.67000000,138.18974000
2026-05-03T19:00:00+00:00,78739.68000000,78853.32000000,78676.67000000,78760.32000000,252.60944000
2026-05-03T20:00:00+00:00,78760.32000000,79268.00000000,78732.04000000,78915.99000000,645.79790000
2026-05-03T21:00:00+00:00,78915.99000000,79056.59000000,78650.00000000,78831.59000000,357.48617000
2026-05-03T22:00:00+00:00,78831.60000000,79447.00000000,78831.60000000,79177.29000000,934.95879000
2026-05-03T23:00:00+00:00,79177.29000000,79287.82000000,78484.42000000,78568.57000000,642.72198000
2026-05-04T00:00:00+00:00,78568.58000000,78572.57000000,78288.88000000,78547.14000000,434.86007000
2026-05-04T01:00:00+00:00,78547.15000000,79848.84000000,78412.49000000,79769.43000000,1366.42153000
2026-05-04T02:00:00+00:00,79769.43000000,80420.90000000,79540.05000000,80173.30000000,2278.14954000
2026-05-04T03:00:00+00:00,80173.30000000,80458.00000000,79926.90000000,80316.31000000,1012.18218000
2026-05-04T04:00:00+00:00,80316.30000000,80635.51000000,80233.04000000,80332.06000000,1362.02834000
2026-05-04T05:00:00+00:00,80332.06000000,80395.96000000,79956.25000000,80027.26000000,746.81318000
2026-05-04T06:00:00+00:00,80027.26000000,80048.64000000,79500.00000000,79877.90000000,1103.73906000
2026-05-04T07:00:00+00:00,79877.91000000,79946.33000000,79672.00000000,79696.75000000,419.83178000
2026-05-04T08:00:00+00:00,79696.75000000,79800.00000000,79602.32000000,79708.30000000,435.36516000
2026-05-04T09:00:00+00:00,79708.30000000,79930.00000000,79647.87000000,79838.48000000,473.40316000
2026-05-04T10:00:00+00:00,79838.49000000,79880.00000000,78202.00000000,78940.26000000,4380.72428000
2026-05-04T11:00:00+00:00,78940.27000000,79124.83000000,78708.87000000,78793.67000000,699.54546000
2026-05-04T12:00:00+00:00,78793.67000000,79020.00000000,78718.55000000,78857.18000000,426.01688000
2026-05-04T13:00:00+00:00,78857.18000000,79124.83000000,78581.74000000,78790.00000000,725.07004000
2026-05-04T14:00:00+00:00,78790.01000000,80545.17000000,78500.00000000,80216.16000000,2308.42012000
2026-05-04T15:00:00+00:00,80216.15000000,80367.93000000,79320.28000000,80028.85000000,2458.63305000
2026-05-04T16:00:00+00:00,80028.85000000,80395.68000000,79619.33000000,80025.03000000,1492.78417000
2026-05-04T17:00:00+00:00,80025.03000000,80776.99000000,80021.50000000,80390.81000000,1080.11249000
2026-05-04T18:00:00+00:00,80390.80000000,80439.18000000,80035.32000000,80114.91000000,663.99913000
2026-05-04T19:00:00+00:00,80114.91000000,80138.00000000,79900.00000000,80053.31000000,505.59924000
2026-05-04T20:00:00+00:00,80053.31000000,80154.12000000,79901.00000000,79936.70000000,459.51864000
2026-05-04T21:00:00+00:00,79936.70000000,80383.15000000,79936.70000000,80259.17000000,343.30642000
2026-05-04T22:00:00+00:00,80259.18000000,80397.19000000,80042.84000000,80067.23000000,272.35375000
2026-05-04T23:00:00+00:00,80067.22000000,80067.22000000,79744.91000000,79861.01000000,594.08368000
2026-05-05T00:00:00+00:00,79861.01000000,80183.33000000,79808.72000000,80170.66000000,425.73287000
2026-05-05T01:00:00+00:00,80170.66000000,80385.06000000,80080.76000000,80352.00000000,530.02962000
2026-05-05T02:00:00+00:00,80351.99000000,80900.00000000,80300.00000000,80554.68000000,768.44478000
2026-05-05T03:00:00+00:00,80554.69000000,81083.98000000,80457.93000000,80893.08000000,677.93372000
2026-05-05T04:00:00+00:00,80893.08000000,80982.59000000,80725.00000000,80902.44000000,528.94138000
2026-05-05T05:00:00+00:00,80902.44000000,81323.52000000,80830.06000000,80970.00000000,1011.38606000
2026-05-05T06:00:00+00:00,80969.99000000,81016.42000000,80800.00000000,80976.00000000,389.83367000
2026-05-05T07:00:00+00:00,80976.00000000,81136.59000000,80826.00000000,80855.59000000,1044.43230000
2026-05-05T08:00:00+00:00,80855.59000000,80895.50000000,80723.20000000,80815.24000000,474.45790000
2026-05-05T09:00:00+00:00,80815.24000000,80815.24000000,80527.76000000,80586.02000000,865.34761000
2026-05-05T10:00:00+00:00,80586.02000000,80831.87000000,80530.82000000,80823.61000000,521.10422000
2026-05-05T11:00:00+00:00,80823.61000000,81095.48000000,80780.00000000,81014.05000000,623.66253000
2026-05-05T12:00:00+00:00,81014.05000000,81329.61000000,80932.54000000,81279.41000000,607.82057000
2026-05-05T13:00:00+00:00,81279.40000000,81712.32000000,81196.00000000,81330.00000000,1771.41690000
2026-05-05T14:00:00+00:00,81330.00000000,81500.00000000,80939.87000000,81336.59000000,1282.91373000
2026-05-05T15:00:00+00:00,81336.59000000,81689.20000000,81235.00000000,81525.19000000,899.04049000
2026-05-05T16:00:00+00:00,81525.19000000,81615.33000000,81050.04000000,81285.75000000,707.45267000
2026-05-05T17:00:00+00:00,81285.75000000,81458.26000000,81185.02000000,81270.60000000,280.80669000
2026-05-05T18:00:00+00:00,81270.61000000,81599.00000000,81270.61000000,81515.00000000,427.56223000
2026-05-05T19:00:00+00:00,81515.00000000,81680.00000000,81407.58000000,81606.35000000,364.63717000
2026-05-05T20:00:00+00:00,81606.35000000,81770.00000000,81510.13000000,81646.38000000,724.67261000
2026-05-05T21:00:00+00:00,81646.39000000,81791.48000000,81305.27000000,81407.11000000,618.58873000
2026-05-05T22:00:00+00:00,81407.11000000,81600.00000000,80817.72000000,81111.27000000,921.88572000
2026-05-05T23:00:00+00:00,81111.27000000,81222.03000000,80790.00000000,80905.52000000,479.07578000
2026-05-06T00:00:00+00:00,80905.53000000,81262.28000000,80731.14000000,81030.01000000,876.19915000
2026-05-06T01:00:00+00:00,81030.00000000,81534.23000000,80996.00000000,81439.34000000,803.82574000
2026-05-06T02:00:00+00:00,81439.34000000,81449.04000000,81047.01000000,81363.54000000,621.19491000
2026-05-06T03:00:00+00:00,81363.54000000,81760.84000000,81358.17000000,81581.69000000,710.52364000
2026-05-06T04:00:00+00:00,81581.70000000,81649.99000000,81270.00000000,81331.10000000,575.64130000
2026-05-06T05:00:00+00:00,81331.10000000,81360.30000000,81060.00000000,81333.00000000,592.18650000
2026-05-06T06:00:00+00:00,81333.00000000,81516.90000000,81211.34000000,81476.71000000,524.13540000
2026-05-06T07:00:00+00:00,81476.71000000,81611.00000000,81307.81000000,81359.82000000,608.74333000
2026-05-06T08:00:00+00:00,81359.82000000,81986.00000000,81328.68000000,81945.66000000,1353.41416000
2026-05-06T09:00:00+00:00,81945.66000000,82060.00000000,81682.70000000,81997.00000000,1096.73350000
2026-05-06T10:00:00+00:00,81997.00000000,82390.00000000,81953.25000000,82290.04000000,1302.85091000
2026-05-06T11:00:00+00:00,82290.03000000,82850.00000000,82261.60000000,82522.89000000,1435.93329000
2026-05-06T12:00:00+00:00,82522.88000000,82539.33000000,82164.61000000,82220.47000000,820.92810000
2026-05-06T13:00:00+00:00,82220.47000000,82220.47000000,81600.00000000,81670.89000000,1247.90169000
2026-05-06T14:00:00+00:00,81670.90000000,81980.72000000,81136.00000000,81526.73000000,1615.07708000
2026-05-06T15:00:00+00:00,81526.74000000,81823.00000000,81316.28000000,81704.25000000,824.75333000
2026-05-06T16:00:00+00:00,81704.25000000,81907.51000000,81431.16000000,81630.94000000,983.55485000
2026-05-06T17:00:00+00:00,81630.94000000,81709.32000000,81394.00000000,81452.63000000,417.39237000
2026-05-06T18:00:00+00:00,81452.63000000,81559.17000000,81271.06000000,81353.14000000,451.84587000
2026-05-06T19:00:00+00:00,81353.15000000,81522.41000000,81200.00000000,81464.87000000,517.12437000
2026-05-06T20:00:00+00:00,81464.86000000,81700.00000000,81302.35000000,81427.52000000,436.46876000
2026-05-06T21:00:00+00:00,81427.52000000,81618.77000000,81294.64000000,81539.16000000,310.38464000
2026-05-06T22:00:00+00:00,81539.16000000,81540.91000000,81240.00000000,81342.39000000,229.58883000
2026-05-06T23:00:00+00:00,81342.39000000,81447.30000000,81000.00000000,81447.01000000,442.37224000
2026-05-07T00:00:00+00:00,81447.01000000,81490.03000000,80980.00000000,81016.96000000,407.52958000
2026-05-07T01:00:00+00:00,81016.96000000,81284.67000000,80830.23000000,81167.80000000,565.39571000
2026-05-07T02:00:00+00:00,81167.79000000,81180.74000000,80883.54000000,81113.34000000,749.95215000
2026-05-07T03:00:00+00:00,81113.35000000,81113.35000000,80834.61000000,80834.91000000,345.29566000
2026-05-07T04:00:00+00:00,80834.92000000,80989.59000000,80725.09000000,80979.19000000,387.82747000
2026-05-07T05:00:00+00:00,80979.19000000,81172.27000000,80974.06000000,81088.00000000,355.34634000
2026-05-07T06:00:00+00:00,81088.00000000,81443.21000000,80874.41000000,81438.61000000,613.68575000
2026-05-07T07:00:00+00:00,81438.62000000,81708.32000000,81390.30000000,81518.58000000,681.98013000
2026-05-07T08:00:00+00:00,81518.57000000,81590.00000000,81194.74000000,81231.24000000,647.38206000
2026-05-07T09:00:00+00:00,81231.25000000,81231.25000000,80852.33000000,80929.00000000,659.04219000
2026-05-07T10:00:00+00:00,80929.00000000,80997.00000000,80572.40000000,80850.75000000,690.56353000
2026-05-07T11:00:00+00:00,80850.76000000,81041.15000000,80786.50000000,80866.65000000,367.10915000
2026-05-07T12:00:00+00:00,80866.65000000,81180.00000000,80846.87000000,81162.01000000,429.19223000
2026-05-07T13:00:00+00:00,81162.00000000,81162.01000000,80260.98000000,80503.68000000,1211.56578000
2026-05-07T14:00:00+00:00,80503.69000000,80685.70000000,80046.00000000,80171.38000000,1538.09475000
2026-05-07T15:00:00+00:00,80171.37000000,80271.42000000,79699.52000000,79890.63000000,1647.81030000
2026-05-07T16:00:00+00:00,79890.00000000,80020.00000000,79646.79000000,79801.08000000,1424.92395000
2026-05-07T17:00:00+00:00,79801.08000000,80135.17000000,79500.00000000,80094.52000000,919.74045000
2026-05-07T18:00:00+00:00,80094.52000000,80269.06000000,80004.40000000,80200.59000000,527.27769000
2026-05-07T19:00:00+00:00,80200.60000000,80224.00000000,79934.30000000,80146.11000000,443.20216000
2026-05-07T20:00:00+00:00,80146.77000000,80371.23000000,79859.51000000,79879.99000000,400.51449000
2026-05-07T21:00:00+00:00,79880.00000000,79934.92000000,79660.00000000,79735.01000000,401.75461000
2026-05-07T22:00:00+00:00,79735.00000000,79990.00000000,79582.95000000,79919.01000000,495.14556000
2026-05-07T23:00:00+00:00,79919.00000000,80068.03000000,79871.98000000,80006.00000000,244.47169000
2026-05-08T00:00:00+00:00,80006.00000000,80142.84000000,79729.72000000,79831.99000000,958.06006000
2026-05-08T01:00:00+00:00,79831.98000000,79900.11000000,79612.63000000,79740.01000000,539.33838000
2026-05-08T02:00:00+00:00,79740.01000000,79761.61000000,79316.99000000,79488.46000000,1066.54641000
2026-05-08T03:00:00+00:00,79488.47000000,79666.66000000,79181.48000000,79578.85000000,529.79179000
2026-05-08T04:00:00+00:00,79578.84000000,79748.00000000,79551.26000000,79655.23000000,317.73705000
2026-05-08T05:00:00+00:00,79655.22000000,79778.95000000,79600.00000000,79600.01000000,307.79364000
2026-05-08T06:00:00+00:00,79600.01000000,79654.00000000,79411.00000000,79525.76000000,792.09671000
2026-05-08T07:00:00+00:00,79525.77000000,79727.00000000,79248.58000000,79682.40000000,992.93778000
2026-05-08T08:00:00+00:00,79682.40000000,79987.27000000,79666.05000000,79886.01000000,628.59636000
2026-05-08T09:00:00+00:00,79886.00000000,80061.17000000,79794.88000000,79872.72000000,481.81051000
2026-05-08T10:00:00+00:00,79872.72000000,80278.92000000,79788.01000000,80212.56000000,650.80764000
2026-05-08T11:00:00+00:00,80212.55000000,80340.94000000,80127.54000000,80231.22000000,586.98252000
2026-05-08T12:00:00+00:00,80231.22000000,80500.00000000,79966.14000000,80025.82000000,831.54339000
2026-05-08T13:00:00+00:00,80025.81000000,80095.99000000,79549.54000000,79647.80000000,1091.58342000
2026-05-08T14:00:00+00:00,79647.81000000,80441.79000000,79647.80000000,80150.97000000,1005.37450000
2026-05-08T15:00:00+00:00,80150.97000000,80200.00000000,79625.00000000,80142.14000000,812.90032000
2026-05-08T16:00:00+00:00,80142.13000000,80182.18000000,79741.30000000,79802.34000000,665.76300000
2026-05-08T17:00:00+00:00,79802.35000000,80261.87000000,79738.75000000,80060.00000000,1502.98426000
2026-05-08T18:00:00+00:00,80060.00000000,80299.99000000,80059.99000000,80078.40000000,470.37331000
2026-05-08T19:00:00+00:00,80078.39000000,80181.66000000,79954.54000000,80179.94000000,408.77976000
2026-05-08T20:00:00+00:00,80180.00000000,80299.93000000,80089.76000000,80133.09000000,330.63666000
2026-05-08T21:00:00+00:00,80133.08000000,80264.00000000,80116.32000000,80263.99000000,269.62208000
2026-05-08T22:00:00+00:00,80264.00000000,80409.09000000,80238.42000000,80262.00000000,318.15524000
2026-05-08T23:00:00+00:00,80262.00000000,80299.27000000,80111.02000000,80193.17000000,441.09530000
2026-05-09T00:00:00+00:00,80193.18000000,80240.87000000,80129.85000000,80238.76000000,206.53644000
2026-05-09T01:00:00+00:00,80238.75000000,80446.58000000,80217.46000000,80327.75000000,266.81337000
2026-05-09T02:00:00+00:00,80327.75000000,80477.47000000,80327.75000000,80417.87000000,231.63268000
2026-05-09T03:00:00+00:00,80417.88000000,80550.67000000,80307.76000000,80383.95000000,388.12699000
2026-05-09T04:00:00+00:00,80383.96000000,80666.66000000,80373.55000000,80379.90000000,404.43634000
2026-05-09T05:00:00+00:00,80379.90000000,80480.49000000,80343.00000000,80379.49000000,360.73513000
2026-05-09T06:00:00+00:00,80379.50000000,80428.01000000,80201.60000000,80263.92000000,270.37474000
2026-05-09T07:00:00+00:00,80263.93000000,80309.05000000,80135.00000000,80228.89000000,445.94164000
2026-05-09T08:00:00+00:00,80228.88000000,80452.44000000,80220.00000000,80407.12000000,297.06841000
2026-05-09T09:00:00+00:00,80407.12000000,80415.83000000,80214.00000000,80242.53000000,211.41081000
2026-05-09T10:00:00+00:00,80242.54000000,80346.94000000,80166.26000000,80264.02000000,234.54075000
2026-05-09T11:00:00+00:00,80264.01000000,80366.07000000,80256.95000000,80345.46000000,266.71827000
2026-05-09T12:00:00+00:00,80345.47000000,80416.21000000,80274.03000000,80397.97000000,357.45715000
2026-05-09T13:00:00+00:00,80397.97000000,80422.00000000,80318.70000000,80391.18000000,341.73909000
2026-05-09T14:00:00+00:00,80391.18000000,80426.90000000,80254.71000000,80332.22000000,322.24573000
2026-05-09T15:00:00+00:00,80332.23000000,80600.00000000,80234.00000000,80527.92000000,418.47876000
2026-05-09T16:00:00+00:00,80527.92000000,80777.00000000,80487.40000000,80625.01000000,546.55445000
2026-05-09T17:00:00+00:00,80625.00000000,80928.56000000,80625.00000000,80812.70000000,430.13867000
2026-05-09T18:00:00+00:00,80812.69000000,81080.00000000,80787.39000000,80907.65000000,339.35386000
2026-05-09T19:00:00+00:00,80907.66000000,80958.00000000,80776.99000000,80938.53000000,217.80867000
2026-05-09T20:00:00+00:00,80938.53000000,80938.53000000,80744.98000000,80805.50000000,144.14004000
2026-05-09T21:00:00+00:00,80805.51000000,80896.00000000,80744.98000000,80780.83000000,149.85415000
2026-05-09T22:00:00+00:00,80780.83000000,80823.24000000,80670.01000000,80782.38000000,199.54802000
2026-05-09T23:00:00+00:00,80782.38000000,80850.00000000,80621.88000000,80678.40000000,496.76761000
2026-05-10T00:00:00+00:00,80678.41000000,80770.51000000,80610.64000000,80680.04000000,346.27712000
2026-05-10T01:00:00+00:00,80680.03000000,80690.73000000,80572.77000000,80685.56000000,410.62072000
2026-05-10T02:00:00+00:00,80685.55000000,80790.00000000,80611.00000000,80777.42000000,290.59888000
2026-05-10T03:00:00+00:00,80777.42000000,80887.15000000,80709.59000000,80775.00000000,284.77121000
2026-05-10T04:00:00+00:00,80774.99000000,80840.00000000,80722.78000000,80759.93000000,253.45188000
2026-05-10T05:00:00+00:00,80759.93000000,80816.52000000,80682.00000000,80700.77000000,372.73913000
2026-05-10T06:00:00+00:00,80700.76000000,80753.04000000,80658.97000000,80733.75000000,211.55020000
2026-05-10T07:00:00+00:00,80733.75000000,80827.14000000,80720.10000000,80736.03000000,400.67517000
2026-05-10T08:00:00+00:00,80736.03000000,80909.65000000,80715.33000000,80830.33000000,252.36808000
2026-05-10T09:00:00+00:00,80830.34000000,80913.80000000,80756.53000000,80807.96000000,237.31778000
2026-05-10T10:00:00+00:00,80807.95000000,80883.48000000,80691.00000000,80873.79000000,279.49023000
2026-05-10T11:00:00+00:00,80873.80000000,80975.40000000,80750.00000000,80821.21000000,339.53296000
2026-05-10T12:00:00+00:00,80821.21000000,80950.00000000,80784.20000000,80927.72000000,235.68491000
2026-05-10T13:00:00+00:00,80927.71000000,81000.01000000,80865.44000000,80971.67000000,254.25083000
2026-05-10T14:00:00+00:00,80971.66000000,80999.36000000,80816.22000000,80990.11000000,372.45860000
2026-05-10T15:00:00+00:00,80990.11000000,81442.81000000,80936.00000000,81418.01000000,780.28503000
2026-05-10T16:00:00+00:00,81418.01000000,81500.00000000,81200.00000000,81378.25000000,595.22707000
2026-05-10T17:00:00+00:00,81378.25000000,81583.11000000,81220.00000000,81476.18000000,599.74468000
2026-05-10T18:00:00+00:00,81476.18000000,81493.11000000,81231.14000000,81271.96000000,268.90805000
2026-05-10T19:00:00+00:00,81271.96000000,81481.92000000,81148.00000000,81437.83000000,334.34752000
2026-05-10T20:00:00+00:00,81437.83000000,81459.66000000,80279.77000000,80734.88000000,1021.73969000
2026-05-10T21:00:00+00:00,80734.88000000,80944.44000000,80571.97000000,80720.47000000,691.73163000
2026-05-10T22:00:00+00:00,80720.47000000,82171.96000000,80666.66000000,82044.49000000,1804.86462000
2026-05-10T23:00:00+00:00,82044.49000000,82479.32000000,82044.49000000,82210.07000000,1395.68283000
2026-05-11T00:00:00+00:00,82210.07000000,82380.00000000,81280.00000000,81471.13000000,1294.00066000
2026-05-11T01:00:00+00:00,81471.13000000,81744.85000000,81291.23000000,81501.72000000,495.92379000
2026-05-11T02:00:00+00:00,81501.73000000,81572.40000000,81117.64000000,81169.08000000,491.97068000
2026-05-11T03:00:00+00:00,81169.09000000,81188.97000000,80525.00000000,80736.01000000,857.95581000
2026-05-11T04:00:00+00:00,80736.00000000,80879.12000000,80639.99000000,80824.61000000,378.47076000
2026-05-11T05:00:00+00:00,80824.61000000,80981.80000000,80761.73000000,80832.33000000,423.68877000
2026-05-11T06:00:00+00:00,80832.34000000,81049.51000000,80762.00000000,80822.86000000,296.00491000
2026-05-11T07:00:00+00:00,80822.86000000,80840.30000000,80663.11000000,80740.40000000,496.93812000
2026-05-11T08:00:00+00:00,80740.40000000,80863.42000000,80621.87000000,80767.97000000,463.92135000
2026-05-11T09:00:00+00:00,80767.97000000,80997.63000000,80758.30000000,80966.57000000,330.83757000
2026-05-11T10:00:00+00:00,80966.58000000,81200.00000000,80940.00000000,80940.00000000,488.26383000
2026-05-11T11:00:00+00:00,80940.00000000,81196.95000000,80900.00000000,81196.94000000,356.37085000
2026-05-11T12:00:00+00:00,81196.95000000,81356.46000000,81029.77000000,81054.65000000,485.89630000
2026-05-11T13:00:00+00:00,81054.65000000,81332.29000000,80739.63000000,81072.00000000,767.39683000
2026-05-11T14:00:00+00:00,81072.01000000,81252.72000000,80462.97000000,80953.38000000,767.64104000
2026-05-11T15:00:00+00:00,80953.39000000,81458.00000000,80826.02000000,81445.90000000,647.30001000
2026-05-11T16:00:00+00:00,81445.89000000,81910.35000000,81344.72000000,81575.85000000,1113.46844000
2026-05-11T17:00:00+00:00,81575.84000000,82071.77000000,81369.42000000,81941.09000000,565.28919000
2026-05-11T18:00:00+00:00,81941.09000000,82137.26000000,81836.15000000,81858.96000000,536.09834000
2026-05-11T19:00:00+00:00,81858.97000000,82091.11000000,81739.09000000,81961.99000000,458.60970000
2026-05-11T20:00:00+00:00,81961.99000000,82078.91000000,81758.50000000,81821.02000000,322.40099000
2026-05-11T21:00:00+00:00,81821.03000000,81906.35000000,81600.00000000,81821.18000000,268.82965000
2026-05-11T22:00:00+00:00,81821.18000000,81969.99000000,81729.99000000,81833.92000000,366.43361000
2026-05-11T23:00:00+00:00,81833.92000000,81833.92000000,81596.31000000,81745.65000000,278.04936000
2026-05-12T00:00:00+00:00,81745.66000000,81788.00000000,81478.75000000,81545.20000000,419.66559000
2026-05-12T01:00:00+00:00,81545.20000000,81615.67000000,80714.28000000,81199.18000000,866.00547000
2026-05-12T02:00:00+00:00,81199.18000000,81332.29000000,81087.63000000,81249.93000000,386.77691000
2026-05-12T03:00:00+00:00,81249.93000000,81294.42000000,81024.41000000,81058.80000000,187.87319000
2026-05-12T04:00:00+00:00,81058.79000000,81303.99000000,81000.00000000,81240.01000000,398.28206000
2026-05-12T05:00:00+00:00,81240.01000000,81305.24000000,81181.56000000,81224.03000000,329.93857000
2026-05-12T06:00:00+00:00,81224.04000000,81300.00000000,81010.01000000,81022.44000000,448.36294000
2026-05-12T07:00:00+00:00,81022.44000000,81137.27000000,80800.77000000,80865.40000000,603.31882000
2026-05-12T08:00:00+00:00,80865.40000000,80964.13000000,80760.53000000,80843.31000000,478.61372000
2026-05-12T09:00:00+00:00,80843.30000000,80963.35000000,80720.00000000,80837.15000000,506.71585000
2026-05-12T10:00:00+00:00,80837.15000000,80848.27000000,80601.27000000,80666.37000000,487.71377000
2026-05-12T11:00:00+00:00,80666.38000000,80785.38000000,80496.57000000,80784.87000000,500.02112000
2026-05-12T12:00:00+00:00,80784.86000000,80999.00000000,80619.19000000,80881.26000000,585.87948000
2026-05-12T13:00:00+00:00,80881.25000000,80928.26000000,80397.07000000,80466.91000000,795.94705000
2026-05-12T14:00:00+00:00,80466.91000000,80888.01000000,80397.88000000,80540.00000000,865.59094000
2026-05-12T15:00:00+00:00,80540.00000000,80676.78000000,80188.65000000,80336.01000000,958.32005000
2026-05-12T16:00:00+00:00,80336.01000000,80435.99000000,79843.59000000,80000.01000000,1473.45450000
2026-05-12T17:00:00+00:00,80000.01000000,80593.06000000,79951.05000000,80527.69000000,486.64257000
2026-05-12T18:00:00+00:00,80527.69000000,80763.81000000,80430.00000000,80679.12000000,367.35810000
2026-05-12T19:00:00+00:00,80679.11000000,80874.42000000,80679.11000000,80834.64000000,346.22158000
2026-05-12T20:00:00+00:00,80835.30000000,80896.25000000,80642.85000000,80696.87000000,292.49967000
2026-05-12T21:00:00+00:00,80696.87000000,80738.00000000,80497.00000000,80587.44000000,202.53849000
2026-05-12T22:00:00+00:00,80587.45000000,80791.94000000,80587.45000000,80656.43000000,151.10909000
2026-05-12T23:00:00+00:00,80656.44000000,80714.00000000,80439.91000000,80504.47000000,247.40723000
2026-05-13T00:00:00+00:00,80504.47000000,80768.95000000,80412.15000000,80718.00000000,230.81443000
2026-05-13T01:00:00+00:00,80718.00000000,81195.69000000,80683.12000000,81006.00000000,633.76198000
2026-05-13T02:00:00+00:00,81005.99000000,81281.66000000,80934.69000000,81050.00000000,333.93602000
2026-05-13T03:00:00+00:00,81050.00000000,81299.99000000,80976.27000000,81249.99000000,377.40594000
2026-05-13T04:00:00+00:00,81249.99000000,81281.07000000,81124.87000000,81231.96000000,253.70329000
2026-05-13T05:00:00+00:00,81231.96000000,81247.22000000,80999.99000000,81019.99000000,266.87053000
2026-05-13T06:00:00+00:00,81020.00000000,81160.36000000,80972.94000000,80980.05000000,499.16530000
2026-05-13T07:00:00+00:00,80980.06000000,81049.01000000,80889.12000000,81026.92000000,476.02435000
2026-05-13T08:00:00+00:00,81026.92000000,81200.00000000,80943.63000000,81196.57000000,372.92514000
2026-05-13T09:00:00+00:00,81196.57000000,81324.64000000,81137.77000000,81291.38000000,435.50222000
2026-05-13T10:00:00+00:00,81291.37000000,81298.50000000,80809.01000000,80809.01000000,364.76288000
2026-05-13T11:00:00+00:00,80809.01000000,80843.87000000,80494.98000000,80501.22000000,668.09274000
2026-05-13T12:00:00+00:00,80501.22000000,80592.65000000,79852.00000000,80202.78000000,1194.36751000
2026-05-13T13:00:00+00:00,80202.78000000,80345.45000000,79576.47000000,79656.01000000,1205.27854000
2026-05-13T14:00:00+00:00,79656.01000000,79898.00000000,79481.56000000,79756.01000000,942.38578000
2026-05-13T15:00:00+00:00,79756.02000000,79856.08000000,78807.22000000,78827.21000000,1731.43058000
2026-05-13T16:00:00+00:00,78827.21000000,79222.22000000,78754.65000000,79108.39000000,1522.11383000
2026-05-13T17:00:00+00:00,79108.39000000,79556.36000000,79100.00000000,79514.97000000,611.40519000
2026-05-13T18:00:00+00:00,79514.97000000,79800.00000000,79514.97000000,79598.15000000,747.58594000
2026-05-13T19:00:00+00:00,79598.15000000,79646.29000000,79400.00000000,79642.41000000,463.49581000
2026-05-13T20:00:00+00:00,79642.41000000,79760.00000000,79622.70000000,79698.95000000,225.22286000
2026-05-13T21:00:00+00:00,79698.95000000,79705.73000000,79340.39000000,79398.54000000,418.00056000
2026-05-13T22:00:00+00:00,79398.54000000,79470.00000000,79228.00000000,79428.46000000,338.28664000
2026-05-13T23:00:00+00:00,79428.46000000,79499.01000000,79233.83000000,79313.61000000,497.51837000
2026-05-14T00:00:00+00:00,79313.61000000,79681.73000000,79308.00000000,79580.00000000,443.66772000
2026-05-14T01:00:00+00:00,79580.00000000,79681.73000000,79409.42000000,79604.60000000,369.48629000
2026-05-14T02:00:00+00:00,79604.61000000,79676.11000000,79222.22000000,79370.24000000,684.03959000
2026-05-14T03:00:00+00:00,79370.24000000,79460.00000000,78922.00000000,79044.85000000,712.36112000
2026-05-14T04:00:00+00:00,79044.86000000,79474.41000000,78982.06000000,79451.63000000,437.35487000
2026-05-14T05:00:00+00:00,79451.62000000,79998.00000000,79359.49000000,79809.16000000,850.16622000
2026-05-14T06:00:00+00:00,79809.15000000,79953.35000000,79769.12000000,79804.71000000,301.13354000
2026-05-14T07:00:00+00:00,79804.72000000,79937.59000000,79702.05000000,79745.98000000,480.32483000
2026-05-14T08:00:00+00:00,79745.99000000,79936.98000000,79644.44000000,79821.56000000,652.77033000
2026-05-14T09:00:00+00:00,79821.55000000,79905.99000000,79569.81000000,79635.52000000,445.75367000
2026-05-14T10:00:00+00:00,79635.53000000,79756.98000000,79409.42000000,79570.01000000,384.95969000
2026-05-14T11:00:00+00:00,79570.01000000,79600.00000000,79234.00000000,79258.27000000,362.97846000
2026-05-14T12:00:00+00:00,79258.27000000,79775.02000000,79230.31000000,79767.11000000,526.41242000
2026-05-14T13:00:00+00:00,79767.10000000,80059.71000000,79670.88000000,79701.73000000,1000.54213000
2026-05-14T14:00:00+00:00,79701.73000000,81020.00000000,79561.52000000,80964.85000000,1882.78042000
2026-05-14T15:00:00+00:00,80964.84000000,81332.23000000,80816.08000000,81301.23000000,2292.36231000
2026-05-14T16:00:00+00:00,81301.22000000,81904.44000000,81080.25000000,81888.40000000,2732.81932000
2026-05-14T17:00:00+00:00,81888.40000000,82048.13000000,81271.00000000,81668.48000000,1967.47911000
2026-05-14T18:00:00+00:00,81668.49000000,81949.15000000,81440.38000000,81581.99000000,1012.79720000
2026-05-14T19:00:00+00:00,81582.00000000,81718.73000000,81330.12000000,81419.74000000,566.84044000
2026-05-14T20:00:00+00:00,81419.75000000,81590.19000000,81166.22000000,81412.04000000,471.62836000
2026-05-14T21:00:00+00:00,81412.05000000,81526.08000000,81268.38000000,81396.61000000,292.07185000
2026-05-14T22:00:00+00:00,81396.61000000,81559.71000000,81335.48000000,81456.00000000,322.84736000
2026-05-14T23:00:00+00:00,81456.00000000,81456.00000000,81059.93000000,81089.99000000,534.29082000
2026-05-15T00:00:00+00:00,81090.00000000,81664.45000000,81068.52000000,81518.67000000,578.54980000
2026-05-15T01:00:00+00:00,81518.66000000,81612.73000000,81106.20000000,81131.01000000,538.82284000
2026-05-15T02:00:00+00:00,81131.00000000,81350.00000000,80750.00000000,81299.14000000,829.40160000
2026-05-15T03:00:00+00:00,81299.14000000,81340.81000000,80930.82000000,81059.15000000,506.95135000
2026-05-15T04:00:00+00:00,81059.15000000,81100.00000000,80709.09000000,80724.71000000,367.57246000
2026-05-15T05:00:00+00:00,80724.71000000,80882.45000000,80314.00000000,80360.01000000,1029.21412000
2026-05-15T06:00:00+00:00,80360.01000000,80644.50000000,80314.01000000,80580.00000000,815.53271000
2026-05-15T07:00:00+00:00,80580.00000000,81003.37000000,80559.88000000,80814.88000000,878.78211000
2026-05-15T08:00:00+00:00,80814.88000000,80822.95000000,80415.84000000,80638.00000000,538.63644000
2026-05-15T09:00:00+00:00,80638.00000000,80670.51000000,80369.00000000,80489.80000000,471.66166000
2026-05-15T10:00:00+00:00,80489.81000000,80776.33000000,80407.60000000,80716.23000000,444.96934000
2026-05-15T11:00:00+00:00,80716.22000000,80750.56000000,80590.08000000,80628.53000000,250.99223000
2026-05-15T12:00:00+00:00,80628.52000000,80635.44000000,80340.83000000,80385.11000000,535.00082000
2026-05-15T13:00:00+00:00,80385.10000000,80385.11000000,78698.69000000,78758.59000000,3101.88518000
2026-05-15T14:00:00+00:00,78758.59000000,79353.32000000,78659.00000000,79150.37000000,1965.21031000
2026-05-15T15:00:00+00:00,79150.36000000,79369.36000000,79013.81000000,79150.27000000,606.47310000
2026-05-15T16:00:00+00:00,79150.26000000,79382.30000000,79131.01000000,79294.31000000,514.78679000
2026-05-15T17:00:00+00:00,79294.31000000,79504.83000000,79224.00000000,79460.00000000,478.80422000
2026-05-15T18:00:00+00:00,79460.00000000,79561.94000000,79170.47000000,79284.00000000,544.01093000
2026-05-15T19:00:00+00:00,79284.01000000,79290.00000000,79051.00000000,79146.50000000,421.75884000
2026-05-15T20:00:00+00:00,79146.50000000,79217.07000000,79000.00000000,79123.12000000,224.44355000
2026-05-15T21:00:00+00:00,79123.13000000,79200.00000000,78911.42000000,78973.50000000,682.32127000
2026-05-15T22:00:00+00:00,78973.50000000,79145.44000000,78973.49000000,79107.38000000,347.86808000
2026-05-15T23:00:00+00:00,79107.38000000,79161.86000000,79077.96000000,79113.21000000,677.62104000
2026-05-16T00:00:00+00:00,79113.20000000,79227.77000000,79075.09000000,79111.92000000,314.01240000
2026-05-16T01:00:00+00:00,79111.92000000,79186.05000000,79010.00000000,79168.00000000,357.20294000
2026-05-16T02:00:00+00:00,79168.00000000,79211.77000000,79080.10000000,79155.54000000,208.30505000
2026-05-16T03:00:00+00:00,79155.55000000,79187.71000000,79059.77000000,79083.18000000,368.66241000
2026-05-16T04:00:00+00:00,79083.19000000,79129.71000000,78860.00000000,79035.26000000,321.76822000
2026-05-16T05:00:00+00:00,79035.25000000,79039.49000000,78933.63000000,79027.37000000,183.05543000
2026-05-16T06:00:00+00:00,79027.36000000,79047.94000000,78459.87000000,78648.00000000,632.26156000
2026-05-16T07:00:00+00:00,78648.00000000,78651.63000000,78066.00000000,78369.77000000,1267.74437000
2026-05-16T08:00:00+00:00,78369.78000000,78530.52000000,78334.21000000,78426.56000000,379.04319000
2026-05-16T09:00:00+00:00,78426.55000000,78440.81000000,77906.10000000,78083.48000000,1104.43110000
2026-05-16T10:00:00+00:00,78083.47000000,78101.43000000,77640.00000000,77960.00000000,1759.70594000
2026-05-16T11:00:00+00:00,77959.99000000,78193.88000000,77959.99000000,78081.71000000,602.91980000
2026-05-16T12:00:00+00:00,78080.46000000,78133.38000000,77918.62000000,78007.23000000,791.53177000
2026-05-16T13:00:00+00:00,78007.24000000,78014.60000000,77833.40000000,78014.60000000,830.86287000
2026-05-16T14:00:00+00:00,78014.60000000,78346.00000000,77895.20000000,78130.55000000,729.04785000
2026-05-16T15:00:00+00:00,78130.55000000,78285.00000000,78078.22000000,78238.67000000,332.91477000
2026-05-16T16:00:00+00:00,78238.68000000,78364.65000000,78119.72000000,78205.96000000,328.10255000
2026-05-16T17:00:00+00:00,78205.96000000,78320.41000000,78199.00000000,78201.50000000,350.20669000
2026-05-16T18:00:00+00:00,78201.50000000,78327.75000000,78142.99000000,78229.81000000,310.63405000
2026-05-16T19:00:00+00:00,78229.82000000,78314.69000000,78204.22000000,78259.66000000,271.10252000
2026-05-16T20:00:00+00:00,78259.67000000,78318.94000000,78201.42000000,78261.00000000,194.34290000
2026-05-16T21:00:00+00:00,78261.00000000,78308.33000000,78206.85000000,78265.73000000,237.27188000
2026-05-16T22:00:00+00:00,78265.73000000,78279.28000000,78171.02000000,78186.25000000,128.79242000
2026-05-16T23:00:00+00:00,78186.25000000,78267.46000000,78125.32000000,78148.05000000,128.93924000
2026-05-17T00:00:00+00:00,78148.05000000,78243.19000000,77812.00000000,77945.85000000,311.59646000
2026-05-17T01:00:00+00:00,77945.85000000,78114.00000000,77721.19000000,77725.71000000,516.53667000
2026-05-17T02:00:00+00:00,77725.72000000,77938.00000000,77725.71000000,77895.51000000,256.64293000
2026-05-17T03:00:00+00:00,77895.50000000,78079.30000000,77888.00000000,78028.88000000,200.15322000
2026-05-17T04:00:00+00:00,78028.88000000,78203.93000000,78003.35000000,78158.09000000,375.99093000
2026-05-17T05:00:00+00:00,78158.08000000,78323.96000000,78102.42000000,78121.41000000,258.98839000
2026-05-17T06:00:00+00:00,78121.41000000,78204.01000000,78017.00000000,78104.80000000,136.86954000
2026-05-17T07:00:00+00:00,78104.79000000,78208.69000000,78053.79000000,78180.01000000,180.24659000
2026-05-17T08:00:00+00:00,78180.00000000,78200.91000000,78033.01000000,78089.80000000,117.37418000
2026-05-17T09:00:00+00:00,78089.80000000,78293.97000000,78073.52000000,78249.33000000,196.43485000
2026-05-17T10:00:00+00:00,78249.33000000,78599.99000000,78249.03000000,78465.99000000,564.92985000
2026-05-17T11:00:00+00:00,78465.99000000,78473.82000000,78289.00000000,78415.99000000,257.44450000
2026-05-17T12:00:00+00:00,78415.99000000,78550.00000000,78333.80000000,78364.83000000,254.43689000
2026-05-17T13:00:00+00:00,78364.83000000,78364.83000000,78173.15000000,78202.91000000,260.27625000
2026-05-17T14:00:00+00:00,78202.91000000,78217.33000000,77850.00000000,78051.51000000,397.56893000
2026-05-17T15:00:00+00:00,78051.51000000,78119.42000000,77920.76000000,78051.41000000,203.63392000
2026-05-17T16:00:00+00:00,78051.42000000,78193.66000000,78025.23000000,78034.36000000,142.87987000
2026-05-17T17:00:00+00:00,78034.37000000,78092.44000000,77856.69000000,78089.98000000,296.43890000
2026-05-17T18:00:00+00:00,78089.99000000,78271.59000000,78014.33000000,78268.05000000,172.43416000
2026-05-17T19:00:00+00:00,78268.04000000,78468.46000000,78209.96000000,78415.30000000,225.32283000
2026-05-17T20:00:00+00:00,78415.29000000,78435.32000000,78248.80000000,78277.36000000,205.39109000
2026-05-17T21:00:00+00:00,78277.36000000,78485.36000000,78243.50000000,78405.72000000,293.90051000
2026-05-17T22:00:00+00:00,78405.72000000,78414.16000000,77830.00000000,77997.24000000,585.78673000
2026-05-17T23:00:00+00:00,77997.24000000,78008.18000000,76735.16000000,77457.67000000,2031.42401000
2026-05-18T00:00:00+00:00,77457.67000000,77477.99000000,76916.60000000,77209.95000000,1062.83033000
2026-05-18T01:00:00+00:00,77209.95000000,77291.54000000,76744.95000000,77109.22000000,771.47833000
2026-05-18T02:00:00+00:00,77109.21000000,77222.03000000,76707.61000000,76835.41000000,544.67309000
2026-05-18T03:00:00+00:00,76835.41000000,77030.42000000,76817.14000000,76924.65000000,509.02980000
2026-05-18T04:00:00+00:00,76924.66000000,77069.77000000,76772.01000000,77038.49000000,354.48166000
2026-05-18T05:00:00+00:00,77038.49000000,77080.93000000,76884.33000000,76931.40000000,586.83852000
2026-05-18T06:00:00+00:00,76931.40000000,76967.80000000,76583.33000000,76912.52000000,621.71728000
2026-05-18T07:00:00+00:00,76912.53000000,77089.29000000,76771.53000000,77073.69000000,1139.62980000
2026-05-18T08:00:00+00:00,77073.69000000,77181.88000000,76890.34000000,77040.42000000,562.21651000
2026-05-18T09:00:00+00:00,77040.43000000,77048.14000000,76877.17000000,76933.16000000,365.74952000
2026-05-18T10:00:00+00:00,76933.17000000,76957.35000000,76716.99000000,76764.74000000,432.20236000
2026-05-18T11:00:00+00:00,76764.75000000,77403.48000000,76668.58000000,77285.83000000,692.38548000
2026-05-18T12:00:00+00:00,77285.83000000,77800.00000000,77275.96000000,77639.98000000,980.76582000
2026-05-18T13:00:00+00:00,77639.99000000,77639.99000000,76695.31000000,76937.70000000,1116.56330000
2026-05-18T14:00:00+00:00,76937.70000000,76954.25000000,76230.02000000,76393.65000000,2158.59337000
2026-05-18T15:00:00+00:00,76393.66000000,76485.29000000,76051.00000000,76409.46000000,1960.17489000
2026-05-18T16:00:00+00:00,76409.46000000,76665.68000000,76218.00000000,76410.01000000,1252.93830000
2026-05-18T17:00:00+00:00,76410.00000000,76757.21000000,76366.13000000,76706.39000000,450.87486000
2026-05-18T18:00:00+00:00,76706.38000000,76706.38000000,76144.24000000,76252.50000000,779.57136000
2026-05-18T19:00:00+00:00,76252.01000000,76995.00000000,76235.00000000,76928.00000000,812.47229000
2026-05-18T20:00:00+00:00,76928.00000000,77182.14000000,76874.73000000,76909.92000000,463.85785000
2026-05-18T21:00:00+00:00,76909.92000000,77174.23000000,76800.00000000,77103.05000000,491.73560000
2026-05-18T22:00:00+00:00,77103.04000000,77222.79000000,76937.19000000,77078.22000000,359.68174000
2026-05-18T23:00:00+00:00,77078.22000000,77160.79000000,76948.80000000,77001.87000000,275.05472000
2026-05-19T00:00:00+00:00,77001.88000000,77414.62000000,76955.99000000,77140.87000000,556.43712000
2026-05-19T01:00:00+00:00,77140.86000000,77156.20000000,76667.00000000,76667.01000000,769.46148000
2026-05-19T02:00:00+00:00,76667.01000000,76997.33000000,76487.83000000,76617.47000000,469.02583000
2026-05-19T03:00:00+00:00,76617.46000000,76867.23000000,76586.11000000,76787.11000000,211.83571000
2026-05-19T04:00:00+00:00,76787.10000000,76943.75000000,76700.00000000,76927.25000000,239.72033000
2026-05-19T05:00:00+00:00,76927.25000000,77000.00000000,76644.98000000,76911.24000000,392.43215000
2026-05-19T06:00:00+00:00,76911.25000000,77108.68000000,76886.13000000,77029.40000000,386.11356000
2026-05-19T07:00:00+00:00,77029.41000000,77278.57000000,76974.72000000,77233.69000000,490.19350000
2026-05-19T08:00:00+00:00,77233.68000000,77317.02000000,76972.96000000,77048.71000000,465.92336000
2026-05-19T09:00:00+00:00,77048.72000000,77074.05000000,76709.29000000,76818.80000000,385.08727000
2026-05-19T10:00:00+00:00,76818.80000000,77103.97000000,76704.00000000,77041.87000000,464.38738000
2026-05-19T11:00:00+00:00,77041.87000000,77076.53000000,76633.83000000,76714.62000000,430.29111000
2026-05-19T12:00:00+00:00,76714.61000000,76982.89000000,76650.06000000,76940.21000000,257.11004000
2026-05-19T13:00:00+00:00,76940.20000000,77048.72000000,76596.00000000,76872.75000000,906.63403000
2026-05-19T14:00:00+00:00,76872.74000000,77023.75000000,76144.71000000,76392.43000000,1426.24149000
2026-05-19T15:00:00+00:00,76392.43000000,76675.76000000,76337.97000000,76521.23000000,773.78391000
2026-05-19T16:00:00+00:00,76521.24000000,76911.00000000,76407.72000000,76894.59000000,568.91388000
2026-05-19T17:00:00+00:00,76894.59000000,77015.41000000,76759.39000000,76856.76000000,442.15826000
2026-05-19T18:00:00+00:00,76856.76000000,76947.20000000,76744.80000000,76803.28000000,282.19478000
2026-05-19T19:00:00+00:00,76803.28000000,77065.80000000,76765.14000000,76818.74000000,341.73224000
2026-05-19T20:00:00+00:00,76818.73000000,77040.24000000,76818.73000000,77022.23000000,147.68289000
2026-05-19T21:00:00+00:00,77022.22000000,77040.83000000,76973.76000000,76982.34000000,185.29058000
2026-05-19T22:00:00+00:00,76982.34000000,76982.34000000,76642.95000000,76712.21000000,233.07768000
2026-05-19T23:00:00+00:00,76712.22000000,76980.07000000,76670.52000000,76834.36000000,199.13120000
2026-05-20T00:00:00+00:00,76834.36000000,76896.50000000,76516.74000000,76788.83000000,236.25061000
2026-05-20T01:00:00+00:00,76788.83000000,76922.46000000,76536.59000000,76820.98000000,358.53384000
2026-05-20T02:00:00+00:00,76820.98000000,76909.62000000,76600.00000000,76690.42000000,293.25018000
2026-05-20T03:00:00+00:00,76690.42000000,76829.61000000,76604.99000000,76723.54000000,673.76637000
2026-05-20T04:00:00+00:00,76723.55000000,76836.82000000,76692.00000000,76780.37000000,365.31048000
2026-05-20T05:00:00+00:00,76780.37000000,77320.00000000,76780.37000000,77196.99000000,973.23466000
2026-05-20T06:00:00+00:00,77196.99000000,77422.00000000,77179.93000000,77414.11000000,528.12463000
2026-05-20T07:00:00+00:00,77414.10000000,77472.21000000,77241.13000000,77282.64000000,351.42212000
2026-05-20T08:00:00+00:00,77282.65000000,77635.52000000,77210.33000000,77458.04000000,548.89961000
2026-05-20T09:00:00+00:00,77458.05000000,77543.59000000,77365.94000000,77485.13000000,360.90275000
2026-05-20T10:00:00+00:00,77485.14000000,77663.00000000,77485.14000000,77517.45000000,409.79863000
2026-05-20T11:00:00+00:00,77517.46000000,77569.10000000,77328.20000000,77382.49000000,362.81092000
2026-05-20T12:00:00+00:00,77382.50000000,77748.05000000,77365.52000000,77617.26000000,377.41047000
2026-05-20T13:00:00+00:00,77617.26000000,77650.62000000,76968.05000000,77204.61000000,682.21238000
2026-05-20T14:00:00+00:00,77204.61000000,77574.29000000,76891.61000000,77446.08000000,1202.39421000
2026-05-20T15:00:00+00:00,77446.01000000,77853.04000000,77300.00000000,77455.46000000,777.75101000
2026-05-20T16:00:00+00:00,77455.45000000,77557.00000000,77018.38000000,77338.60000000,407.46410000
2026-05-20T17:00:00+00:00,77338.60000000,77713.66000000,77230.86000000,77568.95000000,501.34929000
2026-05-20T18:00:00+00:00,77568.95000000,77634.52000000,77398.63000000,77415.09000000,414.50917000
2026-05-20T19:00:00+00:00,77415.09000000,77709.68000000,77350.71000000,77667.49000000,388.96569000
2026-05-20T20:00:00+00:00,77667.49000000,77760.00000000,77476.19000000,77720.01000000,357.71030000
2026-05-20T21:00:00+00:00,77720.01000000,77766.60000000,77500.00000000,77500.01000000,158.00627000
2026-05-20T22:00:00+00:00,77500.01000000,77504.69000000,77226.61000000,77504.69000000,367.95652000
2026-05-20T23:00:00+00:00,77504.69000000,77559.34000000,77386.93000000,77552.23000000,198.22886000
2026-05-21T00:00:00+00:00,77552.24000000,78071.42000000,77525.00000000,77967.09000000,547.83434000
2026-05-21T01:00:00+00:00,77967.09000000,78173.15000000,77800.00000000,77863.85000000,453.71737000
2026-05-21T02:00:00+00:00,77863.85000000,78100.00000000,77820.10000000,77955.78000000,820.79860000
2026-05-21T03:00:00+00:00,77955.78000000,78098.85000000,77908.00000000,78078.72000000,441.60659000
2026-05-21T04:00:00+00:00,78078.72000000,78180.01000000,77965.36000000,78035.80000000,365.79347000
2026-05-21T05:00:00+00:00,78035.80000000,78147.07000000,77714.94000000,77828.00000000,390.37362000
2026-05-21T06:00:00+00:00,77828.00000000,77873.15000000,77533.45000000,77622.14000000,317.41875000
2026-05-21T07:00:00+00:00,77622.14000000,77901.06000000,77521.00000000,77889.01000000,380.50650000
2026-05-21T08:00:00+00:00,77889.01000000,78200.00000000,77885.53000000,77924.63000000,493.47370000
2026-05-21T09:00:00+00:00,77924.63000000,77977.53000000,77633.02000000,77633.02000000,277.92731000
2026-05-21T10:00:00+00:00,77633.03000000,77678.01000000,77190.09000000,77198.08000000,783.43483000
2026-05-21T11:00:00+00:00,77198.09000000,77372.00000000,77147.15000000,77189.10000000,380.03818000
2026-05-21T12:00:00+00:00,77189.10000000,77363.32000000,77080.72000000,77278.53000000,382.67307000
2026-05-21T13:00:00+00:00,77278.52000000,77358.05000000,76719.47000000,77122.68000000,862.17497000
2026-05-21T14:00:00+00:00,77122.67000000,77240.82000000,76788.80000000,76984.61000000,697.95187000
2026-05-21T15:00:00+00:00,76984.61000000,77402.12000000,76900.00000000,77259.46000000,411.10449000
2026-05-21T16:00:00+00:00,77259.45000000,77344.01000000,77008.75000000,77207.93000000,404.33559000
2026-05-21T17:00:00+00:00,77207.92000000,78098.16000000,77181.83000000,77869.38000000,1291.96294000
2026-05-21T18:00:00+00:00,77869.38000000,77922.01000000,77230.00000000,77387.74000000,559.91554000
2026-05-21T19:00:00+00:00,77387.74000000,77802.51000000,77365.97000000,77690.56000000,437.10444000
2026-05-21T20:00:00+00:00,77690.56000000,77804.75000000,77647.75000000,77705.81000000,144.76199000
2026-05-21T21:00:00+00:00,77705.80000000,77813.35000000,77645.40000000,77672.29000000,182.97007000
2026-05-21T22:00:00+00:00,77672.30000000,77750.61000000,77555.33000000,77628.00000000,130.38276000
2026-05-21T23:00:00+00:00,77628.01000000,77745.39000000,77534.43000000,77615.52000000,159.99742000
2026-05-22T00:00:00+00:00,77615.52000000,77628.38000000,77369.49000000,77373.57000000,228.62269000
2026-05-22T01:00:00+00:00,77373.57000000,77673.50000000,77327.28000000,77616.00000000,252.86608000
2026-05-22T02:00:00+00:00,77616.00000000,77728.01000000,77593.16000000,77673.36000000,244.81122000
2026-05-22T03:00:00+00:00,77673.37000000,77817.80000000,77673.36000000,77779.98000000,158.00162000
2026-05-22T04:00:00+00:00,77779.98000000,77900.00000000,77637.99000000,77655.42000000,475.76681000
2026-05-22T05:00:00+00:00,77655.43000000,77726.00000000,77454.56000000,77489.00000000,344.31720000
2026-05-22T06:00:00+00:00,77489.00000000,77525.85000000,77370.40000000,77423.41000000,542.83384000
2026-05-22T07:00:00+00:00,77423.41000000,77543.38000000,77288.77000000,77408.06000000,393.92568000
2026-05-22T08:00:00+00:00,77408.07000000,77535.00000000,77216.00000000,77267.38000000,509.65577000
2026-05-22T09:00:00+00:00,77267.39000000,77360.00000000,77200.00000000,77307.11000000,276.32946000
2026-05-22T10:00:00+00:00,77307.12000000,77363.01000000,77261.73000000,77312.00000000,275.01820000
2026-05-22T11:00:00+00:00,77311.99000000,77430.55000000,77184.45000000,77428.84000000,375.53110000
2026-05-22T12:00:00+00:00,77428.83000000,77584.94000000,77395.45000000,77533.90000000,317.41573000
2026-05-22T13:00:00+00:00,77533.91000000,77547.56000000,77130.99000000,77290.01000000,419.18989000
2026-05-22T14:00:00+00:00,77290.00000000,77290.00000000,76751.00000000,76774.23000000,1004.66190000
2026-05-22T15:00:00+00:00,76774.23000000,77030.64000000,76570.00000000,76790.59000000,872.56913000
2026-05-22T16:00:00+00:00,76790.60000000,77006.69000000,76767.00000000,76950.68000000,481.05047000
2026-05-22T17:00:00+00:00,76950.67000000,77093.72000000,76750.00000000,76750.00000000,322.37426000
2026-05-22T18:00:00+00:00,76750.01000000,76898.00000000,76101.00000000,76537.47000000,809.74159000
2026-05-22T19:00:00+00:00,76537.47000000,76590.68000000,75668.76000000,75860.44000000,1201.88912000
2026-05-22T20:00:00+00:00,75860.44000000,76080.95000000,75826.00000000,75984.47000000,415.32736000
2026-05-22T21:00:00+00:00,75984.47000000,76087.85000000,75926.20000000,75978.83000000,349.85112000
2026-05-22T22:00:00+00:00,75978.83000000,75978.84000000,75558.28000000,75737.52000000,473.52886000
2026-05-22T23:00:00+00:00,75737.53000000,75881.18000000,75359.18000000,75539.50000000,527.08224000
2026-05-23T00:00:00+00:00,75539.50000000,75635.59000000,75220.00000000,75352.64000000,828.38332000
2026-05-23T01:00:00+00:00,75352.64000000,75500.00000000,75350.00000000,75489.84000000,466.00374000
2026-05-23T02:00:00+00:00,75489.83000000,75581.27000000,75417.56000000,75572.07000000,334.42834000
2026-05-23T03:00:00+00:00,75572.07000000,75664.62000000,75563.33000000,75635.22000000,267.29386000
2026-05-23T04:00:00+00:00,75635.22000000,75650.63000000,75507.01000000,75539.77000000,198.60310000
2026-05-23T05:00:00+00:00,75539.77000000,75562.40000000,75469.89000000,75482.68000000,267.20559000
2026-05-23T06:00:00+00:00,75482.68000000,75501.09000000,75394.54000000,75398.33000000,189.47214000
2026-05-23T07:00:00+00:00,75398.33000000,75443.44000000,74289.60000000,74609.36000000,2035.70931000
2026-05-23T08:00:00+00:00,74609.37000000,74746.67000000,74303.56000000,74684.30000000,963.94720000
2026-05-23T09:00:00+00:00,74684.29000000,74752.45000000,74624.50000000,74656.91000000,431.50710000
2026-05-23T10:00:00+00:00,74656.91000000,74797.01000000,74656.91000000,74705.00000000,625.72233000
2026-05-23T11:00:00+00:00,74705.00000000,74873.55000000,74704.99000000,74789.99000000,487.91960000
2026-05-23T12:00:00+00:00,74789.99000000,74798.41000000,74660.05000000,74753.93000000,570.81814000
2026-05-23T13:00:00+00:00,74753.94000000,75262.86000000,74753.93000000,75213.90000000,815.89889000
2026-05-23T14:00:00+00:00,75213.90000000,75726.30000000,75108.15000000,75537.72000000,922.06012000
2026-05-23T15:00:00+00:00,75537.73000000,75676.00000000,75405.40000000,75520.00000000,634.72295000
2026-05-23T16:00:00+00:00,75519.99000000,75638.62000000,75415.17000000,75444.70000000,411.95204000
2026-05-23T17:00:00+00:00,75444.71000000,75522.00000000,75371.72000000,75488.18000000,566.20129000
2026-05-23T18:00:00+00:00,75488.17000000,75986.24000000,75472.04000000,75845.82000000,429.21806000
2026-05-23T19:00:00+00:00,75845.82000000,76012.22000000,75780.90000000,75983.45000000,364.90120000
2026-05-23T20:00:00+00:00,75983.45000000,77300.00000000,75953.94000000,77287.58000000,1242.58285000
2026-05-23T21:00:00+00:00,77286.08000000,77404.18000000,76538.04000000,76804.99000000,1147.59506000
2026-05-23T22:00:00+00:00,76805.00000000,76885.00000000,76396.06000000,76584.45000000,464.30329000
2026-05-23T23:00:00+00:00,76584.45000000,76822.00000000,76538.36000000,76752.01000000,420.43862000
2026-05-24T00:00:00+00:00,76752.00000000,76930.65000000,76629.02000000,76835.16000000,392.54327000
2026-05-24T01:00:00+00:00,76835.16000000,76921.45000000,76754.53000000,76890.04000000,225.24128000
2026-05-24T02:00:00+00:00,76890.04000000,76968.04000000,76704.32000000,76830.00000000,185.87406000
2026-05-24T03:00:00+00:00,76830.01000000,77011.62000000,76738.50000000,76750.00000000,248.04543000
2026-05-24T04:00:00+00:00,76750.01000000,76858.26000000,76730.00000000,76786.50000000,163.64327000
2026-05-24T05:00:00+00:00,76786.50000000,76861.78000000,76651.59000000,76822.23000000,202.16815000
2026-05-24T06:00:00+00:00,76822.23000000,77065.94000000,76716.02000000,76987.58000000,257.89170000
2026-05-24T07:00:00+00:00,76987.58000000,77014.24000000,76786.20000000,76799.99000000,193.96514000
2026-05-24T08:00:00+00:00,76799.99000000,76861.77000000,76734.42000000,76830.69000000,226.94949000
2026-05-24T09:00:00+00:00,76830.69000000,77046.67000000,76821.86000000,77020.53000000,369.92973000
2026-05-24T10:00:00+00:00,77020.54000000,77543.15000000,76927.04000000,77190.74000000,863.69953000
2026-05-24T11:00:00+00:00,77190.73000000,77356.62000000,77190.73000000,77320.06000000,285.66801000
2026-05-24T12:00:00+00:00,77320.06000000,77325.72000000,77044.73000000,77118.73000000,271.94108000
2026-05-24T13:00:00+00:00,77118.72000000,77127.54000000,76688.89000000,76802.23000000,474.39799000
2026-05-24T14:00:00+00:00,76802.23000000,76840.01000000,76195.36000000,76465.16000000,837.87651000
2026-05-24T15:00:00+00:00,76465.15000000,76539.38000000,76362.78000000,76371.59000000,398.04105000
2026-05-24T16:00:00+00:00,76371.59000000,76734.30000000,76371.59000000,76671.70000000,359.46109000
2026-05-24T17:00:00+00:00,76671.69000000,76799.99000000,76566.15000000,76693.34000000,249.31214000
2026-05-24T18:00:00+00:00,76693.34000000,76788.01000000,76596.00000000,76665.73000000,148.14196000
2026-05-24T19:00:00+00:00,76665.72000000,76783.51000000,76611.17000000,76773.34000000,125.12918000
2026-05-24T20:00:00+00:00,76773.33000000,76796.18000000,76596.37000000,76668.40000000,560.38206000
2026-05-24T21:00:00+00:00,76668.41000000,76748.12000000,76108.00000000,76151.14000000,497.80071000
2026-05-24T22:00:00+00:00,76151.14000000,77012.01000000,76132.00000000,76803.99000000,543.11534000
2026-05-24T23:00:00+00:00,76803.99000000,77225.97000000,76803.99000000,77064.96000000,316.78339000
2026-05-25T00:00:00+00:00,77064.96000000,77288.00000000,77064.95000000,77153.01000000,281.30951000
2026-05-25T01:00:00+00:00,77153.01000000,77245.67000000,76914.25000000,76945.27000000,574.42489000
2026-05-25T02:00:00+00:00,76945.28000000,77485.00000000,76945.28000000,77108.77000000,313.96478000
2026-05-25T03:00:00+00:00,77108.77000000,77169.88000000,77002.30000000,77026.67000000,198.70522000
2026-05-25T04:00:00+00:00,77026.68000000,77450.00000000,76990.78000000,77391.07000000,251.77406000
2026-05-25T05:00:00+00:00,77391.07000000,77498.00000000,77324.00000000,77407.00000000,306.77798000
2026-05-25T06:00:00+00:00,77406.99000000,77650.00000000,77222.22000000,77419.87000000,413.85927000
2026-05-25T07:00:00+00:00,77419.87000000,77520.00000000,77184.62000000,77401.12000000,376.11814000
2026-05-25T08:00:00+00:00,77401.11000000,77469.64000000,77280.32000000,77456.94000000,352.62980000
2026-05-25T09:00:00+00:00,77456.94000000,77699.97000000,77425.17000000,77604.56000000,369.10396000
2026-05-25T10:00:00+00:00,77604.56000000,77681.37000000,77490.37000000,77545.65000000,283.53522000
2026-05-25T11:00:00+00:00,77545.65000000,77545.65000000,77333.33000000,77357.50000000,209.17805000
2026-05-25T12:00:00+00:00,77357.50000000,77440.46000000,77286.50000000,77367.98000000,261.28583000
2026-05-25T13:00:00+00:00,77367.98000000,77450.00000000,77286.50000000,77341.05000000,199.52985000
2026-05-25T14:00:00+00:00,77341.05000000,77773.69000000,77304.84000000,77714.00000000,603.07815000
2026-05-25T15:00:00+00:00,77713.99000000,77905.52000000,77557.00000000,77628.82000000,499.50313000
2026-05-25T16:00:00+00:00,77628.82000000,77807.29000000,77508.88000000,77735.69000000,342.64397000
2026-05-25T17:00:00+00:00,77735.69000000,77804.48000000,77550.39000000,77564.01000000,278.21782000
2026-05-25T18:00:00+00:00,77564.00000000,77658.01000000,77543.38000000,77543.39000000,204.76460000
2026-05-25T19:00:00+00:00,77543.39000000,77543.39000000,77343.61000000,77441.86000000,295.53937000
2026-05-25T20:00:00+00:00,77441.85000000,77500.00000000,77220.00000000,77273.06000000,314.11527000
2026-05-25T21:00:00+00:00,77273.06000000,77396.08000000,77273.05000000,77367.03000000,183.92616000
2026-05-25T22:00:00+00:00,77367.03000000,77449.94000000,77019.82000000,77116.21000000,395.72227000
2026-05-25T23:00:00+00:00,77116.21000000,77367.44000000,77072.36000000,77322.01000000,162.61467000
2026-05-26T00:00:00+00:00,77322.01000000,77345.00000000,76575.49000000,76792.71000000,686.17714000
2026-05-26T01:00:00+00:00,76792.24000000,76888.01000000,76590.90000000,76756.98000000,342.05131000
2026-05-26T02:00:00+00:00,76756.98000000,76810.00000000,76512.98000000,76660.00000000,721.43857000
2026-05-26T03:00:00+00:00,76660.00000000,76705.71000000,76475.59000000,76664.01000000,396.14567000
2026-05-26T04:00:00+00:00,76664.00000000,76817.28000000,76606.79000000,76749.50000000,392.59093000
2026-05-26T05:00:00+00:00,76749.51000000,76989.23000000,76704.80000000,76930.01000000,556.04320000
2026-05-26T06:00:00+00:00,76930.00000000,77059.74000000,76775.00000000,76908.01000000,658.30833000
2026-05-26T07:00:00+00:00,76908.00000000,76924.55000000,76603.73000000,76730.84000000,436.26184000
2026-05-26T08:00:00+00:00,76730.84000000,76852.01000000,76693.21000000,76726.37000000,246.06951000
2026-05-26T09:00:00+00:00,76726.37000000,76804.00000000,76649.79000000,76672.19000000,350.52370000
2026-05-26T10:00:00+00:00,76672.20000000,77621.75000000,76586.94000000,77430.00000000,897.13516000
2026-05-26T11:00:00+00:00,77430.00000000,77516.93000000,77174.94000000,77183.55000000,403.26795000
2026-05-26T12:00:00+00:00,77183.56000000,77232.52000000,76877.94000000,77132.50000000,402.68245000
2026-05-26T13:00:00+00:00,77132.51000000,77464.01000000,76691.88000000,77231.56000000,659.96680000
2026-05-26T14:00:00+00:00,77231.56000000,78080.00000000,76724.63000000,76908.01000000,2020.17697000
2026-05-26T15:00:00+00:00,76908.01000000,77012.00000000,76272.63000000,76518.10000000,1751.25838000
2026-05-26T16:00:00+00:00,76518.10000000,76710.01000000,76209.58000000,76558.00000000,2070.02098000
2026-05-26T17:00:00+00:00,76558.00000000,76649.91000000,75850.00000000,75935.08000000,1190.65802000
2026-05-26T18:00:00+00:00,75935.09000000,76273.66000000,75779.30000000,75840.55000000,846.30902000
2026-05-26T19:00:00+00:00,75840.55000000,76104.49000000,75805.23000000,76052.00000000,581.71052000
2026-05-26T20:00:00+00:00,76052.00000000,76180.00000000,75982.64000000,76106.86000000,324.41575000
2026-05-26T21:00:00+00:00,76106.86000000,76117.31000000,75850.00000000,75890.00000000,275.58323000
2026-05-26T22:00:00+00:00,75890.00000000,75998.94000000,75677.97000000,75749.02000000,428.12169000
2026-05-26T23:00:00+00:00,75749.02000000,75986.45000000,75749.02000000,75930.01000000,316.55917000
2026-05-27T00:00:00+00:00,75930.01000000,76089.70000000,75872.71000000,76085.01000000,780.41682000
2026-05-27T01:00:00+00:00,76085.00000000,76104.02000000,75824.00000000,75877.44000000,573.72878000
2026-05-27T02:00:00+00:00,75877.44000000,75890.59000000,75682.99000000,75879.00000000,437.25803000
2026-05-27T03:00:00+00:00,75879.01000000,75966.91000000,75607.62000000,75683.00000000,612.84746000
2026-05-27T04:00:00+00:00,75683.00000000,75706.77000000,75310.90000000,75579.01000000,817.05359000
2026-05-27T05:00:00+00:00,75579.01000000,75739.36000000,75579.00000000,75697.99000000,490.56114000
2026-05-27T06:00:00+00:00,75697.99000000,75900.00000000,75690.01000000,75838.65000000,482.86494000
2026-05-27T07:00:00+00:00,75838.65000000,75980.00000000,75764.00000000,75977.17000000,433.92885000
2026-05-27T08:00:00+00:00,75977.16000000,76071.41000000,75843.02000000,75873.24000000,308.77238000
2026-05-27T09:00:00+00:00,75873.25000000,75978.01000000,75710.76000000,75912.60000000,294.26595000
2026-05-27T10:00:00+00:00,75912.61000000,76043.94000000,75880.00000000,75909.82000000,372.61961000
2026-05-27T11:00:00+00:00,75909.82000000,76029.24000000,75754.10000000,75769.18000000,316.01081000
2026-05-27T12:00:00+00:00,75769.18000000,76174.15000000,75575.75000000,75688.00000000,621.24106000
2026-05-27T13:00:00+00:00,75688.01000000,75760.00000000,74866.18000000,75073.40000000,2200.23684000
2026-05-27T14:00:00+00:00,75073.40000000,75274.11000000,74758.33000000,75031.92000000,1567.20208000
2026-05-27T15:00:00+00:00,75031.92000000,75502.29000000,74983.77000000,75326.01000000,797.52340000
2026-05-27T16:00:00+00:00,75326.02000000,75408.01000000,75000.00000000,75304.01000000,632.49097000
2026-05-27T17:00:00+00:00,75304.01000000,75344.01000000,74685.58000000,74860.42000000,1103.99219000
2026-05-27T18:00:00+00:00,74860.42000000,75032.01000000,74663.45000000,75026.67000000,549.25309000
2026-05-27T19:00:00+00:00,75026.67000000,75105.17000000,74952.36000000,75066.08000000,879.80197000
2026-05-27T20:00:00+00:00,75066.09000000,75415.81000000,75056.25000000,75274.58000000,389.41476000
2026-05-27T21:00:00+00:00,75274.58000000,75274.58000000,74341.76000000,74473.01000000,653.21971000
2026-05-27T22:00:00+00:00,74473.01000000,74775.50000000,74260.91000000,74418.13000000,624.64107000
2026-05-27T23:00:00+00:00,74418.12000000,74572.00000000,74243.99000000,74449.30000000,938.42933000
2026-05-28T00:00:00+00:00,74449.31000000,74580.00000000,74366.89000000,74570.66000000,476.29695000
2026-05-28T01:00:00+00:00,74570.67000000,74590.77000000,74156.00000000,74344.08000000,653.98384000
2026-05-28T02:00:00+00:00,74344.07000000,74400.00000000,74127.57000000,74287.42000000,717.91596000
2026-05-28T03:00:00+00:00,74287.43000000,74380.39000000,73060.59000000,73258.01000000,3879.74728000
2026-05-28T04:00:00+00:00,73258.00000000,73260.01000000,72728.85000000,73181.95000000,1588.42564000
2026-05-28T05:00:00+00:00,73181.95000000,73181.95000000,72908.67000000,72990.87000000,850.50171000
2026-05-28T06:00:00+00:00,72990.87000000,73213.11000000,72761.11000000,73202.70000000,1248.76931000
2026-05-28T07:00:00+00:00,73202.71000000,73512.14000000,73158.00000000,73498.00000000,1111.91354000
2026-05-28T08:00:00+00:00,73498.00000000,73500.00000000,73193.13000000,73325.88000000,567.79073000
2026-05-28T09:00:00+00:00,73325.88000000,73560.00000000,73261.60000000,73541.24000000,547.18862000
2026-05-28T10:00:00+00:00,73541.25000000,73616.00000000,73349.91000000,73400.01000000,495.53335000
2026-05-28T11:00:00+00:00,73400.01000000,73532.01000000,73319.36000000,73505.66000000,383.87102000
2026-05-28T12:00:00+00:00,73505.65000000,73580.75000000,73245.56000000,73518.01000000,454.53291000
2026-05-28T13:00:00+00:00,73518.01000000,73574.60000000,72771.64000000,73022.02000000,1277.58759000
2026-05-28T14:00:00+00:00,73022.01000000,73573.21000000,72582.82000000,73033.06000000,2189.62010000
2026-05-28T15:00:00+00:00,73033.06000000,73180.01000000,72700.00000000,72928.73000000,710.64433000
2026-05-28T16:00:00+00:00,72928.73000000,73440.67000000,72741.40000000,73440.67000000,821.59668000
2026-05-28T17:00:00+00:00,73440.66000000,73734.72000000,73316.31000000,73554.82000000,737.45631000
2026-05-28T18:00:00+00:00,73554.81000000,73749.69000000,73514.57000000,73652.88000000,517.48323000
2026-05-28T19:00:00+00:00,73652.87000000,73652.88000000,73381.81000000,73419.32000000,447.75042000
2026-05-28T20:00:00+00:00,73419.31000000,73721.45000000,73241.48000000,73579.99000000,441.85746000
2026-05-28T21:00:00+00:00,73580.00000000,73926.22000000,73560.45000000,73817.31000000,386.07817000
2026-05-28T22:00:00+00:00,73817.31000000,73949.22000000,73448.55000000,73464.80000000,445.66881000
2026-05-28T23:00:00+00:00,73464.80000000,73714.90000000,73464.79000000,73617.51000000,321.80630000
2026-05-29T00:00:00+00:00,73617.52000000,73854.77000000,73617.51000000,73716.37000000,592.13944000
2026-05-29T01:00:00+00:00,73716.37000000,73868.33000000,73463.52000000,73586.83000000,543.44041000
2026-05-29T02:00:00+00:00,73586.83000000,73646.68000000,73189.11000000,73225.06000000,716.13416000
2026-05-29T03:00:00+00:00,73225.07000000,73456.63000000,73225.07000000,73301.52000000,271.59006000
2026-05-29T04:00:00+00:00,73301.53000000,73508.97000000,73210.21000000,73507.69000000,462.74907000
2026-05-29T05:00:00+00:00,73507.68000000,73719.39000000,73500.00000000,73706.00000000,814.30980000
2026-05-29T06:00:00+00:00,73706.00000000,73939.19000000,73641.05000000,73786.32000000,283.07172000
2026-05-29T07:00:00+00:00,73786.32000000,73830.01000000,73373.37000000,73528.56000000,1081.67640000
2026-05-29T08:00:00+00:00,73528.55000000,73835.58000000,73524.00000000,73653.40000000,690.03943000
2026-05-29T09:00:00+00:00,73653.40000000,73902.85000000,73649.58000000,73744.96000000,506.90617000
2026-05-29T10:00:00+00:00,73744.96000000,73749.53000000,73588.13000000,73634.64000000,583.75086000
2026-05-29T11:00:00+00:00,73634.64000000,73700.41000000,73341.85000000,73487.98000000,417.09649000
2026-05-29T12:00:00+00:00,73487.98000000,73487.98000000,73202.00000000,73295.73000000,419.42757000
2026-05-29T13:00:00+00:00,73295.73000000,73346.04000000,72900.46000000,73135.70000000,883.40251000
2026-05-29T14:00:00+00:00,73135.70000000,73198.17000000,72512.49000000,73096.85000000,1512.76179000
2026-05-29T15:00:00+00:00,73096.84000000,74200.00000000,73008.98000000,73808.26000000,1809.34020000
2026-05-29T16:00:00+00:00,73808.25000000,74124.73000000,73565.73000000,74056.50000000,1160.72957000
2026-05-29T17:00:00+00:00,74056.49000000,74514.10000000,73925.33000000,73980.94000000,2917.46541000
2026-05-29T18:00:00+00:00,73980.94000000,74065.29000000,73187.25000000,73374.52000000,1065.50146000
2026-05-29T19:00:00+00:00,73374.51000000,73727.95000000,73239.36000000,73520.28000000,453.16949000
2026-05-29T20:00:00+00:00,73520.29000000,73760.00000000,73514.00000000,73673.61000000,155.12213000
2026-05-29T21:00:00+00:00,73673.62000000,73844.00000000,73408.80000000,73409.27000000,412.83689000
2026-05-29T22:00:00+00:00,73409.27000000,73571.81000000,73379.79000000,73483.52000000,662.84770000
2026-05-29T23:00:00+00:00,73483.51000000,73510.00000000,73320.00000000,73460.78000000,271.23268000
2026-05-30T00:00:00+00:00,73460.78000000,73579.82000000,73408.62000000,73498.80000000,545.20652000
2026-05-30T01:00:00+00:00,73498.80000000,73663.08000000,73472.80000000,73657.90000000,386.87772000
2026-05-30T02:00:00+00:00,73657.90000000,73786.70000000,73613.85000000,73786.69000000,268.52358000
2026-05-30T03:00:00+00:00,73786.70000000,73796.43000000,73524.01000000,73524.01000000,339.03494000
2026-05-30T04:00:00+00:00,73524.01000000,73575.00000000,73216.00000000,73402.84000000,466.81865000
2026-05-30T05:00:00+00:00,73402.85000000,73635.00000000,73346.85000000,73604.99000000,464.14797000
2026-05-30T06:00:00+00:00,73604.99000000,73709.91000000,73530.00000000,73584.99000000,331.33867000
2026-05-30T07:00:00+00:00,73584.99000000,73588.20000000,73486.00000000,73548.60000000,225.56478000
2026-05-30T08:00:00+00:00,73548.60000000,73567.59000000,73500.02000000,73530.07000000,274.14087000
2026-05-30T09:00:00+00:00,73530.07000000,73615.47000000,73503.07000000,73615.46000000,201.26346000
2026-05-30T10:00:00+00:00,73615.46000000,73680.75000000,73592.57000000,73655.85000000,283.97060000
2026-05-30T11:00:00+00:00,73655.85000000,73655.86000000,73564.62000000,73602.02000000,317.10370000
2026-05-30T12:00:00+00:00,73602.01000000,73717.07000000,73594.40000000,73698.18000000,369.23500000
2026-05-30T13:00:00+00:00,73698.17000000,73837.06000000,73676.10000000,73829.31000000,249.39427000
2026-05-30T14:00:00+00:00,73829.31000000,74100.00000000,73820.91000000,73929.11000000,565.07041000
2026-05-30T15:00:00+00:00,73929.11000000,74042.88000000,73836.70000000,73930.14000000,301.39896000
2026-05-30T16:00:00+00:00,73930.13000000,73985.84000000,73880.10000000,73934.99000000,193.46997000
2026-05-30T17:00:00+00:00,73935.00000000,74047.26000000,73811.30000000,74020.07000000,308.74992000
2026-05-30T18:00:00+00:00,74020.06000000,74143.76000000,73945.00000000,74043.38000000,188.56655000
2026-05-30T19:00:00+00:00,74043.39000000,74072.00000000,73971.30000000,74016.65000000,145.42131000
2026-05-30T20:00:00+00:00,74016.64000000,74016.65000000,73926.68000000,73979.84000000,104.99480000
2026-05-30T21:00:00+00:00,73979.85000000,74054.00000000,73929.07000000,73981.99000000,224.47070000
2026-05-30T22:00:00+00:00,73981.99000000,73982.00000000,73796.01000000,73883.30000000,391.66756000
2026-05-30T23:00:00+00:00,73883.30000000,73995.98000000,73781.30000000,73884.38000000,368.97818000
2026-05-31T00:00:00+00:00,73884.38000000,74041.72000000,73858.56000000,74038.20000000,241.35407000
2026-05-31T01:00:00+00:00,74038.20000000,74275.66000000,74028.64000000,74058.01000000,363.47802000
2026-05-31T02:00:00+00:00,74058.01000000,74243.94000000,73890.49000000,74090.84000000,304.85670000
2026-05-31T03:00:00+00:00,74090.84000000,74226.78000000,74074.05000000,74150.64000000,189.87382000
2026-05-31T04:00:00+00:00,74150.64000000,74221.33000000,74109.00000000,74178.40000000,194.38913000
2026-05-31T05:00:00+00:00,74178.41000000,74207.20000000,74055.16000000,74055.98000000,231.70947000
2026-05-31T06:00:00+00:00,74055.99000000,74109.39000000,73985.34000000,74054.87000000,141.21825000
2026-05-31T07:00:00+00:00,74054.86000000,74054.87000000,73836.00000000,73871.24000000,302.07421000
2026-05-31T08:00:00+00:00,73871.25000000,73980.00000000,73850.05000000,73937.61000000,348.32905000
2026-05-31T09:00:00+00:00,73937.62000000,74024.00000000,73813.44000000,73841.79000000,323.04158000
2026-05-31T10:00:00+00:00,73841.79000000,73900.00000000,73699.20000000,73900.00000000,400.29833000
2026-05-31T11:00:00+00:00,73900.00000000,73972.00000000,73899.99000000,73937.79000000,178.92390000
2026-05-31T12:00:00+00:00,73937.63000000,73995.88000000,73874.00000000,73920.00000000,222.22652000
2026-05-31T13:00:00+00:00,73920.00000000,74023.99000000,73807.43000000,73872.80000000,178.44734000
2026-05-31T14:00:00+00:00,73872.80000000,73872.80000000,73483.05000000,73602.17000000,681.72491000
2026-05-31T15:00:00+00:00,73602.18000000,73775.79000000,73588.80000000,73655.21000000,266.93299000
2026-05-31T16:00:00+00:00,73655.20000000,73730.00000000,73400.00000000,73526.14000000,319.75425000
2026-05-31T17:00:00+00:00,73526.15000000,73734.00000000,73466.67000000,73709.44000000,195.46974000
2026-05-31T18:00:00+00:00,73709.43000000,73713.34000000,73585.49000000,73603.69000000,214.37074000
2026-05-31T19:00:00+00:00,73603.68000000,73649.93000000,73456.48000000,73563.42000000,255.80848000
2026-05-31T20:00:00+00:00,73563.41000000,73760.00000000,73563.41000000,73739.66000000,381.56410000
2026-05-31T21:00:00+00:00,73739.67000000,73924.00000000,73626.67000000,73892.52000000,391.01047000
2026-05-31T22:00:00+00:00,73892.52000000,73997.56000000,73686.00000000,73944.62000000,284.29172000
2026-05-31T23:00:00+00:00,73944.62000000,74198.00000000,73500.00000000,73674.39000000,375.30928000
